#include "webscreen.h"

#ifndef LV_ATTRIBUTE_MEM_ALIGN
#define LV_ATTRIBUTE_MEM_ALIGN
#endif

#ifndef LV_ATTRIBUTE_IMG_WEBSCREEN
#define LV_ATTRIBUTE_IMG_WEBSCREEN
#endif

/* 440x56, LV_COLOR_FORMAT_RGB565A8: RGB565 color plane followed by A8 plane
 * (converted from the LVGL 8 TRUE_COLOR_ALPHA interleaved asset). */
const LV_ATTRIBUTE_MEM_ALIGN LV_ATTRIBUTE_LARGE_CONST LV_ATTRIBUTE_IMG_WEBSCREEN uint8_t webscreen_map[] = {
  0x02, 0x00, 0x02, 0x00, 0x02, 0x00, 0x22, 0x00, 0xe4, 0x00, 0x6a, 0x02, 0x0d, 0x03, 0x2d, 0x03,
  0x2d, 0x03, 0x2d, 0x03, 0x2d, 0x03, 0x2d, 0x03, 0x2d, 0x03, 0x2d, 0x03, 0x2d, 0x03, 0x2d, 0x03,
  0x2d, 0x03, 0x0d, 0x03, 0xcb, 0x02, 0xa7, 0x01, 0x01, 0x00, 0x02, 0x00, 0x02, 0x00, 0x02, 0x00,
  0x02, 0x00, 0x02, 0x00, 0x02, 0x00, 0x02, 0x00, 0x02, 0x00, 0x02, 0x00, 0x02, 0x00, 0x02, 0x00,
  0x02, 0x00, 0x02, 0x00, 0x02, 0x00, 0x02, 0x00, 0x02, 0x00, 0x22, 0x00, 0x42, 0x00, 0x66, 0x01,
  0xcb, 0x02, 0x2d, 0x03, 0x2d, 0x03, 0x2d, 0x03, 0x2d, 0x03, 0x2d, 0x03, 0x2d, 0x03, 0x2d, 0x03,
  0x2d, 0x03, 0x2d, 0x03, 0x2d, 0x03, 0x2d, 0x03, 0xec, 0x02, 0x29, 0x02, 0x42, 0x00, 0x02, 0x00,
  0x02, 0x00, 0x02, 0x00, 0x02, 0x00, 0x02, 0x00, 0x02, 0x00, 0x02, 0x00, 0x02, 0x00, 0x42, 0x00,
  0x08, 0x02, 0xec, 0x02, 0x2d, 0x03, 0x2d, 0x03, 0x2d, 0x03, 0x2d, 0x03, 0x2d, 0x03, 0x2d, 0x03,
  0x2d, 0x03, 0x2d, 0x03, 0x2d, 0x03, 0x2d, 0x03, 0x2d, 0x03, 0x2d, 0x03, 0x2d, 0x03, 0x2d, 0x03,
  0x2d, 0x03, 0x2d, 0x03, 0x2d, 0x03, 0x2d, 0x03, 0x2d, 0x03, 0x2d, 0x03, 0x2d, 0x03, 0x2d, 0x03,
  0x2d, 0x03, 0x2d, 0x03, 0x2d, 0x03, 0x2d, 0x03, 0x2d, 0x03, 0x2d, 0x03, 0x2d, 0x03, 0x2d, 0x03,
  0x2d, 0x03, 0x2d, 0x03, 0x2d, 0x03, 0xec, 0x02, 0xe8, 0x01, 0x42, 0x00, 0x02, 0x00, 0x02, 0x00,
  0x02, 0x00, 0x02, 0x00, 0x02, 0x00, 0x02, 0x00, 0x22, 0x00, 0x22, 0x00, 0xc7, 0x01, 0xcc, 0x02,
  0x2d, 0x03, 0x2d, 0x03, 0x2d, 0x03, 0x2d, 0x03, 0x2d, 0x03, 0x2d, 0x03, 0x2d, 0x03, 0x2d, 0x03,
  0x2d, 0x03, 0x2d, 0x03, 0x2d, 0x03, 0x2d, 0x03, 0x2d, 0x03, 0x2d, 0x03, 0x2d, 0x03, 0x2d, 0x03,
  0x2d, 0x03, 0x2d, 0x03, 0x2d, 0x03, 0x2d, 0x03, 0x2d, 0x03, 0x2d, 0x03, 0x2d, 0x03, 0x0d, 0x03,
  0xec, 0x02, 0xcb, 0x02, 0x8a, 0x02, 0x08, 0x02, 0x66, 0x01, 0xc3, 0x00, 0x22, 0x00, 0x22, 0x00,
  0x22, 0x00, 0x02, 0x00, 0x02, 0x00, 0x02, 0x00, 0x02, 0x00, 0x02, 0x00, 0x02, 0x00, 0x02, 0x00,
  0x02, 0x00, 0x02, 0x00, 0x02, 0x00, 0x02, 0x00, 0x02, 0x00, 0x02, 0x00, 0x02, 0x00, 0x02, 0x00,
  0x02, 0x00, 0x02, 0x00, 0x02, 0x00, 0x02, 0x00, 0x02, 0x00, 0x22, 0x00, 0x22, 0x00, 0x42, 0x00,
  0x04, 0x01, 0xc7, 0x01, 0x49, 0x02, 0xab, 0x02, 0xec, 0x02, 0x0c, 0x03, 0x2d, 0x03, 0x2d, 0x03,
  0x2d, 0x03, 0x2d, 0x03, 0x2d, 0x03, 0x2d, 0x03, 0x2d, 0x03, 0x2d, 0x03, 0x2d, 0x03, 0x2d, 0x03,
  0x2d, 0x03, 0x2d, 0x03, 0x2d, 0x03, 0x2d, 0x03, 0x2d, 0x03, 0x2d, 0x03, 0x2d, 0x03, 0x2d, 0x03,
  0x2d, 0x03, 0x2d, 0x03, 0x0d, 0x03, 0x6a, 0x02, 0xe4, 0x00, 0x22, 0x00, 0x02, 0x00, 0x02, 0x00,
  0x02, 0x00, 0x02, 0x00, 0x02, 0x00, 0x02, 0x00, 0x02, 0x00, 0x02, 0x00, 0x02, 0x00, 0x02, 0x00,
  0x02, 0x00, 0x02, 0x00, 0x02, 0x00, 0x02, 0x00, 0x22, 0x00, 0x22, 0x00, 0x22, 0x00, 0x62, 0x00,
  0x24, 0x01, 0xa7, 0x01, 0x29, 0x02, 0x8a, 0x02, 0xcb, 0x02, 0xec, 0x02, 0x0d, 0x03, 0x2d, 0x03,
  0x2d, 0x03, 0x2d, 0x03, 0x2d, 0x03, 0x2d, 0x03, 0x2d, 0x03, 0x2d, 0x03, 0x2d, 0x03, 0x2d, 0x03,
  0x2d, 0x03, 0x2d, 0x03, 0x2d, 0x03, 0x2d, 0x03, 0x2d, 0x03, 0x2d, 0x03, 0x2d, 0x03, 0x2d, 0x03,
  0x2d, 0x03, 0xec, 0x02, 0xc8, 0x01, 0x42, 0x00, 0x02, 0x00, 0x02, 0x00, 0x02, 0x00, 0x02, 0x00,
  0x02, 0x00, 0x02, 0x00, 0x02, 0x00, 0xe4, 0x00, 0x49, 0x02, 0x0c, 0x03, 0x2d, 0x03, 0x2d, 0x03,
  0x2d, 0x03, 0x2d, 0x03, 0x2d, 0x03, 0x2d, 0x03, 0x2d, 0x03, 0x2d, 0x03, 0x2d, 0x03, 0x2d, 0x03,
  0x2d, 0x03, 0x2d, 0x03, 0x2d, 0x03, 0x2d, 0x03, 0x2d, 0x03, 0x2d, 0x03, 0x2d, 0x03, 0x2d, 0x03,
  0x2d, 0x03, 0x2d, 0x03, 0x2d, 0x03, 0x2d, 0x03, 0x2d, 0x03, 0x2d, 0x03, 0x0d, 0x03, 0xec, 0x0a,
  0xab, 0x02, 0x49, 0x02, 0xc7, 0x01, 0x25, 0x01, 0x83, 0x00, 0x22, 0x00, 0x22, 0x00, 0x02, 0x00,
  0x02, 0x00, 0x02, 0x00, 0x02, 0x00, 0x02, 0x00, 0x02, 0x00, 0x02, 0x00, 0x02, 0x00, 0x02, 0x00,
  0x02, 0x00, 0x02, 0x00, 0x02, 0x00, 0x02, 0x00, 0x02, 0x00, 0x02, 0x00, 0x22, 0x00, 0x01, 0x00,
  0x86, 0x01, 0xab, 0x02, 0x0d, 0x03, 0x2d, 0x03, 0x2d, 0x03, 0x2d, 0x03, 0x2d, 0x03, 0x2d, 0x03,
  0x2d, 0x03, 0x2d, 0x03, 0x2d, 0x03, 0x2d, 0x03, 0x2d, 0x03, 0x2d, 0x03, 0x2d, 0x03, 0x2d, 0x03,
  0x2d, 0x03, 0x2d, 0x03, 0x2d, 0x03, 0x2d, 0x03, 0x2d, 0x03, 0x2d, 0x03, 0x2d, 0x03, 0x2d, 0x03,
  0x2d, 0x03, 0x2d, 0x03, 0x2d, 0x03, 0x2d, 0x03, 0x2d, 0x03, 0x2d, 0x03, 0x2d, 0x03, 0x2d, 0x03,
  0x2d, 0x03, 0x2d, 0x03, 0x2d, 0x03, 0x0d, 0x03, 0x6a, 0x02, 0x05, 0x01, 0x01, 0x00, 0x02, 0x00,
  0x02, 0x00, 0x02, 0x00, 0x02, 0x00, 0x02, 0x00, 0x02, 0x00, 0x22, 0x00, 0x05, 0x01, 0x8a, 0x02,
  0x0d, 0x03, 0x2d, 0x03, 0x2d, 0x03, 0x2d, 0x03, 0x2d, 0x03, 0x2d, 0x03, 0x2d, 0x03, 0x2d, 0x03,
  0x2d, 0x03, 0x2d, 0x03, 0x2d, 0x03, 0x2d, 0x03, 0x2d, 0x03, 0x2d, 0x03, 0x2d, 0x03, 0x2d, 0x03,
  0x2d, 0x03, 0x2d, 0x03, 0x2d, 0x03, 0x2d, 0x03, 0x2d, 0x03, 0x2d, 0x03, 0x2d, 0x03, 0x2d, 0x03,
  0x2d, 0x03, 0x2d, 0x03, 0x2d, 0x03, 0x2d, 0x03, 0x2d, 0x03, 0x2d, 0x03, 0x2d, 0x03, 0x2d, 0x03,
  0x2d, 0x03, 0x0d, 0x03, 0xab, 0x02, 0x46, 0x01, 0x02, 0x00, 0x02, 0x00, 0x02, 0x00, 0x02, 0x00,
  0x02, 0x00, 0x02, 0x00, 0x02, 0x00, 0x22, 0x00, 0xa3, 0x00, 0x4a, 0x02, 0x0c, 0x03, 0x2d, 0x03,
  0x2d, 0x03, 0x2d, 0x03, 0x2d, 0x03, 0x2d, 0x03, 0x2d, 0x03, 0x2d, 0x03, 0x0d, 0x03, 0xab, 0x02,
  0xe8, 0x01, 0x83, 0x00, 0x22, 0x00, 0x02, 0x00, 0x02, 0x00, 0x02, 0x00, 0x02, 0x00, 0x02, 0x00,
  0x02, 0x00, 0x02, 0x00, 0x02, 0x00, 0x02, 0x00, 0x02, 0x00, 0x02, 0x00, 0x22, 0x00, 0x01, 0x00,
  0x25, 0x01, 0x8a, 0x02, 0x0d, 0x03, 0x2d, 0x03, 0x2d, 0x03, 0x2d, 0x03, 0x2d, 0x03, 0x2d, 0x03,
  0x2d, 0x03, 0x2d, 0x03, 0x2d, 0x03, 0x2d, 0x03, 0x2d, 0x03, 0x0d, 0x03, 0x8a, 0x02, 0xe4, 0x00,
  0x02, 0x00, 0x02, 0x00, 0x22, 0x08, 0x63, 0x20, 0x0d, 0x3b, 0x9b, 0x3e, 0x9e, 0x3f, 0x9e, 0x3f,
  0x9e, 0x3f, 0x9e, 0x3f, 0x9e, 0x3f, 0x9e, 0x3f, 0x9e, 0x3f, 0x9e, 0x3f, 0x9e, 0x3f, 0x9e, 0x3f,
  0x9e, 0x37, 0xbf, 0x1f, 0x7d, 0x07, 0x55, 0x05, 0x05, 0x01, 0x01, 0x00, 0x22, 0x00, 0x02, 0x00,
  0x02, 0x00, 0x02, 0x00, 0x02, 0x00, 0x02, 0x00, 0x02, 0x00, 0x02, 0x00, 0x02, 0x00, 0x02, 0x00,
  0x02, 0x00, 0x02, 0x00, 0x02, 0x00, 0x02, 0x00, 0x02, 0x00, 0x22, 0x08, 0x26, 0x31, 0x52, 0x3c,
  0x5d, 0x3f, 0x9e, 0x3f, 0x9e, 0x3f, 0x9e, 0x3f, 0x9e, 0x3f, 0x9e, 0x3f, 0x9e, 0x3f, 0x9e, 0x3f,
  0x9e, 0x3f, 0x9e, 0x3f, 0x9e, 0x37, 0xbf, 0x27, 0x9e, 0x07, 0x39, 0x06, 0x29, 0x02, 0x00, 0x00,
  0x22, 0x00, 0x02, 0x00, 0x02, 0x00, 0x02, 0x00, 0x02, 0x00, 0x22, 0x00, 0x02, 0x18, 0xc9, 0x31,
  0xf8, 0x3d, 0x7e, 0x3f, 0x9e, 0x3f, 0x9e, 0x3f, 0x9e, 0x3f, 0x9e, 0x3f, 0x9e, 0x3f, 0x9e, 0x3f,
  0x9e, 0x3f, 0x9e, 0x3f, 0x9e, 0x3f, 0x9e, 0x3f, 0x9e, 0x3f, 0x9e, 0x3f, 0x9e, 0x3f, 0x9e, 0x3f,
  0x9e, 0x3f, 0x9e, 0x3f, 0x9e, 0x3f, 0x9e, 0x3f, 0x9e, 0x3f, 0x9e, 0x3f, 0x9e, 0x3f, 0x9e, 0x3f,
  0x9e, 0x3f, 0x9e, 0x3f, 0x9e, 0x3f, 0x9e, 0x3f, 0x9e, 0x3f, 0x9e, 0x3f, 0x9e, 0x3f, 0x9e, 0x3f,
  0x9e, 0x3f, 0x9e, 0x37, 0x9f, 0x27, 0x9e, 0x07, 0xd7, 0x05, 0x29, 0x02, 0x00, 0x00, 0x22, 0x00,
  0x02, 0x00, 0x02, 0x00, 0x02, 0x00, 0x22, 0x00, 0x02, 0x10, 0xc5, 0x30, 0x35, 0x3d, 0x3d, 0x3f,
  0x9e, 0x3f, 0x9e, 0x3f, 0x9e, 0x3f, 0x9e, 0x3f, 0x9e, 0x3f, 0x9e, 0x3f, 0x9e, 0x3f, 0x9e, 0x3f,
  0x9e, 0x3f, 0x9e, 0x3f, 0x9e, 0x3f, 0x9e, 0x3f, 0x9e, 0x3f, 0x9e, 0x3f, 0x9e, 0x3f, 0x9e, 0x3f,
  0x9e, 0x3f, 0x9e, 0x3f, 0x9e, 0x3f, 0x9e, 0x3f, 0x9e, 0x3f, 0x9e, 0x3f, 0x9e, 0x37, 0x9e, 0x37,
  0x9e, 0x2f, 0x9e, 0x1f, 0x1c, 0x0f, 0x39, 0x06, 0xf4, 0x04, 0xaf, 0x03, 0x8a, 0x02, 0x66, 0x01,
  0x42, 0x00, 0x02, 0x00, 0x02, 0x00, 0x02, 0x00, 0x02, 0x00, 0x02, 0x00, 0x02, 0x00, 0x02, 0x00,
  0x02, 0x00, 0x02, 0x00, 0x02, 0x00, 0x02, 0x00, 0x02, 0x00, 0x02, 0x00, 0x02, 0x00, 0x02, 0x00,
  0x02, 0x00, 0x02, 0x00, 0x02, 0x00, 0x02, 0x00, 0x22, 0x00, 0xa3, 0x00, 0xa7, 0x01, 0xab, 0x0a,
  0xf1, 0x1b, 0x76, 0x2d, 0x7a, 0x36, 0x3d, 0x3f, 0x7e, 0x3f, 0x7e, 0x3f, 0x9e, 0x3f, 0x9e, 0x3f,
  0x9e, 0x3f, 0x9e, 0x3f, 0x9e, 0x3f, 0x9e, 0x3f, 0x9e, 0x3f, 0x9e, 0x3f, 0x9e, 0x3f, 0x9e, 0x3f,
  0x9e, 0x3f, 0x9e, 0x3f, 0x9e, 0x3f, 0x9e, 0x3f, 0x9e, 0x3f, 0x9e, 0x3f, 0x9e, 0x3f, 0x9e, 0x3f,
  0x9e, 0x3f, 0x9e, 0x2f, 0xbf, 0x0f, 0xfc, 0x06, 0x4e, 0x03, 0xa3, 0x00, 0x22, 0x00, 0x02, 0x00,
  0x02, 0x00, 0x02, 0x00, 0x02, 0x00, 0x02, 0x00, 0x02, 0x00, 0x02, 0x00, 0x02, 0x00, 0x02, 0x00,
  0x02, 0x00, 0x02, 0x00, 0x02, 0x00, 0x22, 0x00, 0x42, 0x00, 0x25, 0x01, 0x09, 0x02, 0xed, 0x0a,
  0x11, 0x1c, 0x55, 0x25, 0x59, 0x2e, 0x1c, 0x37, 0x5d, 0x3f, 0x7e, 0x3f, 0x9e, 0x3f, 0x9e, 0x3f,
  0x9e, 0x3f, 0x9e, 0x3f, 0x9e, 0x3f, 0x9e, 0x3f, 0x9e, 0x3f, 0x9e, 0x3f, 0x9e, 0x3f, 0x9e, 0x3f,
  0x9e, 0x3f, 0x9e, 0x3f, 0x9e, 0x3f, 0x9e, 0x3f, 0x9e, 0x3f, 0x9e, 0x3f, 0x9e, 0x3f, 0x9e, 0x37,
  0x9f, 0x1f, 0x9e, 0x07, 0xb7, 0x05, 0xa7, 0x01, 0x22, 0x00, 0x22, 0x00, 0x02, 0x00, 0x02, 0x00,
  0x02, 0x00, 0x02, 0x00, 0x02, 0x18, 0x0d, 0x33, 0x39, 0x3e, 0x9e, 0x3f, 0x9e, 0x3f, 0x9e, 0x3f,
  0x9e, 0x3f, 0x9e, 0x3f, 0x9e, 0x3f, 0x9e, 0x3f, 0x9e, 0x3f, 0x9e, 0x3f, 0x9e, 0x3f, 0x9e, 0x3f,
  0x9e, 0x3f, 0x9e, 0x3f, 0x9e, 0x3f, 0x9e, 0x3f, 0x9e, 0x3f, 0x9e, 0x3f, 0x9e, 0x3f, 0x9e, 0x3f,
  0x9e, 0x3f, 0x9e, 0x3f, 0x9e, 0x3f, 0x9e, 0x3f, 0x9e, 0x3f, 0x9e, 0x37, 0x9e, 0x2f, 0x9e, 0x27,
  0x7e, 0x1f, 0xdb, 0x0e, 0xd7, 0x05, 0x93, 0x04, 0x4e, 0x03, 0x29, 0x02, 0xe4, 0x00, 0x22, 0x00,
  0x22, 0x00, 0x02, 0x00, 0x02, 0x00, 0x02, 0x00, 0x02, 0x00, 0x02, 0x00, 0x02, 0x00, 0x02, 0x00,
  0x02, 0x00, 0x02, 0x00, 0x02, 0x00, 0x02, 0x00, 0x02, 0x00, 0x02, 0x00, 0x01, 0x08, 0x03, 0x28,
  0xb3, 0x3c, 0x1c, 0x3f, 0x9e, 0x3f, 0x9e, 0x3f, 0x9e, 0x3f, 0x9e, 0x3f, 0x9e, 0x3f, 0x9e, 0x3f,
  0x9e, 0x3f, 0x9e, 0x3f, 0x9e, 0x3f, 0x9e, 0x3f, 0x9e, 0x3f, 0x9e, 0x3f, 0x9e, 0x3f, 0x9e, 0x3f,
  0x9e, 0x3f, 0x9e, 0x3f, 0x9e, 0x3f, 0x9e, 0x3f, 0x9e, 0x3f, 0x9e, 0x3f, 0x9e, 0x3f, 0x9e, 0x3f,
  0x9e, 0x3f, 0x9e, 0x3f, 0x9e, 0x3f, 0x9e, 0x3f, 0x9e, 0x3f, 0x9e, 0x3f, 0x9e, 0x3f, 0x9e, 0x3f,
  0x9e, 0x3f, 0x9e, 0x3f, 0x9e, 0x2f, 0xbf, 0x0f, 0xbb, 0x06, 0xcf, 0x03, 0x00, 0x00, 0x02, 0x00,
  0x02, 0x00, 0x02, 0x00, 0x02, 0x00, 0x02, 0x00, 0x22, 0x00, 0x23, 0x20, 0x8f, 0x3b, 0xfc, 0x3e,
  0x9e, 0x3f, 0x9e, 0x3f, 0x9e, 0x3f, 0x9e, 0x3f, 0x9e, 0x3f, 0x9e, 0x3f, 0x9e, 0x3f, 0x9e, 0x3f,
  0x9e, 0x3f, 0x9e, 0x3f, 0x9e, 0x3f, 0x9e, 0x3f, 0x9e, 0x3f, 0x9e, 0x3f, 0x9e, 0x3f, 0x9e, 0x3f,
  0x9e, 0x3f, 0x9e, 0x3f, 0x9e, 0x3f, 0x9e, 0x3f, 0x9e, 0x3f, 0x9e, 0x3f, 0x9e, 0x3f, 0x9e, 0x3f,
  0x9e, 0x3f, 0x9e, 0x3f, 0x9e, 0x3f, 0x9e, 0x3f, 0x9e, 0x3f, 0x9e, 0x3f, 0x9e, 0x3f, 0x9e, 0x3f,
  0x9e, 0x37, 0xbf, 0x17, 0x3d, 0x07, 0x72, 0x04, 0xc4, 0x00, 0x01, 0x00, 0x22, 0x00, 0x02, 0x00,
  0x02, 0x00, 0x02, 0x00, 0x22, 0x00, 0x43, 0x18, 0x6b, 0x32, 0x9a, 0x3e, 0x7e, 0x3f, 0x9e, 0x3f,
  0x9e, 0x3f, 0x9e, 0x3f, 0x9e, 0x3f, 0x9e, 0x3f, 0x9e, 0x3f, 0x9e, 0x37, 0x9e, 0x1f, 0x5d, 0x07,
  0xd8, 0x05, 0x2d, 0x03, 0xe4, 0x00, 0x22, 0x00, 0x02, 0x00, 0x02, 0x00, 0x02, 0x00, 0x02, 0x00,
  0x02, 0x00, 0x02, 0x00, 0x02, 0x00, 0x02, 0x00, 0x02, 0x00, 0x02, 0x00, 0x02, 0x00, 0x02, 0x20,
  0xd0, 0x3b, 0xbb, 0x3e, 0x9e, 0x3f, 0x9e, 0x3f, 0x9e, 0x3f, 0x9e, 0x3f, 0x9e, 0x3f, 0x9e, 0x3f,
  0x9e, 0x3f, 0x9e, 0x3f, 0x9e, 0x3f, 0x9e, 0x3f, 0x9e, 0x2f, 0xbf, 0x0f, 0x1c, 0x07, 0x6e, 0x03,
  0x02, 0x00, 0x22, 0x08, 0x65, 0x38, 0x8c, 0x89, 0x54, 0xab, 0xb9, 0xb4, 0x98, 0xb4, 0xb8, 0xb4,
  0xb8, 0xb4, 0xb8, 0xb4, 0xb8, 0xb4, 0xb8, 0xb4, 0xb8, 0xb4, 0xb8, 0xb4, 0xb8, 0xb4, 0x98, 0xb4,
  0x19, 0xa5, 0xbd, 0x6e, 0xff, 0x17, 0xbb, 0x06, 0x4e, 0x03, 0x00, 0x00, 0x22, 0x00, 0x02, 0x00,
  0x02, 0x00, 0x02, 0x00, 0x02, 0x00, 0x02, 0x00, 0x02, 0x00, 0x02, 0x00, 0x02, 0x00, 0x02, 0x00,
  0x02, 0x00, 0x02, 0x00, 0x02, 0x00, 0x02, 0x00, 0x22, 0x10, 0xc7, 0x50, 0xee, 0x99, 0x37, 0xb4,
  0xb9, 0xb4, 0x98, 0xb4, 0xb8, 0xb4, 0xb8, 0xb4, 0xb8, 0xb4, 0xb8, 0xb4, 0xb8, 0xb4, 0xb8, 0xb4,
  0xb8, 0xb4, 0xb8, 0xb4, 0xd9, 0xac, 0x1b, 0x7e, 0xbf, 0x2f, 0x7d, 0x07, 0xb3, 0x04, 0x00, 0x00,
  0x02, 0x00, 0x02, 0x00, 0x02, 0x00, 0x02, 0x00, 0x02, 0x00, 0x23, 0x10, 0xe9, 0x68, 0xf2, 0xa2,
  0x78, 0xb4, 0xb9, 0xb4, 0x98, 0xb4, 0xb8, 0xb4, 0xb8, 0xb4, 0xb8, 0xb4, 0xb8, 0xb4, 0xb8, 0xb4,
  0xb8, 0xb4, 0xb8, 0xb4, 0xb8, 0xb4, 0xb8, 0xb4, 0xb8, 0xb4, 0xb8, 0xb4, 0xb8, 0xb4, 0xb8, 0xb4,
  0xb8, 0xb4, 0xb8, 0xb4, 0xb8, 0xb4, 0xb8, 0xb4, 0xb8, 0xb4, 0xb8, 0xb4, 0xb8, 0xb4, 0xb8, 0xb4,
  0xb8, 0xb4, 0xb8, 0xb4, 0xb8, 0xb4, 0xb8, 0xb4, 0xb8, 0xb4, 0xb8, 0xb4, 0xb8, 0xb4, 0xb8, 0xb4,
  0x98, 0xb4, 0xd9, 0xac, 0x1b, 0x86, 0x9f, 0x37, 0x5d, 0x07, 0x92, 0x04, 0x00, 0x00, 0x02, 0x00,
  0x02, 0x00, 0x02, 0x00, 0x02, 0x00, 0x02, 0x00, 0xc7, 0x58, 0x2f, 0x9a, 0x57, 0xb4, 0xb9, 0xb4,
  0x98, 0xb4, 0xb8, 0xb4, 0xb8, 0xb4, 0xb8, 0xb4, 0xb8, 0xb4, 0xb8, 0xb4, 0xb8, 0xb4, 0xb8, 0xb4,
  0xb8, 0xb4, 0xb8, 0xb4, 0xb8, 0xb4, 0xb8, 0xb4, 0xb8, 0xb4, 0xb8, 0xb4, 0xb8, 0xb4, 0xb8, 0xb4,
  0xb8, 0xb4, 0xb8, 0xb4, 0xb8, 0xb4, 0xb8, 0xb4, 0xb8, 0xb4, 0xb9, 0xb4, 0xd9, 0xac, 0x19, 0xa5,
  0x7a, 0x95, 0x1c, 0x7e, 0xfe, 0x66, 0x9f, 0x4f, 0xbf, 0x37, 0xbf, 0x17, 0xfc, 0x06, 0xd3, 0x04,
  0x8a, 0x02, 0xe4, 0x00, 0x01, 0x00, 0x02, 0x00, 0x02, 0x00, 0x02, 0x00, 0x02, 0x00, 0x02, 0x00,
  0x02, 0x00, 0x02, 0x00, 0x02, 0x00, 0x02, 0x00, 0x02, 0x00, 0x02, 0x00, 0x02, 0x00, 0x02, 0x00,
  0x02, 0x00, 0x02, 0x00, 0x02, 0x00, 0x22, 0x00, 0x05, 0x11, 0x8c, 0x32, 0xb4, 0x54, 0x1a, 0x6e,
  0xfb, 0x7d, 0x9b, 0x95, 0x1a, 0xa5, 0xd9, 0xac, 0xb9, 0xb4, 0xb9, 0xb4, 0xb9, 0xb4, 0xb8, 0xb4,
  0xb8, 0xb4, 0xb8, 0xb4, 0xb8, 0xb4, 0xb8, 0xb4, 0xb8, 0xb4, 0xb8, 0xb4, 0xb8, 0xb4, 0xb8, 0xb4,
  0xb8, 0xb4, 0xb8, 0xb4, 0xb8, 0xb4, 0xb8, 0xb4, 0xb8, 0xb4, 0xb8, 0xb4, 0xb8, 0xb4, 0xb8, 0xb4,
  0xb9, 0xb4, 0x9a, 0x95, 0x7e, 0x47, 0xdf, 0x0f, 0x55, 0x05, 0xa7, 0x01, 0x22, 0x00, 0x02, 0x00,
  0x02, 0x00, 0x02, 0x00, 0x02, 0x00, 0x02, 0x00, 0x02, 0x00, 0x02, 0x00, 0x02, 0x00, 0x02, 0x00,
  0x02, 0x00, 0x02, 0x00, 0x22, 0x00, 0xe4, 0x00, 0x2a, 0x1a, 0xd1, 0x33, 0xb8, 0x55, 0x7c, 0x66,
  0x5c, 0x7e, 0xdb, 0x8d, 0x5a, 0x9d, 0xf9, 0xa4, 0xd9, 0xac, 0xb9, 0xb4, 0xb9, 0xb4, 0xb8, 0xb4,
  0xb8, 0xb4, 0xb8, 0xb4, 0xb8, 0xb4, 0xb8, 0xb4, 0xb8, 0xb4, 0xb8, 0xb4, 0xb8, 0xb4, 0xb8, 0xb4,
  0xb8, 0xb4, 0xb8, 0xb4, 0xb8, 0xb4, 0xb8, 0xb4, 0xb8, 0xb4, 0xb8, 0xb4, 0xb8, 0xb4, 0xd9, 0xac,
  0x3c, 0x7e, 0xdf, 0x2f, 0x9e, 0x07, 0x2d, 0x03, 0x62, 0x00, 0x22, 0x00, 0x02, 0x00, 0x02, 0x00,
  0x02, 0x00, 0x44, 0x28, 0x4a, 0x79, 0x33, 0xab, 0xb9, 0xb4, 0xb9, 0xb4, 0xb8, 0xb4, 0xb8, 0xb4,
  0xb8, 0xb4, 0xb8, 0xb4, 0xb8, 0xb4, 0xb8, 0xb4, 0xb8, 0xb4, 0xb8, 0xb4, 0xb8, 0xb4, 0xb8, 0xb4,
  0xb8, 0xb4, 0xb8, 0xb4, 0xb8, 0xb4, 0xb8, 0xb4, 0xb8, 0xb4, 0xb8, 0xb4, 0xb8, 0xb4, 0xb8, 0xb4,
  0xb8, 0xb4, 0xb8, 0xb4, 0xb8, 0xb4, 0xb9, 0xb4, 0xb9, 0xac, 0xf9, 0xac, 0x3a, 0x9d, 0xbb, 0x8d,
  0x7c, 0x76, 0x5e, 0x5f, 0x9f, 0x47, 0xbf, 0x27, 0x9e, 0x07, 0x59, 0x06, 0xd0, 0x03, 0xc8, 0x01,
  0x22, 0x00, 0x22, 0x00, 0x02, 0x00, 0x02, 0x00, 0x02, 0x00, 0x02, 0x00, 0x02, 0x00, 0x02, 0x00,
  0x02, 0x00, 0x02, 0x00, 0x02, 0x00, 0x02, 0x00, 0x02, 0x00, 0x01, 0x00, 0x86, 0x50, 0xee, 0x91,
  0x17, 0xb4, 0xb9, 0xb4, 0x98, 0xb4, 0xb8, 0xb4, 0xb8, 0xb4, 0xb8, 0xb4, 0xb8, 0xb4, 0xb8, 0xb4,
  0xb8, 0xb4, 0xb8, 0xb4, 0xb8, 0xb4, 0xb8, 0xb4, 0xb8, 0xb4, 0xb8, 0xb4, 0xb8, 0xb4, 0xb8, 0xb4,
  0xb8, 0xb4, 0xb8, 0xb4, 0xb8, 0xb4, 0xb8, 0xb4, 0xb8, 0xb4, 0xb8, 0xb4, 0xb8, 0xb4, 0xb8, 0xb4,
  0xb8, 0xb4, 0xb8, 0xb4, 0xb8, 0xb4, 0xb8, 0xb4, 0xb8, 0xb4, 0xb8, 0xb4, 0xb8, 0xb4, 0xb8, 0xb4,
  0xb8, 0xb4, 0xb9, 0xb4, 0x7a, 0x95, 0x3e, 0x57, 0xff, 0x07, 0xd7, 0x05, 0xa4, 0x00, 0x01, 0x00,
  0x22, 0x00, 0x02, 0x00, 0x02, 0x00, 0x02, 0x00, 0x65, 0x38, 0x6c, 0x89, 0xd5, 0xab, 0xb9, 0xb4,
  0xb8, 0xb4, 0xb8, 0xb4, 0xb8, 0xb4, 0xb8, 0xb4, 0xb8, 0xb4, 0xb8, 0xb4, 0xb8, 0xb4, 0xb8, 0xb4,
  0xb8, 0xb4, 0xb8, 0xb4, 0xb8, 0xb4, 0xb8, 0xb4, 0xb8, 0xb4, 0xb8, 0xb4, 0xb8, 0xb4, 0xb8, 0xb4,
  0xb8, 0xb4, 0xb8, 0xb4, 0xb8, 0xb4, 0xb8, 0xb4, 0xb8, 0xb4, 0xb8, 0xb4, 0xb8, 0xb4, 0xb8, 0xb4,
  0xb8, 0xb4, 0xb8, 0xb4, 0xb8, 0xb4, 0xb8, 0xb4, 0xb8, 0xb4, 0xb8, 0xb4, 0xb8, 0xb4, 0xb8, 0xb4,
  0x1a, 0x9d, 0xdd, 0x66, 0xdf, 0x1f, 0x18, 0x06, 0x8b, 0x02, 0x00, 0x00, 0x22, 0x00, 0x02, 0x00,
  0x02, 0x00, 0x02, 0x00, 0x43, 0x20, 0x2a, 0x79, 0x33, 0xab, 0xb9, 0xb4, 0x98, 0xb4, 0x98, 0xb4,
  0xb8, 0xb4, 0xb8, 0xb4, 0xb8, 0xb4, 0xb8, 0xb4, 0xb9, 0xb4, 0x19, 0xa5, 0x3c, 0x7e, 0x9f, 0x4f,
  0xff, 0x0f, 0x3c, 0x07, 0x8f, 0x03, 0x83, 0x00, 0x22, 0x00, 0x02, 0x00, 0x02, 0x00, 0x02, 0x00,
  0x02, 0x00, 0x02, 0x00, 0x02, 0x00, 0x02, 0x00, 0x02, 0x00, 0x01, 0x00, 0x65, 0x38, 0x6c, 0x89,
  0xd5, 0xab, 0xb9, 0xb4, 0xb9, 0xb4, 0x98, 0xb4, 0xb8, 0xb4, 0xb8, 0xb4, 0xb8, 0xb4, 0xb8, 0xb4,
  0xb8, 0xb4, 0xb8, 0xb4, 0xb8, 0xb4, 0xb8, 0xb4, 0x5a, 0x9d, 0x1e, 0x57, 0xdf, 0x17, 0xb7, 0x05,
  0x22, 0x08, 0x25, 0x30, 0x4c, 0x89, 0x95, 0xfa, 0x74, 0xfa, 0x74, 0xfa, 0x74, 0xfa, 0x74, 0xfa,
  0x74, 0xfa, 0x74, 0xfa, 0x74, 0xfa, 0x74, 0xfa, 0x74, 0xfa, 0x74, 0xfa, 0x74, 0xfa, 0x74, 0xfa,
  0x54, 0xfa, 0x17, 0xd4, 0xfd, 0x56, 0x1c, 0x07, 0xf0, 0x03, 0x00, 0x00, 0x22, 0x00, 0x02, 0x00,
  0x02, 0x00, 0x02, 0x00, 0x02, 0x00, 0x02, 0x00, 0x02, 0x00, 0x02, 0x00, 0x02, 0x00, 0x02, 0x00,
  0x02, 0x00, 0x02, 0x00, 0x02, 0x00, 0x02, 0x08, 0x67, 0x48, 0xf0, 0xc9, 0x95, 0xfa, 0x74, 0xfa,
  0x74, 0xfa, 0x74, 0xfa, 0x74, 0xfa, 0x74, 0xfa, 0x74, 0xfa, 0x74, 0xfa, 0x74, 0xfa, 0x74, 0xfa,
  0x74, 0xfa, 0x74, 0xfa, 0x74, 0xfa, 0x55, 0xe3, 0x3c, 0x86, 0xbf, 0x07, 0x76, 0x05, 0x00, 0x00,
  0x02, 0x00, 0x22, 0x00, 0x02, 0x00, 0x02, 0x00, 0x03, 0x08, 0xc9, 0x60, 0x32, 0xd2, 0x95, 0xfa,
  0x74, 0xfa, 0x74, 0xfa, 0x74, 0xfa, 0x74, 0xfa, 0x74, 0xfa, 0x74, 0xfa, 0x74, 0xfa, 0x74, 0xfa,
  0x74, 0xfa, 0x74, 0xfa, 0x74, 0xfa, 0x74, 0xfa, 0x74, 0xfa, 0x74, 0xfa, 0x74, 0xfa, 0x74, 0xfa,
  0x74, 0xfa, 0x74, 0xfa, 0x74, 0xfa, 0x74, 0xfa, 0x74, 0xfa, 0x74, 0xfa, 0x74, 0xfa, 0x74, 0xfa,
  0x74, 0xfa, 0x74, 0xfa, 0x74, 0xfa, 0x74, 0xfa, 0x74, 0xfa, 0x74, 0xfa, 0x74, 0xfa, 0x74, 0xfa,
  0x74, 0xfa, 0x74, 0xfa, 0x15, 0xeb, 0x7c, 0x96, 0xdf, 0x07, 0x35, 0x05, 0x00, 0x00, 0x02, 0x00,
  0x02, 0x00, 0x22, 0x00, 0x02, 0x00, 0x46, 0x38, 0x11, 0xd2, 0x94, 0xfa, 0x74, 0xfa, 0x74, 0xfa,
  0x74, 0xfa, 0x74, 0xfa, 0x74, 0xfa, 0x74, 0xfa, 0x74, 0xfa, 0x74, 0xfa, 0x74, 0xfa, 0x74, 0xfa,
  0x74, 0xfa, 0x74, 0xfa, 0x74, 0xfa, 0x74, 0xfa, 0x74, 0xfa, 0x74, 0xfa, 0x74, 0xfa, 0x74, 0xfa,
  0x74, 0xfa, 0x74, 0xfa, 0x74, 0xfa, 0x74, 0xfa, 0x74, 0xfa, 0x74, 0xfa, 0x74, 0xfa, 0x74, 0xfa,
  0x94, 0xfa, 0xd4, 0xfa, 0x35, 0xf3, 0xd7, 0xd3, 0x3a, 0x9d, 0xdd, 0x6e, 0xbf, 0x37, 0xff, 0x07,
  0x7a, 0x06, 0x8f, 0x03, 0xe4, 0x00, 0x01, 0x00, 0x02, 0x00, 0x02, 0x00, 0x02, 0x00, 0x02, 0x00,
  0x02, 0x00, 0x02, 0x00, 0x02, 0x00, 0x02, 0x00, 0x02, 0x00, 0x02, 0x00, 0x02, 0x00, 0x02, 0x00,
  0x02, 0x00, 0x22, 0x00, 0x22, 0x10, 0x27, 0x39, 0xf0, 0x6a, 0x57, 0xa4, 0xf7, 0xd3, 0x15, 0xf3,
  0xd4, 0xfa, 0x94, 0xfa, 0x74, 0xfa, 0x74, 0xfa, 0x74, 0xfa, 0x74, 0xfa, 0x74, 0xfa, 0x74, 0xfa,
  0x74, 0xfa, 0x74, 0xfa, 0x74, 0xfa, 0x74, 0xfa, 0x74, 0xfa, 0x74, 0xfa, 0x74, 0xfa, 0x74, 0xfa,
  0x74, 0xfa, 0x74, 0xfa, 0x74, 0xfa, 0x74, 0xfa, 0x74, 0xfa, 0x74, 0xfa, 0x74, 0xfa, 0x74, 0xfa,
  0x74, 0xfa, 0x94, 0xfa, 0x5a, 0x9d, 0xbf, 0x2f, 0xd8, 0x05, 0x08, 0x02, 0x02, 0x00, 0x02, 0x00,
  0x02, 0x00, 0x02, 0x00, 0x02, 0x00, 0x02, 0x00, 0x02, 0x00, 0x02, 0x00, 0x02, 0x00, 0x02, 0x00,
  0x02, 0x00, 0x22, 0x00, 0x06, 0x21, 0x0e, 0x4b, 0xb6, 0x7c, 0xd9, 0xac, 0xf7, 0xd3, 0x35, 0xf3,
  0xd5, 0xfa, 0x94, 0xfa, 0x74, 0xfa, 0x74, 0xfa, 0x74, 0xfa, 0x74, 0xfa, 0x74, 0xfa, 0x74, 0xfa,
  0x74, 0xfa, 0x74, 0xfa, 0x74, 0xfa, 0x74, 0xfa, 0x74, 0xfa, 0x74, 0xfa, 0x74, 0xfa, 0x74, 0xfa,
  0x74, 0xfa, 0x74, 0xfa, 0x74, 0xfa, 0x74, 0xfa, 0x74, 0xfa, 0x74, 0xfa, 0x74, 0xfa, 0x74, 0xfa,
  0x35, 0xf3, 0x5c, 0x6e, 0x9e, 0x17, 0xcf, 0x03, 0xa3, 0x00, 0x22, 0x00, 0x02, 0x00, 0x02, 0x00,
  0x03, 0x10, 0x2b, 0x81, 0x53, 0xea, 0x95, 0xfa, 0x74, 0xfa, 0x74, 0xfa, 0x74, 0xfa, 0x74, 0xfa,
  0x74, 0xfa, 0x74, 0xfa, 0x74, 0xfa, 0x74, 0xfa, 0x74, 0xfa, 0x74, 0xfa, 0x74, 0xfa, 0x74, 0xfa,
  0x74, 0xfa, 0x74, 0xfa, 0x74, 0xfa, 0x74, 0xfa, 0x74, 0xfa, 0x74, 0xfa, 0x74, 0xfa, 0x74, 0xfa,
  0x74, 0xfa, 0x74, 0xfa, 0x74, 0xfa, 0x74, 0xfa, 0x74, 0xfa, 0x74, 0xfa, 0x74, 0xfa, 0x94, 0xfa,
  0xf5, 0xfa, 0x56, 0xeb, 0x57, 0xc4, 0xdb, 0x8d, 0x5e, 0x57, 0xdf, 0x1f, 0x9e, 0x07, 0x76, 0x05,
  0x29, 0x02, 0x01, 0x00, 0x22, 0x00, 0x02, 0x00, 0x02, 0x00, 0x02, 0x00, 0x02, 0x00, 0x02, 0x00,
  0x02, 0x00, 0x02, 0x00, 0x02, 0x00, 0x22, 0x00, 0x02, 0x00, 0x25, 0x30, 0xd0, 0xc1, 0x94, 0xfa,
  0x74, 0xfa, 0x74, 0xfa, 0x74, 0xfa, 0x74, 0xfa, 0x74, 0xfa, 0x74, 0xfa, 0x74, 0xfa, 0x74, 0xfa,
  0x74, 0xfa, 0x74, 0xfa, 0x74, 0xfa, 0x74, 0xfa, 0x74, 0xfa, 0x74, 0xfa, 0x74, 0xfa, 0x74, 0xfa,
  0x74, 0xfa, 0x74, 0xfa, 0x74, 0xfa, 0x74, 0xfa, 0x74, 0xfa, 0x74, 0xfa, 0x74, 0xfa, 0x74, 0xfa,
  0x74, 0xfa, 0x74, 0xfa, 0x74, 0xfa, 0x74, 0xfa, 0x74, 0xfa, 0x74, 0xfa, 0x74, 0xfa, 0x74, 0xfa,
  0x74, 0xfa, 0x74, 0xfa, 0x74, 0xfa, 0x39, 0xbd, 0x9f, 0x1f, 0x18, 0x06, 0x67, 0x01, 0x00, 0x00,
  0x22, 0x00, 0x02, 0x00, 0x02, 0x00, 0x04, 0x20, 0x8d, 0xa1, 0x74, 0xea, 0x94, 0xfa, 0x74, 0xfa,
  0x74, 0xfa, 0x74, 0xfa, 0x74, 0xfa, 0x74, 0xfa, 0x74, 0xfa, 0x74, 0xfa, 0x74, 0xfa, 0x74, 0xfa,
  0x74, 0xfa, 0x74, 0xfa, 0x74, 0xfa, 0x74, 0xfa, 0x74, 0xfa, 0x74, 0xfa, 0x74, 0xfa, 0x74, 0xfa,
  0x74, 0xfa, 0x74, 0xfa, 0x74, 0xfa, 0x74, 0xfa, 0x74, 0xfa, 0x74, 0xfa, 0x74, 0xfa, 0x74, 0xfa,
  0x74, 0xfa, 0x74, 0xfa, 0x74, 0xfa, 0x74, 0xfa, 0x74, 0xfa, 0x74, 0xfa, 0x74, 0xfa, 0x74, 0xfa,
  0x54, 0xfa, 0x37, 0xc4, 0x5e, 0x57, 0x9a, 0x06, 0x0d, 0x03, 0x00, 0x00, 0x02, 0x00, 0x02, 0x00,
  0x22, 0x00, 0x04, 0x18, 0xea, 0x70, 0x74, 0xea, 0x74, 0xfa, 0x74, 0xfa, 0x74, 0xfa, 0x74, 0xfa,
  0x74, 0xfa, 0x74, 0xfa, 0x74, 0xfa, 0x74, 0xfa, 0x74, 0xfa, 0x74, 0xfa, 0xf5, 0xf2, 0xb8, 0xc4,
  0x3e, 0x57, 0xff, 0x0f, 0x1c, 0x07, 0x2d, 0x03, 0x42, 0x00, 0x22, 0x00, 0x02, 0x00, 0x02, 0x00,
  0x02, 0x00, 0x02, 0x00, 0x02, 0x00, 0x02, 0x00, 0x01, 0x00, 0x04, 0x18, 0x8e, 0xa1, 0x74, 0xf2,
  0x94, 0xfa, 0x74, 0xfa, 0x74, 0xfa, 0x74, 0xfa, 0x74, 0xfa, 0x74, 0xfa, 0x74, 0xfa, 0x74, 0xfa,
  0x74, 0xfa, 0x74, 0xfa, 0x74, 0xfa, 0x74, 0xfa, 0x94, 0xfa, 0xb8, 0xb4, 0xbf, 0x3f, 0x7a, 0x06,
  0x26, 0x28, 0x70, 0x88, 0xb4, 0xd9, 0x94, 0xfa, 0x74, 0xfa, 0x94, 0xfa, 0x94, 0xfa, 0x94, 0xfa,
  0x94, 0xfa, 0x94, 0xfa, 0x94, 0xfa, 0x94, 0xfa, 0x94, 0xfa, 0x94, 0xfa, 0x94, 0xfa, 0x94, 0xfa,
  0x74, 0xfa, 0x15, 0xe3, 0x7c, 0x86, 0x1c, 0x07, 0xf0, 0x03, 0x00, 0x00, 0x02, 0x00, 0x02, 0x00,
  0x02, 0x00, 0x02, 0x00, 0x02, 0x00, 0x02, 0x00, 0x02, 0x00, 0x02, 0x00, 0x02, 0x00, 0x02, 0x00,
  0x02, 0x00, 0x02, 0x00, 0x22, 0x08, 0x0a, 0x48, 0xb3, 0xa0, 0x54, 0xf2, 0x94, 0xfa, 0x94, 0xfa,
  0x94, 0xfa, 0x94, 0xfa, 0x94, 0xfa, 0x94, 0xfa, 0x94, 0xfa, 0x94, 0xfa, 0x94, 0xfa, 0x94, 0xfa,
  0x94, 0xfa, 0x94, 0xfa, 0x94, 0xfa, 0x94, 0xf2, 0x9a, 0xb5, 0xbf, 0x07, 0x96, 0x05, 0x00, 0x00,
  0x02, 0x00, 0x22, 0x00, 0x02, 0x00, 0x02, 0x08, 0x0d, 0x60, 0x53, 0xc1, 0x54, 0xfa, 0x94, 0xfa,
  0x94, 0xfa, 0x94, 0xfa, 0x94, 0xfa, 0x94, 0xfa, 0x94, 0xfa, 0x94, 0xfa, 0x94, 0xfa, 0x94, 0xfa,
  0x94, 0xfa, 0x94, 0xfa, 0x94, 0xfa, 0x94, 0xfa, 0x94, 0xfa, 0x94, 0xfa, 0x94, 0xfa, 0x94, 0xfa,
  0x94, 0xfa, 0x94, 0xfa, 0x94, 0xfa, 0x94, 0xfa, 0x94, 0xfa, 0x94, 0xfa, 0x94, 0xfa, 0x94, 0xfa,
  0x94, 0xfa, 0x94, 0xfa, 0x94, 0xfa, 0x94, 0xfa, 0x94, 0xfa, 0x94, 0xfa, 0x94, 0xfa, 0x94, 0xfa,
  0x94, 0xfa, 0x94, 0xfa, 0x54, 0xfa, 0xda, 0xbd, 0xbf, 0x07, 0x75, 0x05, 0x00, 0x00, 0x02, 0x00,
  0x02, 0x00, 0x21, 0x00, 0x0b, 0x50, 0xb3, 0xa8, 0x54, 0xf2, 0x94, 0xfa, 0x94, 0xfa, 0x94, 0xfa,
  0x94, 0xfa, 0x94, 0xfa, 0x94, 0xfa, 0x94, 0xfa, 0x94, 0xfa, 0x94, 0xfa, 0x94, 0xfa, 0x94, 0xfa,
  0x94, 0xfa, 0x94, 0xfa, 0x94, 0xfa, 0x94, 0xfa, 0x94, 0xfa, 0x94, 0xfa, 0x94, 0xfa, 0x94, 0xfa,
  0x94, 0xfa, 0x94, 0xfa, 0x94, 0xfa, 0x94, 0xfa, 0x94, 0xfa, 0x94, 0xfa, 0x94, 0xfa, 0x94, 0xfa,
  0x94, 0xfa, 0x94, 0xfa, 0x74, 0xfa, 0x74, 0xfa, 0x94, 0xfa, 0x56, 0xeb, 0x7a, 0xa5, 0x5e, 0x4f,
  0xff, 0x0f, 0xbb, 0x06, 0xaf, 0x03, 0x42, 0x00, 0x02, 0x00, 0x02, 0x00, 0x02, 0x00, 0x02, 0x00,
  0x02, 0x00, 0x02, 0x00, 0x02, 0x00, 0x02, 0x00, 0x02, 0x00, 0x02, 0x00, 0x02, 0x00, 0x02, 0x00,
  0x22, 0x00, 0x23, 0x18, 0x09, 0x61, 0x71, 0xaa, 0x15, 0xf3, 0x94, 0xfa, 0x74, 0xfa, 0x74, 0xfa,
  0x94, 0xfa, 0x94, 0xfa, 0x94, 0xfa, 0x94, 0xfa, 0x94, 0xfa, 0x94, 0xfa, 0x94, 0xfa, 0x94, 0xfa,
  0x94, 0xfa, 0x94, 0xfa, 0x94, 0xfa, 0x94, 0xfa, 0x94, 0xfa, 0x94, 0xfa, 0x94, 0xfa, 0x94, 0xfa,
  0x94, 0xfa, 0x94, 0xfa, 0x94, 0xfa, 0x94, 0xfa, 0x94, 0xfa, 0x94, 0xfa, 0x94, 0xfa, 0x94, 0xfa,
  0x94, 0xfa, 0x54, 0xfa, 0x37, 0xbc, 0x9f, 0x4f, 0xf8, 0x05, 0x08, 0x02, 0x02, 0x00, 0x02, 0x00,
  0x02, 0x00, 0x02, 0x00, 0x02, 0x00, 0x02, 0x00, 0x02, 0x00, 0x02, 0x00, 0x02, 0x00, 0x02, 0x00,
  0x22, 0x10, 0x07, 0x41, 0xb0, 0x8a, 0x96, 0xcb, 0xf5, 0xfa, 0x74, 0xfa, 0x74, 0xfa, 0x74, 0xfa,
  0x94, 0xfa, 0x94, 0xfa, 0x94, 0xfa, 0x94, 0xfa, 0x94, 0xfa, 0x94, 0xfa, 0x94, 0xfa, 0x94, 0xfa,
  0x94, 0xfa, 0x94, 0xfa, 0x94, 0xfa, 0x94, 0xfa, 0x94, 0xfa, 0x94, 0xfa, 0x94, 0xfa, 0x94, 0xfa,
  0x94, 0xfa, 0x94, 0xfa, 0x94, 0xfa, 0x94, 0xfa, 0x94, 0xfa, 0x94, 0xfa, 0x94, 0xfa, 0x94, 0xfa,
  0x94, 0xfa, 0x5a, 0x95, 0x9e, 0x27, 0xd0, 0x03, 0xa3, 0x00, 0x22, 0x00, 0x01, 0x00, 0x05, 0x20,
  0x2e, 0x70, 0x74, 0xc9, 0x94, 0xfa, 0x94, 0xfa, 0x94, 0xfa, 0x94, 0xfa, 0x94, 0xfa, 0x94, 0xfa,
  0x94, 0xfa, 0x94, 0xfa, 0x94, 0xfa, 0x94, 0xfa, 0x94, 0xfa, 0x94, 0xfa, 0x94, 0xfa, 0x94, 0xfa,
  0x94, 0xfa, 0x94, 0xfa, 0x94, 0xfa, 0x94, 0xfa, 0x94, 0xfa, 0x94, 0xfa, 0x94, 0xfa, 0x94, 0xfa,
  0x94, 0xfa, 0x94, 0xfa, 0x94, 0xfa, 0x94, 0xfa, 0x94, 0xfa, 0x94, 0xfa, 0x94, 0xfa, 0x94, 0xfa,
  0x94, 0xfa, 0x74, 0xfa, 0x74, 0xfa, 0xb4, 0xfa, 0xf7, 0xdb, 0x5c, 0x7e, 0xdf, 0x2f, 0xbe, 0x07,
  0x96, 0x05, 0x86, 0x01, 0x01, 0x00, 0x22, 0x00, 0x02, 0x00, 0x02, 0x00, 0x02, 0x00, 0x02, 0x00,
  0x02, 0x00, 0x02, 0x00, 0x02, 0x00, 0x20, 0x00, 0x09, 0x40, 0x92, 0xa0, 0x14, 0xea, 0x94, 0xfa,
  0x94, 0xfa, 0x94, 0xfa, 0x94, 0xfa, 0x94, 0xfa, 0x94, 0xfa, 0x94, 0xfa, 0x94, 0xfa, 0x94, 0xfa,
  0x94, 0xfa, 0x94, 0xfa, 0x94, 0xfa, 0x94, 0xfa, 0x94, 0xfa, 0x94, 0xfa, 0x94, 0xfa, 0x94, 0xfa,
  0x94, 0xfa, 0x94, 0xfa, 0x94, 0xfa, 0x94, 0xfa, 0x94, 0xfa, 0x94, 0xfa, 0x94, 0xfa, 0x94, 0xfa,
  0x94, 0xfa, 0x94, 0xfa, 0x94, 0xfa, 0x94, 0xfa, 0x94, 0xfa, 0x94, 0xfa, 0x94, 0xfa, 0x94, 0xfa,
  0x94, 0xfa, 0x94, 0xfa, 0x54, 0xfa, 0x37, 0xcc, 0x1e, 0x4f, 0x18, 0x06, 0x87, 0x01, 0x00, 0x00,
  0x22, 0x00, 0x01, 0x00, 0x06, 0x28, 0x10, 0x80, 0xf4, 0xe1, 0x94, 0xfa, 0x94, 0xfa, 0x94, 0xfa,
  0x94, 0xfa, 0x94, 0xfa, 0x94, 0xfa, 0x94, 0xfa, 0x94, 0xfa, 0x94, 0xfa, 0x94, 0xfa, 0x94, 0xfa,
  0x94, 0xfa, 0x94, 0xfa, 0x94, 0xfa, 0x94, 0xfa, 0x94, 0xfa, 0x94, 0xfa, 0x94, 0xfa, 0x94, 0xfa,
  0x94, 0xfa, 0x94, 0xfa, 0x94, 0xfa, 0x94, 0xfa, 0x94, 0xfa, 0x94, 0xfa, 0x94, 0xfa, 0x94, 0xfa,
  0x94, 0xfa, 0x94, 0xfa, 0x94, 0xfa, 0x94, 0xfa, 0x94, 0xfa, 0x94, 0xfa, 0x94, 0xfa, 0x94, 0xfa,
  0x74, 0xfa, 0x15, 0xe3, 0xfd, 0x7e, 0x9a, 0x06, 0x2d, 0x03, 0x00, 0x00, 0x02, 0x00, 0x02, 0x00,
  0x24, 0x18, 0x2f, 0x70, 0x74, 0xd1, 0x94, 0xfa, 0x94, 0xfa, 0x94, 0xfa, 0x94, 0xfa, 0x94, 0xfa,
  0x94, 0xfa, 0x94, 0xfa, 0x94, 0xfa, 0x94, 0xfa, 0x94, 0xfa, 0x94, 0xfa, 0x94, 0xfa, 0x94, 0xfa,
  0x98, 0xcc, 0x5e, 0x4f, 0xff, 0x07, 0xbb, 0x06, 0xab, 0x02, 0x01, 0x00, 0x22, 0x00, 0x02, 0x00,
  0x02, 0x00, 0x02, 0x00, 0x02, 0x00, 0x21, 0x00, 0x07, 0x30, 0x30, 0x80, 0xf4, 0xe1, 0x94, 0xfa,
  0x94, 0xfa, 0x94, 0xfa, 0x94, 0xfa, 0x94, 0xfa, 0x94, 0xfa, 0x94, 0xfa, 0x94, 0xfa, 0x94, 0xfa,
  0x94, 0xfa, 0x94, 0xfa, 0x94, 0xfa, 0x94, 0xfa, 0x74, 0xfa, 0x96, 0xe3, 0x9f, 0x57, 0x9a, 0x06,
  0x0e, 0x70, 0x7e, 0xf8, 0xd9, 0xf9, 0x94, 0xfa, 0x74, 0xfa, 0x94, 0xfa, 0x94, 0xfa, 0x94, 0xfa,
  0x94, 0xfa, 0x94, 0xfa, 0x94, 0xfa, 0x94, 0xfa, 0x94, 0xfa, 0x94, 0xfa, 0x94, 0xfa, 0x94, 0xfa,
  0x74, 0xfa, 0xf5, 0xe2, 0x7c, 0x8e, 0x3c, 0x07, 0x10, 0x04, 0x00, 0x00, 0x02, 0x00, 0x02, 0x00,
  0x02, 0x00, 0x02, 0x00, 0x02, 0x00, 0x02, 0x00, 0x02, 0x00, 0x02, 0x00, 0x02, 0x00, 0x02, 0x00,
  0x02, 0x00, 0x02, 0x00, 0x25, 0x20, 0x17, 0xb0, 0xbe, 0xf8, 0x56, 0xfa, 0x94, 0xfa, 0x94, 0xfa,
  0x94, 0xfa, 0x94, 0xfa, 0x94, 0xfa, 0x94, 0xfa, 0x94, 0xfa, 0x94, 0xfa, 0x94, 0xfa, 0x94, 0xfa,
  0x94, 0xfa, 0x94, 0xfa, 0x74, 0xfa, 0x94, 0xfa, 0x7a, 0xbd, 0xbf, 0x07, 0x96, 0x05, 0x00, 0x00,
  0x02, 0x00, 0x22, 0x00, 0x00, 0x00, 0x08, 0x38, 0x19, 0xc8, 0x5c, 0xf9, 0x55, 0xfa, 0x94, 0xfa,
  0x94, 0xfa, 0x94, 0xfa, 0x94, 0xfa, 0x94, 0xfa, 0x94, 0xfa, 0x94, 0xfa, 0x94, 0xfa, 0x94, 0xfa,
  0x94, 0xfa, 0x94, 0xfa, 0x94, 0xfa, 0x94, 0xfa, 0x94, 0xfa, 0x94, 0xfa, 0x94, 0xfa, 0x94, 0xfa,
  0x94, 0xfa, 0x94, 0xfa, 0x94, 0xfa, 0x94, 0xfa, 0x94, 0xfa, 0x94, 0xfa, 0x94, 0xfa, 0x94, 0xfa,
  0x94, 0xfa, 0x94, 0xfa, 0x94, 0xfa, 0x94, 0xfa, 0x94, 0xfa, 0x94, 0xfa, 0x94, 0xfa, 0x94, 0xfa,
  0x94, 0xfa, 0x94, 0xfa, 0x54, 0xfa, 0xba, 0xbd, 0xbf, 0x07, 0x75, 0x05, 0x00, 0x00, 0x02, 0x00,
  0x01, 0x00, 0x21, 0x00, 0x18, 0xb8, 0xdc, 0xf8, 0x56, 0xfa, 0x94, 0xfa, 0x94, 0xfa, 0x94, 0xfa,
  0x94, 0xfa, 0x94, 0xfa, 0x94, 0xfa, 0x94, 0xfa, 0x94, 0xfa, 0x94, 0xfa, 0x94, 0xfa, 0x94, 0xfa,
  0x94, 0xfa, 0x94, 0xfa, 0x94, 0xfa, 0x94, 0xfa, 0x94, 0xfa, 0x94, 0xfa, 0x94, 0xfa, 0x94, 0xfa,
  0x94, 0xfa, 0x94, 0xfa, 0x94, 0xfa, 0x94, 0xfa, 0x94, 0xfa, 0x94, 0xfa, 0x94, 0xfa, 0x94, 0xfa,
  0x94, 0xfa, 0x94, 0xfa, 0x94, 0xfa, 0x94, 0xfa, 0x94, 0xfa, 0x74, 0xfa, 0x94, 0xfa, 0xb8, 0xc4,
  0x3e, 0x57, 0xff, 0x07, 0x18, 0x06, 0x8b, 0x02, 0x00, 0x00, 0x22, 0x00, 0x02, 0x00, 0x02, 0x00,
  0x02, 0x00, 0x02, 0x00, 0x02, 0x00, 0x02, 0x00, 0x02, 0x00, 0x02, 0x00, 0x02, 0x00, 0x22, 0x00,
  0x43, 0x20, 0x2a, 0x79, 0x32, 0xda, 0x95, 0xfa, 0x74, 0xfa, 0x94, 0xfa, 0x94, 0xfa, 0x94, 0xfa,
  0x94, 0xfa, 0x94, 0xfa, 0x94, 0xfa, 0x94, 0xfa, 0x94, 0xfa, 0x94, 0xfa, 0x94, 0xfa, 0x94, 0xfa,
  0x94, 0xfa, 0x94, 0xfa, 0x94, 0xfa, 0x94, 0xfa, 0x94, 0xfa, 0x94, 0xfa, 0x94, 0xfa, 0x94, 0xfa,
  0x94, 0xfa, 0x94, 0xfa, 0x94, 0xfa, 0x94, 0xfa, 0x94, 0xfa, 0x94, 0xfa, 0x94, 0xfa, 0x94, 0xfa,
  0x94, 0xfa, 0x54, 0xfa, 0x17, 0xc4, 0x9f, 0x4f, 0xf8, 0x05, 0x08, 0x02, 0x02, 0x00, 0x02, 0x00,
  0x02, 0x00, 0x02, 0x00, 0x02, 0x00, 0x02, 0x00, 0x02, 0x00, 0x02, 0x00, 0x02, 0x00, 0x23, 0x18,
  0xe8, 0x60, 0x10, 0xba, 0xb5, 0xfa, 0x74, 0xfa, 0x74, 0xfa, 0x94, 0xfa, 0x94, 0xfa, 0x94, 0xfa,
  0x94, 0xfa, 0x94, 0xfa, 0x94, 0xfa, 0x94, 0xfa, 0x94, 0xfa, 0x94, 0xfa, 0x94, 0xfa, 0x94, 0xfa,
  0x94, 0xfa, 0x94, 0xfa, 0x94, 0xfa, 0x94, 0xfa, 0x94, 0xfa, 0x94, 0xfa, 0x94, 0xfa, 0x94, 0xfa,
  0x94, 0xfa, 0x94, 0xfa, 0x94, 0xfa, 0x94, 0xfa, 0x94, 0xfa, 0x94, 0xfa, 0x94, 0xfa, 0x94, 0xfa,
  0x94, 0xfa, 0x39, 0x9d, 0x9e, 0x27, 0xd0, 0x03, 0xa3, 0x00, 0x22, 0x00, 0x00, 0x00, 0x0d, 0x68,
  0x3b, 0xd8, 0x7c, 0xf9, 0x94, 0xfa, 0x94, 0xfa, 0x94, 0xfa, 0x94, 0xfa, 0x94, 0xfa, 0x94, 0xfa,
  0x94, 0xfa, 0x94, 0xfa, 0x94, 0xfa, 0x94, 0xfa, 0x94, 0xfa, 0x94, 0xfa, 0x94, 0xfa, 0x94, 0xfa,
  0x94, 0xfa, 0x94, 0xfa, 0x94, 0xfa, 0x94, 0xfa, 0x94, 0xfa, 0x94, 0xfa, 0x94, 0xfa, 0x94, 0xfa,
  0x94, 0xfa, 0x94, 0xfa, 0x94, 0xfa, 0x94, 0xfa, 0x94, 0xfa, 0x94, 0xfa, 0x94, 0xfa, 0x94, 0xfa,
  0x94, 0xfa, 0x94, 0xfa, 0x94, 0xfa, 0x94, 0xfa, 0x74, 0xfa, 0x55, 0xf3, 0xdb, 0x8d, 0xdf, 0x27,
  0x7e, 0x07, 0x92, 0x04, 0x62, 0x00, 0x22, 0x00, 0x02, 0x00, 0x02, 0x00, 0x02, 0x00, 0x02, 0x00,
  0x02, 0x00, 0x02, 0x00, 0x01, 0x00, 0x20, 0x00, 0x16, 0xa8, 0x9d, 0xf0, 0x18, 0xfa, 0x94, 0xfa,
  0x94, 0xfa, 0x94, 0xfa, 0x94, 0xfa, 0x94, 0xfa, 0x94, 0xfa, 0x94, 0xfa, 0x94, 0xfa, 0x94, 0xfa,
  0x94, 0xfa, 0x94, 0xfa, 0x94, 0xfa, 0x94, 0xfa, 0x94, 0xfa, 0x94, 0xfa, 0x94, 0xfa, 0x94, 0xfa,
  0x94, 0xfa, 0x94, 0xfa, 0x94, 0xfa, 0x94, 0xfa, 0x94, 0xfa, 0x94, 0xfa, 0x94, 0xfa, 0x94, 0xfa,
  0x94, 0xfa, 0x94, 0xfa, 0x94, 0xfa, 0x94, 0xfa, 0x94, 0xfa, 0x94, 0xfa, 0x94, 0xfa, 0x94, 0xfa,
  0x94, 0xfa, 0x94, 0xfa, 0x54, 0xfa, 0x17, 0xd4, 0x1e, 0x57, 0x18, 0x06, 0x87, 0x01, 0x00, 0x00,
  0x22, 0x00, 0x00, 0x00, 0x10, 0x80, 0x1d, 0xe0, 0x19, 0xfa, 0x94, 0xfa, 0x94, 0xfa, 0x94, 0xfa,
  0x94, 0xfa, 0x94, 0xfa, 0x94, 0xfa, 0x94, 0xfa, 0x94, 0xfa, 0x94, 0xfa, 0x94, 0xfa, 0x94, 0xfa,
  0x94, 0xfa, 0x94, 0xfa, 0x94, 0xfa, 0x94, 0xfa, 0x94, 0xfa, 0x94, 0xfa, 0x94, 0xfa, 0x94, 0xfa,
  0x94, 0xfa, 0x94, 0xfa, 0x94, 0xfa, 0x94, 0xfa, 0x94, 0xfa, 0x94, 0xfa, 0x94, 0xfa, 0x94, 0xfa,
  0x94, 0xfa, 0x94, 0xfa, 0x94, 0xfa, 0x94, 0xfa, 0x94, 0xfa, 0x94, 0xfa, 0x94, 0xfa, 0x94, 0xfa,
  0x74, 0xfa, 0xf5, 0xe2, 0xfd, 0x86, 0x9a, 0x06, 0x2d, 0x03, 0x00, 0x00, 0x02, 0x00, 0x01, 0x00,
  0x0a, 0x48, 0x3d, 0xe8, 0x7a, 0xf9, 0x94, 0xfa, 0x94, 0xfa, 0x94, 0xfa, 0x94, 0xfa, 0x94, 0xfa,
  0x94, 0xfa, 0x94, 0xfa, 0x94, 0xfa, 0x94, 0xfa, 0x94, 0xfa, 0x94, 0xfa, 0x94, 0xfa, 0x94, 0xfa,
  0xb4, 0xfa, 0xf9, 0xbc, 0x9f, 0x47, 0xdf, 0x07, 0x39, 0x06, 0x49, 0x02, 0x00, 0x00, 0x22, 0x00,
  0x02, 0x00, 0x02, 0x00, 0x02, 0x00, 0x20, 0x00, 0x12, 0x88, 0x3d, 0xe0, 0xfa, 0xf9, 0x94, 0xfa,
  0x94, 0xfa, 0x94, 0xfa, 0x94, 0xfa, 0x94, 0xfa, 0x94, 0xfa, 0x94, 0xfa, 0x94, 0xfa, 0x94, 0xfa,
  0x94, 0xfa, 0x94, 0xfa, 0x94, 0xfa, 0x94, 0xfa, 0x74, 0xfa, 0x76, 0xe3, 0x9f, 0x57, 0x9a, 0x06,
  0x13, 0x90, 0x7e, 0xf8, 0xb8, 0xf9, 0x94, 0xfa, 0x74, 0xfa, 0x94, 0xfa, 0x94, 0xfa, 0x94, 0xfa,
  0x94, 0xfa, 0x94, 0xfa, 0x94, 0xfa, 0x94, 0xfa, 0x94, 0xfa, 0x94, 0xfa, 0x94, 0xfa, 0x94, 0xfa,
  0x74, 0xfa, 0xf5, 0xe2, 0x7c, 0x8e, 0x3c, 0x07, 0x10, 0x04, 0x00, 0x00, 0x02, 0x00, 0x02, 0x00,
  0x02, 0x00, 0x02, 0x00, 0x02, 0x00, 0x02, 0x00, 0x02, 0x00, 0x02, 0x00, 0x02, 0x00, 0x02, 0x00,
  0x02, 0x00, 0x01, 0x00, 0x26, 0x30, 0x1c, 0xe0, 0xbe, 0xf8, 0x56, 0xfa, 0x94, 0xfa, 0x94, 0xfa,
  0x94, 0xfa, 0x94, 0xfa, 0x94, 0xfa, 0x94, 0xfa, 0x94, 0xfa, 0x94, 0xfa, 0x94, 0xfa, 0x94, 0xfa,
  0x94, 0xfa, 0x94, 0xfa, 0x74, 0xfa, 0x94, 0xfa, 0x7a, 0xb5, 0xbf, 0x07, 0x96, 0x05, 0x00, 0x00,
  0x02, 0x00, 0x22, 0x00, 0x00, 0x00, 0x0d, 0x68, 0x1b, 0xd8, 0x5c, 0xf9, 0x55, 0xfa, 0x94, 0xfa,
  0x94, 0xfa, 0x94, 0xfa, 0x94, 0xfa, 0x94, 0xfa, 0x94, 0xfa, 0x94, 0xfa, 0x94, 0xfa, 0x94, 0xfa,
  0x94, 0xfa, 0x94, 0xfa, 0x94, 0xfa, 0x94, 0xfa, 0x94, 0xfa, 0x94, 0xfa, 0x94, 0xfa, 0x94, 0xfa,
  0x94, 0xfa, 0x94, 0xfa, 0x94, 0xfa, 0x94, 0xfa, 0x94, 0xfa, 0x94, 0xfa, 0x94, 0xfa, 0x94, 0xfa,
  0x94, 0xfa, 0x94, 0xfa, 0x94, 0xfa, 0x94, 0xfa, 0x94, 0xfa, 0x94, 0xfa, 0x94, 0xfa, 0x94, 0xfa,
  0x94, 0xfa, 0x94, 0xfa, 0x54, 0xfa, 0xba, 0xbd, 0xbf, 0x07, 0x75, 0x05, 0x00, 0x00, 0x02, 0x00,
  0x01, 0x00, 0x26, 0x28, 0x1b, 0xd8, 0xdd, 0xf8, 0x56, 0xfa, 0x94, 0xfa, 0x94, 0xfa, 0x94, 0xfa,
  0x94, 0xfa, 0x94, 0xfa, 0x94, 0xfa, 0x94, 0xfa, 0x94, 0xfa, 0x94, 0xfa, 0x94, 0xfa, 0x94, 0xfa,
  0x94, 0xfa, 0x94, 0xfa, 0x94, 0xfa, 0x94, 0xfa, 0x94, 0xfa, 0x94, 0xfa, 0x94, 0xfa, 0x94, 0xfa,
  0x94, 0xfa, 0x94, 0xfa, 0x94, 0xfa, 0x94, 0xfa, 0x94, 0xfa, 0x94, 0xfa, 0x94, 0xfa, 0x94, 0xfa,
  0x94, 0xfa, 0x94, 0xfa, 0x94, 0xfa, 0x94, 0xfa, 0x94, 0xfa, 0x94, 0xfa, 0x94, 0xfa, 0x74, 0xfa,
  0x19, 0xbd, 0x7f, 0x3f, 0xbf, 0x07, 0xb3, 0x04, 0x22, 0x00, 0x02, 0x00, 0x22, 0x00, 0x02, 0x00,
  0x02, 0x00, 0x02, 0x00, 0x02, 0x00, 0x02, 0x00, 0x02, 0x00, 0x02, 0x00, 0x22, 0x00, 0x23, 0x20,
  0x2a, 0x79, 0x53, 0xea, 0x95, 0xfa, 0x94, 0xfa, 0x94, 0xfa, 0x94, 0xfa, 0x94, 0xfa, 0x94, 0xfa,
  0x94, 0xfa, 0x94, 0xfa, 0x94, 0xfa, 0x94, 0xfa, 0x94, 0xfa, 0x94, 0xfa, 0x94, 0xfa, 0x94, 0xfa,
  0x94, 0xfa, 0x94, 0xfa, 0x94, 0xfa, 0x94, 0xfa, 0x94, 0xfa, 0x94, 0xfa, 0x94, 0xfa, 0x94, 0xfa,
  0x94, 0xfa, 0x94, 0xfa, 0x94, 0xfa, 0x94, 0xfa, 0x94, 0xfa, 0x94, 0xfa, 0x94, 0xfa, 0x94, 0xfa,
  0x94, 0xfa, 0x54, 0xfa, 0x17, 0xc4, 0x9f, 0x4f, 0xf8, 0x05, 0x08, 0x02, 0x02, 0x00, 0x02, 0x00,
  0x02, 0x00, 0x02, 0x00, 0x02, 0x00, 0x02, 0x00, 0x02, 0x00, 0x02, 0x00, 0x22, 0x18, 0xe9, 0x68,
  0x11, 0xca, 0x95, 0xfa, 0x74, 0xfa, 0x94, 0xfa, 0x94, 0xfa, 0x94, 0xfa, 0x94, 0xfa, 0x94, 0xfa,
  0x94, 0xfa, 0x94, 0xfa, 0x94, 0xfa, 0x94, 0xfa, 0x94, 0xfa, 0x94, 0xfa, 0x94, 0xfa, 0x94, 0xfa,
  0x94, 0xfa, 0x94, 0xfa, 0x94, 0xfa, 0x94, 0xfa, 0x94, 0xfa, 0x94, 0xfa, 0x94, 0xfa, 0x94, 0xfa,
  0x94, 0xfa, 0x94, 0xfa, 0x94, 0xfa, 0x94, 0xfa, 0x94, 0xfa, 0x94, 0xfa, 0x94, 0xfa, 0x94, 0xfa,
  0x94, 0xfa, 0x39, 0x9d, 0x9e, 0x27, 0xd0, 0x03, 0xa3, 0x00, 0x22, 0x00, 0x01, 0x00, 0x10, 0x80,
  0x3f, 0xf8, 0x7b, 0xf9, 0x94, 0xfa, 0x94, 0xfa, 0x94, 0xfa, 0x94, 0xfa, 0x94, 0xfa, 0x94, 0xfa,
  0x94, 0xfa, 0x94, 0xfa, 0x94, 0xfa, 0x94, 0xfa, 0x94, 0xfa, 0x94, 0xfa, 0x94, 0xfa, 0x94, 0xfa,
  0x94, 0xfa, 0x94, 0xfa, 0x94, 0xfa, 0x94, 0xfa, 0x94, 0xfa, 0x94, 0xfa, 0x94, 0xfa, 0x94, 0xfa,
  0x94, 0xfa, 0x94, 0xfa, 0x94, 0xfa, 0x94, 0xfa, 0x94, 0xfa, 0x94, 0xfa, 0x94, 0xfa, 0x94, 0xfa,
  0x94, 0xfa, 0x94, 0xfa, 0x94, 0xfa, 0x94, 0xfa, 0x94, 0xfa, 0x74, 0xfa, 0x75, 0xeb, 0x5c, 0x76,
  0xff, 0x0f, 0x1c, 0x07, 0x29, 0x02, 0x01, 0x00, 0x22, 0x00, 0x02, 0x00, 0x02, 0x00, 0x02, 0x00,
  0x02, 0x00, 0x02, 0x00, 0x01, 0x00, 0x24, 0x10, 0x18, 0xc0, 0x9e, 0xf8, 0x17, 0xfa, 0x94, 0xfa,
  0x94, 0xfa, 0x94, 0xfa, 0x94, 0xfa, 0x94, 0xfa, 0x94, 0xfa, 0x94, 0xfa, 0x94, 0xfa, 0x94, 0xfa,
  0x94, 0xfa, 0x94, 0xfa, 0x94, 0xfa, 0x94, 0xfa, 0x94, 0xfa, 0x94, 0xfa, 0x94, 0xfa, 0x94, 0xfa,
  0x94, 0xfa, 0x94, 0xfa, 0x94, 0xfa, 0x94, 0xfa, 0x94, 0xfa, 0x94, 0xfa, 0x94, 0xfa, 0x94, 0xfa,
  0x94, 0xfa, 0x94, 0xfa, 0x94, 0xfa, 0x94, 0xfa, 0x94, 0xfa, 0x94, 0xfa, 0x94, 0xfa, 0x94, 0xfa,
  0x94, 0xfa, 0x94, 0xfa, 0x54, 0xfa, 0x17, 0xd4, 0x1e, 0x57, 0x18, 0x06, 0x87, 0x01, 0x00, 0x00,
  0x22, 0x00, 0x00, 0x00, 0x16, 0xa8, 0x1f, 0xf0, 0x19, 0xfa, 0x94, 0xfa, 0x94, 0xfa, 0x94, 0xfa,
  0x94, 0xfa, 0x94, 0xfa, 0x94, 0xfa, 0x94, 0xfa, 0x94, 0xfa, 0x94, 0xfa, 0x94, 0xfa, 0x94, 0xfa,
  0x94, 0xfa, 0x94, 0xfa, 0x94, 0xfa, 0x94, 0xfa, 0x94, 0xfa, 0x94, 0xfa, 0x94, 0xfa, 0x94, 0xfa,
  0x94, 0xfa, 0x94, 0xfa, 0x94, 0xfa, 0x94, 0xfa, 0x94, 0xfa, 0x94, 0xfa, 0x94, 0xfa, 0x94, 0xfa,
  0x94, 0xfa, 0x94, 0xfa, 0x94, 0xfa, 0x94, 0xfa, 0x94, 0xfa, 0x94, 0xfa, 0x94, 0xfa, 0x94, 0xfa,
  0x74, 0xfa, 0xf5, 0xe2, 0xfd, 0x86, 0x9a, 0x06, 0x2d, 0x03, 0x00, 0x00, 0x02, 0x08, 0x01, 0x08,
  0x0f, 0x70, 0x3e, 0xf0, 0x7a, 0xf9, 0x94, 0xfa, 0x94, 0xfa, 0x94, 0xfa, 0x94, 0xfa, 0x94, 0xfa,
  0x94, 0xfa, 0x94, 0xfa, 0x94, 0xfa, 0x94, 0xfa, 0x94, 0xfa, 0x94, 0xfa, 0x94, 0xfa, 0x94, 0xfa,
  0x94, 0xfa, 0xd5, 0xf2, 0x5a, 0xad, 0xbf, 0x37, 0xbf, 0x07, 0xd7, 0x05, 0xe8, 0x01, 0x01, 0x00,
  0x22, 0x00, 0x02, 0x00, 0x02, 0x00, 0x00, 0x00, 0x17, 0xb0, 0x3f, 0xf8, 0xf9, 0xf9, 0x94, 0xfa,
  0x94, 0xfa, 0x94, 0xfa, 0x94, 0xfa, 0x94, 0xfa, 0x94, 0xfa, 0x94, 0xfa, 0x94, 0xfa, 0x94, 0xfa,
  0x94, 0xfa, 0x94, 0xfa, 0x94, 0xfa, 0x94, 0xfa, 0x74, 0xfa, 0x76, 0xe3, 0x9f, 0x57, 0x9a, 0x06,
  0x13, 0x98, 0x7f, 0xf8, 0xb8, 0xf9, 0x94, 0xfa, 0x74, 0xfa, 0x94, 0xfa, 0x94, 0xfa, 0x94, 0xfa,
  0x94, 0xfa, 0x94, 0xfa, 0x94, 0xfa, 0x94, 0xfa, 0x94, 0xfa, 0x94, 0xfa, 0x94, 0xfa, 0x94, 0xfa,
  0x74, 0xfa, 0xf5, 0xe2, 0x7c, 0x8e, 0x3c, 0x07, 0x10, 0x04, 0x00, 0x00, 0x02, 0x00, 0x02, 0x00,
  0x02, 0x00, 0x02, 0x00, 0x02, 0x00, 0x02, 0x00, 0x02, 0x00, 0x02, 0x00, 0x02, 0x00, 0x02, 0x00,
  0x02, 0x00, 0x01, 0x00, 0x07, 0x30, 0x1d, 0xe0, 0xbe, 0xf8, 0x56, 0xfa, 0x94, 0xfa, 0x94, 0xfa,
  0x94, 0xfa, 0x94, 0xfa, 0x94, 0xfa, 0x94, 0xfa, 0x94, 0xfa, 0x94, 0xfa, 0x94, 0xfa, 0x94, 0xfa,
  0x94, 0xfa, 0x94, 0xfa, 0x74, 0xfa, 0x94, 0xfa, 0x7a, 0xb5, 0xbf, 0x07, 0x96, 0x05, 0x00, 0x00,
  0x02, 0x00, 0x22, 0x00, 0x00, 0x00, 0x0e, 0x70, 0x1b, 0xd8, 0x5c, 0xf9, 0x55, 0xfa, 0x94, 0xfa,
  0x94, 0xfa, 0x94, 0xfa, 0x94, 0xfa, 0x94, 0xfa, 0x94, 0xfa, 0x94, 0xfa, 0x94, 0xfa, 0x94, 0xfa,
  0x94, 0xfa, 0x94, 0xfa, 0x94, 0xfa, 0x94, 0xfa, 0x94, 0xfa, 0x94, 0xfa, 0x94, 0xfa, 0x94, 0xfa,
  0x94, 0xfa, 0x94, 0xfa, 0x94, 0xfa, 0x94, 0xfa, 0x94, 0xfa, 0x94, 0xfa, 0x94, 0xfa, 0x94, 0xfa,
  0x94, 0xfa, 0x94, 0xfa, 0x94, 0xfa, 0x94, 0xfa, 0x94, 0xfa, 0x94, 0xfa, 0x94, 0xfa, 0x94, 0xfa,
  0x94, 0xfa, 0x94, 0xfa, 0x54, 0xfa, 0xba, 0xbd, 0xbf, 0x07, 0x75, 0x05, 0x00, 0x00, 0x02, 0x00,
  0x01, 0x00, 0x27, 0x30, 0x1b, 0xd8, 0xdd, 0xf8, 0x56, 0xfa, 0x94, 0xfa, 0x94, 0xfa, 0x94, 0xfa,
  0x94, 0xfa, 0x94, 0xfa, 0x94, 0xfa, 0x94, 0xfa, 0x94, 0xfa, 0x94, 0xfa, 0x94, 0xfa, 0x94, 0xfa,
  0x94, 0xfa, 0x94, 0xfa, 0x94, 0xfa, 0x94, 0xfa, 0x94, 0xfa, 0x94, 0xfa, 0x94, 0xfa, 0x94, 0xfa,
  0x94, 0xfa, 0x94, 0xfa, 0x94, 0xfa, 0x94, 0xfa, 0x94, 0xfa, 0x94, 0xfa, 0x94, 0xfa, 0x94, 0xfa,
  0x94, 0xfa, 0x94, 0xfa, 0x94, 0xfa, 0x94, 0xfa, 0x94, 0xfa, 0x94, 0xfa, 0x94, 0xfa, 0x74, 0xfa,
  0xd5, 0xea, 0x5c, 0x96, 0xff, 0x07, 0xd7, 0x05, 0x29, 0x02, 0x01, 0x00, 0x22, 0x00, 0x02, 0x00,
  0x02, 0x00, 0x02, 0x00, 0x02, 0x00, 0x02, 0x00, 0x02, 0x00, 0x02, 0x00, 0x23, 0x18, 0xcb, 0x78,
  0x33, 0xe2, 0x94, 0xfa, 0x94, 0xfa, 0x94, 0xfa, 0x94, 0xfa, 0x94, 0xfa, 0x94, 0xfa, 0x94, 0xfa,
  0x94, 0xfa, 0x94, 0xfa, 0x94, 0xfa, 0x94, 0xfa, 0x94, 0xfa, 0x94, 0xfa, 0x94, 0xfa, 0x94, 0xfa,
  0x94, 0xfa, 0x94, 0xfa, 0x94, 0xfa, 0x94, 0xfa, 0x94, 0xfa, 0x94, 0xfa, 0x94, 0xfa, 0x94, 0xfa,
  0x94, 0xfa, 0x94, 0xfa, 0x94, 0xfa, 0x94, 0xfa, 0x94, 0xfa, 0x94, 0xfa, 0x94, 0xfa, 0x94, 0xfa,
  0x94, 0xfa, 0x54, 0xfa, 0x17, 0xc4, 0x9f, 0x4f, 0xf8, 0x05, 0x08, 0x02, 0x02, 0x00, 0x02, 0x00,
  0x02, 0x00, 0x02, 0x00, 0x02, 0x00, 0x02, 0x00, 0x02, 0x00, 0x03, 0x10, 0xc9, 0x60, 0xf1, 0xc9,
  0x95, 0xfa, 0x94, 0xfa, 0x94, 0xfa, 0x94, 0xfa, 0x94, 0xfa, 0x94, 0xfa, 0x94, 0xfa, 0x94, 0xfa,
  0x94, 0xfa, 0x94, 0xfa, 0x94, 0xfa, 0x94, 0xfa, 0x94, 0xfa, 0x94, 0xfa, 0x94, 0xfa, 0x94, 0xfa,
  0x94, 0xfa, 0x94, 0xfa, 0x94, 0xfa, 0x94, 0xfa, 0x94, 0xfa, 0x94, 0xfa, 0x94, 0xfa, 0x94, 0xfa,
  0x94, 0xfa, 0x94, 0xfa, 0x94, 0xfa, 0x94, 0xfa, 0x94, 0xfa, 0x94, 0xfa, 0x94, 0xfa, 0x94, 0xfa,
  0x94, 0xfa, 0x39, 0x9d, 0x9e, 0x27, 0xd0, 0x03, 0xa3, 0x00, 0x22, 0x00, 0x01, 0x00, 0x11, 0x80,
  0x3f, 0xf8, 0x7b, 0xf9, 0x94, 0xfa, 0x94, 0xfa, 0x94, 0xfa, 0x94, 0xfa, 0x94, 0xfa, 0x94, 0xfa,
  0x94, 0xfa, 0x94, 0xfa, 0x94, 0xfa, 0x94, 0xfa, 0x94, 0xfa, 0x94, 0xfa, 0x94, 0xfa, 0x94, 0xfa,
  0x94, 0xfa, 0x94, 0xfa, 0x94, 0xfa, 0x94, 0xfa, 0x94, 0xfa, 0x94, 0xfa, 0x94, 0xfa, 0x94, 0xfa,
  0x94, 0xfa, 0x94, 0xfa, 0x94, 0xfa, 0x94, 0xfa, 0x94, 0xfa, 0x94, 0xfa, 0x94, 0xfa, 0x94, 0xfa,
  0x94, 0xfa, 0x94, 0xfa, 0x94, 0xfa, 0x94, 0xfa, 0x94, 0xfa, 0x94, 0xfa, 0x74, 0xfa, 0x57, 0xd4,
  0x5e, 0x3f, 0x9e, 0x07, 0xd3, 0x04, 0x00, 0x00, 0x22, 0x00, 0x02, 0x00, 0x02, 0x00, 0x02, 0x00,
  0x02, 0x00, 0x02, 0x00, 0x01, 0x00, 0x25, 0x20, 0x19, 0xc0, 0x9e, 0xf8, 0x17, 0xfa, 0x94, 0xfa,
  0x94, 0xfa, 0x94, 0xfa, 0x94, 0xfa, 0x94, 0xfa, 0x94, 0xfa, 0x94, 0xfa, 0x94, 0xfa, 0x94, 0xfa,
  0x94, 0xfa, 0x94, 0xfa, 0x94, 0xfa, 0x94, 0xfa, 0x94, 0xfa, 0x94, 0xfa, 0x94, 0xfa, 0x94, 0xfa,
  0x94, 0xfa, 0x94, 0xfa, 0x94, 0xfa, 0x94, 0xfa, 0x94, 0xfa, 0x94, 0xfa, 0x94, 0xfa, 0x94, 0xfa,
  0x94, 0xfa, 0x94, 0xfa, 0x94, 0xfa, 0x94, 0xfa, 0x94, 0xfa, 0x94, 0xfa, 0x94, 0xfa, 0x94, 0xfa,
  0x94, 0xfa, 0x94, 0xfa, 0x54, 0xfa, 0x17, 0xd4, 0x1e, 0x57, 0x18, 0x06, 0x87, 0x01, 0x00, 0x00,
  0x22, 0x00, 0x00, 0x00, 0x17, 0xb0, 0x1f, 0xf8, 0x19, 0xfa, 0x94, 0xfa, 0x94, 0xfa, 0x94, 0xfa,
  0x94, 0xfa, 0x94, 0xfa, 0x94, 0xfa, 0x94, 0xfa, 0x94, 0xfa, 0x94, 0xfa, 0x94, 0xfa, 0x94, 0xfa,
  0x94, 0xfa, 0x94, 0xfa, 0x94, 0xfa, 0x94, 0xfa, 0x94, 0xfa, 0x94, 0xfa, 0x94, 0xfa, 0x94, 0xfa,
  0x94, 0xfa, 0x94, 0xfa, 0x94, 0xfa, 0x94, 0xfa, 0x94, 0xfa, 0x94, 0xfa, 0x94, 0xfa, 0x94, 0xfa,
  0x94, 0xfa, 0x94, 0xfa, 0x94, 0xfa, 0x94, 0xfa, 0x94, 0xfa, 0x94, 0xfa, 0x94, 0xfa, 0x94, 0xfa,
  0x74, 0xfa, 0xf5, 0xe2, 0xfd, 0x86, 0x9a, 0x06, 0x2d, 0x03, 0x00, 0x00, 0x02, 0x08, 0x01, 0x08,
  0x0f, 0x78, 0x3e, 0xf0, 0x7a, 0xf9, 0x94, 0xfa, 0x94, 0xfa, 0x94, 0xfa, 0x94, 0xfa, 0x94, 0xfa,
  0x94, 0xfa, 0x94, 0xfa, 0x94, 0xfa, 0x94, 0xfa, 0x94, 0xfa, 0x94, 0xfa, 0x94, 0xfa, 0x94, 0xfa,
  0x94, 0xfa, 0x74, 0xfa, 0x15, 0xeb, 0xbb, 0x9d, 0xdf, 0x27, 0x9e, 0x07, 0x55, 0x05, 0x86, 0x01,
  0x01, 0x00, 0x22, 0x00, 0x01, 0x00, 0x00, 0x00, 0x17, 0xb8, 0x3f, 0xf8, 0xf9, 0xf9, 0x94, 0xfa,
  0x94, 0xfa, 0x94, 0xfa, 0x94, 0xfa, 0x94, 0xfa, 0x94, 0xfa, 0x94, 0xfa, 0x94, 0xfa, 0x94, 0xfa,
  0x94, 0xfa, 0x94, 0xfa, 0x94, 0xfa, 0x94, 0xfa, 0x74, 0xfa, 0x76, 0xe3, 0x9f, 0x57, 0x9a, 0x06,
  0x13, 0x98, 0x7f, 0xf8, 0xb8, 0xf9, 0x94, 0xfa, 0x74, 0xfa, 0x94, 0xfa, 0x94, 0xfa, 0x94, 0xfa,
  0x94, 0xfa, 0x94, 0xfa, 0x94, 0xfa, 0x94, 0xfa, 0x94, 0xfa, 0x94, 0xfa, 0x94, 0xfa, 0x94, 0xfa,
  0x74, 0xfa, 0xf5, 0xe2, 0x7c, 0x8e, 0x3c, 0x07, 0x10, 0x04, 0x00, 0x00, 0x02, 0x00, 0x02, 0x00,
  0x02, 0x00, 0x02, 0x00, 0x02, 0x00, 0x02, 0x00, 0x02, 0x00, 0x02, 0x00, 0x02, 0x00, 0x02, 0x00,
  0x02, 0x00, 0x01, 0x00, 0x07, 0x30, 0x1d, 0xe0, 0xbe, 0xf8, 0x56, 0xfa, 0x94, 0xfa, 0x94, 0xfa,
  0x94, 0xfa, 0x94, 0xfa, 0x94, 0xfa, 0x94, 0xfa, 0x94, 0xfa, 0x94, 0xfa, 0x94, 0xfa, 0x94, 0xfa,
  0x94, 0xfa, 0x94, 0xfa, 0x74, 0xfa, 0x94, 0xfa, 0x7a, 0xb5, 0xbf, 0x07, 0x96, 0x05, 0x00, 0x00,
  0x02, 0x00, 0x22, 0x00, 0x00, 0x00, 0x0e, 0x68, 0x1b, 0xd8, 0x5c, 0xf9, 0x55, 0xfa, 0x94, 0xfa,
  0x94, 0xfa, 0x94, 0xfa, 0x94, 0xfa, 0x94, 0xfa, 0x94, 0xfa, 0x94, 0xfa, 0x94, 0xfa, 0x94, 0xfa,
  0x94, 0xfa, 0x94, 0xfa, 0x94, 0xfa, 0x94, 0xfa, 0x94, 0xfa, 0x94, 0xfa, 0x94, 0xfa, 0x94, 0xfa,
  0x94, 0xfa, 0x94, 0xfa, 0x94, 0xfa, 0x94, 0xfa, 0x94, 0xfa, 0x94, 0xfa, 0x94, 0xfa, 0x94, 0xfa,
  0x94, 0xfa, 0x94, 0xfa, 0x94, 0xfa, 0x94, 0xfa, 0x94, 0xfa, 0x94, 0xfa, 0x94, 0xfa, 0x94, 0xfa,
  0x94, 0xfa, 0x94, 0xfa, 0x54, 0xfa, 0xba, 0xbd, 0xbf, 0x07, 0x75, 0x05, 0x00, 0x00, 0x02, 0x00,
  0x01, 0x00, 0x27, 0x30, 0x1b, 0xd8, 0xdd, 0xf8, 0x56, 0xfa, 0x94, 0xfa, 0x94, 0xfa, 0x94, 0xfa,
  0x94, 0xfa, 0x94, 0xfa, 0x94, 0xfa, 0x94, 0xfa, 0x94, 0xfa, 0x94, 0xfa, 0x94, 0xfa, 0x94, 0xfa,
  0x94, 0xfa, 0x94, 0xfa, 0x94, 0xfa, 0x94, 0xfa, 0x94, 0xfa, 0x94, 0xfa, 0x94, 0xfa, 0x94, 0xfa,
  0x94, 0xfa, 0x94, 0xfa, 0x94, 0xfa, 0x94, 0xfa, 0x94, 0xfa, 0x94, 0xfa, 0x94, 0xfa, 0x94, 0xfa,
  0x94, 0xfa, 0x94, 0xfa, 0x94, 0xfa, 0x94, 0xfa, 0x94, 0xfa, 0x94, 0xfa, 0x94, 0xfa, 0x94, 0xfa,
  0x54, 0xfa, 0x98, 0xbc, 0x5e, 0x47, 0xdb, 0x06, 0x6e, 0x03, 0x00, 0x00, 0x02, 0x00, 0x02, 0x00,
  0x02, 0x00, 0x02, 0x00, 0x02, 0x00, 0x02, 0x00, 0x02, 0x00, 0x23, 0x10, 0x6c, 0x68, 0xb4, 0xd9,
  0x94, 0xfa, 0x94, 0xfa, 0x94, 0xfa, 0x94, 0xfa, 0x94, 0xfa, 0x94, 0xfa, 0x94, 0xfa, 0x94, 0xfa,
  0x94, 0xfa, 0x94, 0xfa, 0x94, 0xfa, 0x94, 0xfa, 0x94, 0xfa, 0x94, 0xfa, 0x94, 0xfa, 0x94, 0xfa,
  0x94, 0xfa, 0x94, 0xfa, 0x94, 0xfa, 0x94, 0xfa, 0x94, 0xfa, 0x94, 0xfa, 0x94, 0xfa, 0x94, 0xfa,
  0x94, 0xfa, 0x94, 0xfa, 0x94, 0xfa, 0x94, 0xfa, 0x94, 0xfa, 0x94, 0xfa, 0x94, 0xfa, 0x94, 0xfa,
  0x94, 0xfa, 0x54, 0xfa, 0x17, 0xc4, 0x9f, 0x4f, 0xf8, 0x05, 0x08, 0x02, 0x02, 0x00, 0x02, 0x00,
  0x02, 0x00, 0x02, 0x00, 0x02, 0x00, 0x02, 0x00, 0x03, 0x10, 0x6a, 0x58, 0x92, 0xc1, 0x95, 0xfa,
  0x74, 0xfa, 0x94, 0xfa, 0x94, 0xfa, 0x94, 0xfa, 0x94, 0xfa, 0x94, 0xfa, 0x94, 0xfa, 0x94, 0xfa,
  0x94, 0xfa, 0x94, 0xfa, 0x94, 0xfa, 0x94, 0xfa, 0x94, 0xfa, 0x94, 0xfa, 0x94, 0xfa, 0x94, 0xfa,
  0x94, 0xfa, 0x94, 0xfa, 0x94, 0xfa, 0x94, 0xfa, 0x94, 0xfa, 0x94, 0xfa, 0x94, 0xfa, 0x94, 0xfa,
  0x94, 0xfa, 0x94, 0xfa, 0x94, 0xfa, 0x94, 0xfa, 0x94, 0xfa, 0x94, 0xfa, 0x94, 0xfa, 0x94, 0xfa,
  0x94, 0xfa, 0x39, 0x9d, 0x9e, 0x27, 0xd0, 0x03, 0xa3, 0x00, 0x22, 0x00, 0x01, 0x00, 0x11, 0x80,
  0x3f, 0xf8, 0x7b, 0xf9, 0x94, 0xfa, 0x94, 0xfa, 0x94, 0xfa, 0x94, 0xfa, 0x94, 0xfa, 0x94, 0xfa,
  0x94, 0xfa, 0x94, 0xfa, 0x94, 0xfa, 0x94, 0xfa, 0x94, 0xfa, 0x94, 0xfa, 0x94, 0xfa, 0x94, 0xfa,
  0x94, 0xfa, 0x94, 0xfa, 0x94, 0xfa, 0x94, 0xfa, 0x94, 0xfa, 0x94, 0xfa, 0x94, 0xfa, 0x94, 0xfa,
  0x94, 0xfa, 0x94, 0xfa, 0x94, 0xfa, 0x94, 0xfa, 0x94, 0xfa, 0x94, 0xfa, 0x94, 0xfa, 0x94, 0xfa,
  0x94, 0xfa, 0x94, 0xfa, 0x94, 0xfa, 0x94, 0xfa, 0x94, 0xfa, 0x94, 0xfa, 0x94, 0xfa, 0xf5, 0xf2,
  0xbb, 0x95, 0xff, 0x0f, 0x9a, 0x06, 0xa4, 0x00, 0x01, 0x00, 0x22, 0x00, 0x02, 0x00, 0x02, 0x00,
  0x02, 0x00, 0x02, 0x00, 0x01, 0x00, 0x25, 0x18, 0x19, 0xc0, 0x9e, 0xf8, 0x17, 0xfa, 0x94, 0xfa,
  0x94, 0xfa, 0x94, 0xfa, 0x94, 0xfa, 0x94, 0xfa, 0x94, 0xfa, 0x94, 0xfa, 0x94, 0xfa, 0x94, 0xfa,
  0x94, 0xfa, 0x94, 0xfa, 0x94, 0xfa, 0x94, 0xfa, 0x94, 0xfa, 0x94, 0xfa, 0x94, 0xfa, 0x94, 0xfa,
  0x94, 0xfa, 0x94, 0xfa, 0x94, 0xfa, 0x94, 0xfa, 0x94, 0xfa, 0x94, 0xfa, 0x94, 0xfa, 0x94, 0xfa,
  0x94, 0xfa, 0x94, 0xfa, 0x94, 0xfa, 0x94, 0xfa, 0x94, 0xfa, 0x94, 0xfa, 0x94, 0xfa, 0x94, 0xfa,
  0x94, 0xfa, 0x94, 0xfa, 0x54, 0xfa, 0x17, 0xd4, 0x1e, 0x57, 0x18, 0x06, 0x87, 0x01, 0x00, 0x00,
  0x22, 0x00, 0x00, 0x00, 0x17, 0xb0, 0x1f, 0xf8, 0x19, 0xfa, 0x94, 0xfa, 0x94, 0xfa, 0x94, 0xfa,
  0x94, 0xfa, 0x94, 0xfa, 0x94, 0xfa, 0x94, 0xfa, 0x94, 0xfa, 0x94, 0xfa, 0x94, 0xfa, 0x94, 0xfa,
  0x94, 0xfa, 0x94, 0xfa, 0x94, 0xfa, 0x94, 0xfa, 0x94, 0xfa, 0x94, 0xfa, 0x94, 0xfa, 0x94, 0xfa,
  0x94, 0xfa, 0x94, 0xfa, 0x94, 0xfa, 0x94, 0xfa, 0x94, 0xfa, 0x94, 0xfa, 0x94, 0xfa, 0x94, 0xfa,
  0x94, 0xfa, 0x94, 0xfa, 0x94, 0xfa, 0x94, 0xfa, 0x94, 0xfa, 0x94, 0xfa, 0x94, 0xfa, 0x94, 0xfa,
  0x74, 0xfa, 0xf5, 0xe2, 0xfd, 0x86, 0x9a, 0x06, 0x2d, 0x03, 0x00, 0x00, 0x02, 0x08, 0x01, 0x08,
  0x0f, 0x78, 0x3e, 0xf0, 0x7a, 0xf9, 0x94, 0xfa, 0x94, 0xfa, 0x94, 0xfa, 0x94, 0xfa, 0x94, 0xfa,
  0x94, 0xfa, 0x94, 0xfa, 0x94, 0xfa, 0x94, 0xfa, 0x94, 0xfa, 0x94, 0xfa, 0x94, 0xfa, 0x94, 0xfa,
  0x94, 0xfa, 0x94, 0xfa, 0x74, 0xfa, 0x76, 0xeb, 0x1b, 0x8e, 0xff, 0x1f, 0x5d, 0x07, 0xb3, 0x04,
  0x25, 0x01, 0x01, 0x00, 0x22, 0x00, 0x00, 0x00, 0x17, 0xb8, 0x3f, 0xf8, 0xf9, 0xf9, 0x94, 0xfa,
  0x94, 0xfa, 0x94, 0xfa, 0x94, 0xfa, 0x94, 0xfa, 0x94, 0xfa, 0x94, 0xfa, 0x94, 0xfa, 0x94, 0xfa,
  0x94, 0xfa, 0x94, 0xfa, 0x94, 0xfa, 0x94, 0xfa, 0x74, 0xfa, 0x76, 0xe3, 0x9f, 0x57, 0x9a, 0x06,
  0x13, 0x98, 0x7f, 0xf8, 0xb8, 0xf9, 0x94, 0xfa, 0x74, 0xfa, 0x94, 0xfa, 0x94, 0xfa, 0x94, 0xfa,
  0x94, 0xfa, 0x94, 0xfa, 0x94, 0xfa, 0x94, 0xfa, 0x94, 0xfa, 0x94, 0xfa, 0x94, 0xfa, 0x94, 0xfa,
  0x74, 0xfa, 0xf5, 0xe2, 0x7c, 0x8e, 0x3c, 0x07, 0x10, 0x04, 0x00, 0x00, 0x02, 0x00, 0x02, 0x00,
  0x02, 0x00, 0x02, 0x00, 0x02, 0x00, 0x02, 0x00, 0x02, 0x00, 0x02, 0x00, 0x02, 0x00, 0x02, 0x00,
  0x02, 0x00, 0x01, 0x00, 0x07, 0x30, 0x1d, 0xe0, 0xbe, 0xf8, 0x56, 0xfa, 0x94, 0xfa, 0x94, 0xfa,
  0x94, 0xfa, 0x94, 0xfa, 0x94, 0xfa, 0x94, 0xfa, 0x94, 0xfa, 0x94, 0xfa, 0x94, 0xfa, 0x94, 0xfa,
  0x94, 0xfa, 0x94, 0xfa, 0x74, 0xfa, 0x94, 0xfa, 0x7a, 0xb5, 0xbf, 0x07, 0x96, 0x05, 0x00, 0x00,
  0x02, 0x00, 0x22, 0x00, 0x00, 0x00, 0x0e, 0x68, 0x1b, 0xd8, 0x5c, 0xf9, 0x55, 0xfa, 0x94, 0xfa,
  0x94, 0xfa, 0x94, 0xfa, 0x94, 0xfa, 0x94, 0xfa, 0x94, 0xfa, 0x94, 0xfa, 0x94, 0xfa, 0x94, 0xfa,
  0x94, 0xfa, 0x94, 0xfa, 0x94, 0xfa, 0x94, 0xfa, 0x94, 0xfa, 0x94, 0xfa, 0x94, 0xfa, 0x94, 0xfa,
  0x94, 0xfa, 0x94, 0xfa, 0x94, 0xfa, 0x94, 0xfa, 0x94, 0xfa, 0x94, 0xfa, 0x94, 0xfa, 0x94, 0xfa,
  0x94, 0xfa, 0x94, 0xfa, 0x94, 0xfa, 0x94, 0xfa, 0x94, 0xfa, 0x94, 0xfa, 0x94, 0xfa, 0x94, 0xfa,
  0x94, 0xfa, 0x94, 0xfa, 0x54, 0xfa, 0xba, 0xbd, 0xbf, 0x07, 0x75, 0x05, 0x00, 0x00, 0x02, 0x00,
  0x01, 0x00, 0x27, 0x30, 0x1b, 0xd8, 0xdd, 0xf8, 0x56, 0xfa, 0x94, 0xfa, 0x94, 0xfa, 0x94, 0xfa,
  0x94, 0xfa, 0x94, 0xfa, 0x94, 0xfa, 0x94, 0xfa, 0x94, 0xfa, 0x94, 0xfa, 0x94, 0xfa, 0x94, 0xfa,
  0x94, 0xfa, 0x94, 0xfa, 0x94, 0xfa, 0x94, 0xfa, 0x94, 0xfa, 0x94, 0xfa, 0x94, 0xfa, 0x94, 0xfa,
  0x94, 0xfa, 0x94, 0xfa, 0x94, 0xfa, 0x94, 0xfa, 0x94, 0xfa, 0x94, 0xfa, 0x94, 0xfa, 0x94, 0xfa,
  0x94, 0xfa, 0x94, 0xfa, 0x94, 0xfa, 0x94, 0xfa, 0x94, 0xfa, 0x94, 0xfa, 0x94, 0xfa, 0x94, 0xfa,
  0x54, 0xfa, 0x36, 0xdb, 0xfd, 0x7e, 0xbe, 0x07, 0x51, 0x04, 0x00, 0x00, 0x02, 0x00, 0x02, 0x00,
  0x02, 0x00, 0x02, 0x00, 0x02, 0x00, 0x02, 0x00, 0x22, 0x08, 0x29, 0x48, 0xf7, 0xc8, 0x76, 0xfa,
  0x94, 0xfa, 0x94, 0xfa, 0x94, 0xfa, 0x94, 0xfa, 0x94, 0xfa, 0x94, 0xfa, 0x94, 0xfa, 0x94, 0xfa,
  0x94, 0xfa, 0x94, 0xfa, 0x94, 0xfa, 0x94, 0xfa, 0x94, 0xfa, 0x94, 0xfa, 0x94, 0xfa, 0x94, 0xfa,
  0x94, 0xfa, 0x94, 0xfa, 0x94, 0xfa, 0x94, 0xfa, 0x94, 0xfa, 0x94, 0xfa, 0x94, 0xfa, 0x94, 0xfa,
  0x94, 0xfa, 0x94, 0xfa, 0x94, 0xfa, 0x94, 0xfa, 0x94, 0xfa, 0x94, 0xfa, 0x94, 0xfa, 0x94, 0xfa,
  0x94, 0xfa, 0x54, 0xfa, 0x17, 0xc4, 0x9f, 0x4f, 0xf8, 0x05, 0x08, 0x02, 0x02, 0x00, 0x02, 0x00,
  0x02, 0x00, 0x02, 0x00, 0x02, 0x00, 0x02, 0x00, 0x09, 0x48, 0x14, 0xb9, 0x56, 0xfa, 0x94, 0xfa,
  0x74, 0xfa, 0x94, 0xfa, 0x94, 0xfa, 0x94, 0xfa, 0x94, 0xfa, 0x94, 0xfa, 0x94, 0xfa, 0x94, 0xfa,
  0x94, 0xfa, 0x94, 0xfa, 0x94, 0xfa, 0x94, 0xfa, 0x94, 0xfa, 0x94, 0xfa, 0x94, 0xfa, 0x94, 0xfa,
  0x94, 0xfa, 0x94, 0xfa, 0x94, 0xfa, 0x94, 0xfa, 0x94, 0xfa, 0x94, 0xfa, 0x94, 0xfa, 0x94, 0xfa,
  0x94, 0xfa, 0x94, 0xfa, 0x94, 0xfa, 0x94, 0xfa, 0x94, 0xfa, 0x94, 0xfa, 0x94, 0xfa, 0x94, 0xfa,
  0x94, 0xfa, 0x39, 0x9d, 0x9e, 0x27, 0xd0, 0x03, 0xa3, 0x00, 0x22, 0x00, 0x01, 0x00, 0x11, 0x80,
  0x3f, 0xf8, 0x7b, 0xf9, 0x94, 0xfa, 0x94, 0xfa, 0x94, 0xfa, 0x94, 0xfa, 0x94, 0xfa, 0x94, 0xfa,
  0x94, 0xfa, 0x94, 0xfa, 0x94, 0xfa, 0x94, 0xfa, 0x94, 0xfa, 0x94, 0xfa, 0x94, 0xfa, 0x94, 0xfa,
  0x94, 0xfa, 0x94, 0xfa, 0x94, 0xfa, 0x94, 0xfa, 0x94, 0xfa, 0x94, 0xfa, 0x94, 0xfa, 0x94, 0xfa,
  0x94, 0xfa, 0x94, 0xfa, 0x94, 0xfa, 0x94, 0xfa, 0x94, 0xfa, 0x94, 0xfa, 0x94, 0xfa, 0x94, 0xfa,
  0x94, 0xfa, 0x94, 0xfa, 0x94, 0xfa, 0x94, 0xfa, 0x94, 0xfa, 0x94, 0xfa, 0x94, 0xfa, 0x74, 0xfa,
  0x98, 0xd4, 0xbf, 0x27, 0x1c, 0x07, 0x29, 0x02, 0x00, 0x00, 0x22, 0x00, 0x02, 0x00, 0x02, 0x00,
  0x02, 0x00, 0x02, 0x00, 0x01, 0x00, 0x25, 0x18, 0x19, 0xc0, 0x9e, 0xf8, 0x17, 0xfa, 0x94, 0xfa,
  0x94, 0xfa, 0x94, 0xfa, 0x94, 0xfa, 0x94, 0xfa, 0x94, 0xfa, 0x94, 0xfa, 0x94, 0xfa, 0x94, 0xfa,
  0x94, 0xfa, 0x94, 0xfa, 0x94, 0xfa, 0x94, 0xfa, 0x94, 0xfa, 0x94, 0xfa, 0x94, 0xfa, 0x94, 0xfa,
  0x94, 0xfa, 0x94, 0xfa, 0x94, 0xfa, 0x94, 0xfa, 0x94, 0xfa, 0x94, 0xfa, 0x94, 0xfa, 0x94, 0xfa,
  0x94, 0xfa, 0x94, 0xfa, 0x94, 0xfa, 0x94, 0xfa, 0x94, 0xfa, 0x94, 0xfa, 0x94, 0xfa, 0x94, 0xfa,
  0x94, 0xfa, 0x94, 0xfa, 0x54, 0xfa, 0x17, 0xd4, 0x1e, 0x57, 0x18, 0x06, 0x87, 0x01, 0x00, 0x00,
  0x22, 0x00, 0x00, 0x00, 0x17, 0xb0, 0x1f, 0xf8, 0x19, 0xfa, 0x94, 0xfa, 0x94, 0xfa, 0x94, 0xfa,
  0x94, 0xfa, 0x94, 0xfa, 0x94, 0xfa, 0x94, 0xfa, 0x94, 0xfa, 0x94, 0xfa, 0x94, 0xfa, 0x94, 0xfa,
  0x94, 0xfa, 0x94, 0xfa, 0x94, 0xfa, 0x94, 0xfa, 0x94, 0xfa, 0x94, 0xfa, 0x94, 0xfa, 0x94, 0xfa,
  0x94, 0xfa, 0x94, 0xfa, 0x94, 0xfa, 0x94, 0xfa, 0x94, 0xfa, 0x94, 0xfa, 0x94, 0xfa, 0x94, 0xfa,
  0x94, 0xfa, 0x94, 0xfa, 0x94, 0xfa, 0x94, 0xfa, 0x94, 0xfa, 0x94, 0xfa, 0x94, 0xfa, 0x94, 0xfa,
  0x74, 0xfa, 0xf5, 0xe2, 0xfd, 0x86, 0x9a, 0x06, 0x2d, 0x03, 0x00, 0x00, 0x02, 0x08, 0x01, 0x08,
  0x0f, 0x78, 0x3e, 0xf0, 0x7a, 0xf9, 0x94, 0xfa, 0x94, 0xfa, 0x94, 0xfa, 0x94, 0xfa, 0x94, 0xfa,
  0x94, 0xfa, 0x94, 0xfa, 0x94, 0xfa, 0x94, 0xfa, 0x94, 0xfa, 0x94, 0xfa, 0x94, 0xfa, 0x94, 0xfa,
  0x94, 0xfa, 0x94, 0xfa, 0x94, 0xfa, 0x74, 0xfa, 0xb6, 0xe3, 0x7c, 0x7e, 0xff, 0x0f, 0x3c, 0x07,
  0x31, 0x04, 0xa3, 0x00, 0x01, 0x00, 0x00, 0x00, 0x17, 0xb8, 0x3f, 0xf8, 0xf9, 0xf9, 0x94, 0xfa,
  0x94, 0xfa, 0x94, 0xfa, 0x94, 0xfa, 0x94, 0xfa, 0x94, 0xfa, 0x94, 0xfa, 0x94, 0xfa, 0x94, 0xfa,
  0x94, 0xfa, 0x94, 0xfa, 0x94, 0xfa, 0x94, 0xfa, 0x74, 0xfa, 0x76, 0xe3, 0x9f, 0x57, 0x9a, 0x06,
  0x13, 0x98, 0x7f, 0xf8, 0xb8, 0xf9, 0x94, 0xfa, 0x74, 0xfa, 0x94, 0xfa, 0x94, 0xfa, 0x94, 0xfa,
  0x94, 0xfa, 0x94, 0xfa, 0x94, 0xfa, 0x94, 0xfa, 0x94, 0xfa, 0x94, 0xfa, 0x94, 0xfa, 0x94, 0xfa,
  0x74, 0xfa, 0xf5, 0xe2, 0x7c, 0x8e, 0x3c, 0x07, 0x10, 0x04, 0x00, 0x00, 0x02, 0x00, 0x02, 0x00,
  0x02, 0x00, 0x02, 0x00, 0x02, 0x00, 0x02, 0x00, 0x02, 0x00, 0x02, 0x00, 0x02, 0x00, 0x02, 0x00,
  0x02, 0x00, 0x01, 0x00, 0x07, 0x30, 0x1d, 0xe0, 0xbe, 0xf8, 0x56, 0xfa, 0x94, 0xfa, 0x94, 0xfa,
  0x94, 0xfa, 0x94, 0xfa, 0x94, 0xfa, 0x94, 0xfa, 0x94, 0xfa, 0x94, 0xfa, 0x94, 0xfa, 0x94, 0xfa,
  0x94, 0xfa, 0x94, 0xfa, 0x74, 0xfa, 0x94, 0xfa, 0x7a, 0xb5, 0xbf, 0x07, 0x96, 0x05, 0x00, 0x00,
  0x02, 0x00, 0x22, 0x00, 0x00, 0x00, 0x0e, 0x68, 0x1b, 0xd8, 0x5c, 0xf9, 0x55, 0xfa, 0x94, 0xfa,
  0x94, 0xfa, 0x94, 0xfa, 0x94, 0xfa, 0x94, 0xfa, 0x94, 0xfa, 0x94, 0xfa, 0x94, 0xfa, 0x94, 0xfa,
  0x94, 0xfa, 0x94, 0xfa, 0x94, 0xfa, 0x94, 0xfa, 0x94, 0xfa, 0x94, 0xfa, 0x94, 0xfa, 0x94, 0xfa,
  0x94, 0xfa, 0x94, 0xfa, 0x94, 0xfa, 0x94, 0xfa, 0x94, 0xfa, 0x94, 0xfa, 0x94, 0xfa, 0x94, 0xfa,
  0x94, 0xfa, 0x94, 0xfa, 0x94, 0xfa, 0x94, 0xfa, 0x94, 0xfa, 0x94, 0xfa, 0x94, 0xfa, 0x94, 0xfa,
  0x94, 0xfa, 0x94, 0xfa, 0x54, 0xfa, 0xba, 0xbd, 0xbf, 0x07, 0x75, 0x05, 0x00, 0x00, 0x02, 0x00,
  0x01, 0x00, 0x27, 0x30, 0x1b, 0xd8, 0xdd, 0xf8, 0x56, 0xfa, 0x94, 0xfa, 0x94, 0xfa, 0x94, 0xfa,
  0x94, 0xfa, 0x94, 0xfa, 0x94, 0xfa, 0x94, 0xfa, 0x94, 0xfa, 0x94, 0xfa, 0x94, 0xfa, 0x94, 0xfa,
  0x94, 0xfa, 0x94, 0xfa, 0x94, 0xfa, 0x94, 0xfa, 0x94, 0xfa, 0x94, 0xfa, 0x94, 0xfa, 0x94, 0xfa,
  0x94, 0xfa, 0x94, 0xfa, 0x94, 0xfa, 0x94, 0xfa, 0x94, 0xfa, 0x94, 0xfa, 0x94, 0xfa, 0x94, 0xfa,
  0x94, 0xfa, 0x94, 0xfa, 0x94, 0xfa, 0x94, 0xfa, 0x94, 0xfa, 0x94, 0xfa, 0x94, 0xfa, 0x94, 0xfa,
  0x74, 0xfa, 0x94, 0xfa, 0x9c, 0x9e, 0xff, 0x07, 0xb3, 0x04, 0x00, 0x00, 0x02, 0x00, 0x02, 0x00,
  0x02, 0x00, 0x02, 0x00, 0x02, 0x00, 0x02, 0x00, 0x25, 0x20, 0x34, 0x98, 0x7a, 0xf9, 0x94, 0xfa,
  0x94, 0xfa, 0x94, 0xfa, 0x94, 0xfa, 0x94, 0xfa, 0x94, 0xfa, 0x94, 0xfa, 0x94, 0xfa, 0x94, 0xfa,
  0x94, 0xfa, 0x94, 0xfa, 0x94, 0xfa, 0x94, 0xfa, 0x94, 0xfa, 0x94, 0xfa, 0x94, 0xfa, 0x94, 0xfa,
  0x94, 0xfa, 0x94, 0xfa, 0x94, 0xfa, 0x94, 0xfa, 0x94, 0xfa, 0x94, 0xfa, 0x94, 0xfa, 0x94, 0xfa,
  0x94, 0xfa, 0x94, 0xfa, 0x94, 0xfa, 0x94, 0xfa, 0x94, 0xfa, 0x94, 0xfa, 0x94, 0xfa, 0x94, 0xfa,
  0x94, 0xfa, 0x54, 0xfa, 0x17, 0xc4, 0x9f, 0x4f, 0xf8, 0x05, 0x08, 0x02, 0x02, 0x00, 0x02, 0x00,
  0x02, 0x00, 0x02, 0x00, 0x02, 0x00, 0x05, 0x28, 0x51, 0x90, 0x9a, 0xf9, 0x94, 0xfa, 0x74, 0xfa,
  0x94, 0xfa, 0x94, 0xfa, 0x94, 0xfa, 0x94, 0xfa, 0x94, 0xfa, 0x94, 0xfa, 0x94, 0xfa, 0x94, 0xfa,
  0x94, 0xfa, 0x94, 0xfa, 0x94, 0xfa, 0x94, 0xfa, 0x94, 0xfa, 0x94, 0xfa, 0x94, 0xfa, 0x94, 0xfa,
  0x94, 0xfa, 0x94, 0xfa, 0x94, 0xfa, 0x94, 0xfa, 0x94, 0xfa, 0x94, 0xfa, 0x94, 0xfa, 0x94, 0xfa,
  0x94, 0xfa, 0x94, 0xfa, 0x94, 0xfa, 0x94, 0xfa, 0x94, 0xfa, 0x94, 0xfa, 0x94, 0xfa, 0x94, 0xfa,
  0x94, 0xfa, 0x39, 0x9d, 0x9e, 0x27, 0xd0, 0x03, 0xa3, 0x00, 0x22, 0x00, 0x01, 0x00, 0x11, 0x80,
  0x3f, 0xf8, 0x7b, 0xf9, 0x94, 0xfa, 0x94, 0xfa, 0x94, 0xfa, 0x94, 0xfa, 0x94, 0xfa, 0x94, 0xfa,
  0x94, 0xfa, 0x94, 0xfa, 0x94, 0xfa, 0x94, 0xfa, 0x94, 0xfa, 0x94, 0xfa, 0x94, 0xfa, 0x94, 0xfa,
  0x94, 0xfa, 0x94, 0xfa, 0x94, 0xfa, 0x94, 0xfa, 0x94, 0xfa, 0x94, 0xfa, 0x94, 0xfa, 0x94, 0xfa,
  0x94, 0xfa, 0x94, 0xfa, 0x94, 0xfa, 0x94, 0xfa, 0x94, 0xfa, 0x94, 0xfa, 0x94, 0xfa, 0x94, 0xfa,
  0x94, 0xfa, 0x94, 0xfa, 0x94, 0xfa, 0x94, 0xfa, 0x94, 0xfa, 0x94, 0xfa, 0x94, 0xfa, 0x74, 0xfa,
  0x96, 0xeb, 0xbd, 0x56, 0x3d, 0x07, 0x2e, 0x03, 0x00, 0x00, 0x22, 0x00, 0x02, 0x00, 0x02, 0x00,
  0x02, 0x00, 0x02, 0x00, 0x01, 0x00, 0x25, 0x18, 0x19, 0xc0, 0x9e, 0xf8, 0x17, 0xfa, 0x94, 0xfa,
  0x94, 0xfa, 0x94, 0xfa, 0x94, 0xfa, 0x94, 0xfa, 0x94, 0xfa, 0x94, 0xfa, 0x94, 0xfa, 0x94, 0xfa,
  0x94, 0xfa, 0x94, 0xfa, 0x94, 0xfa, 0x94, 0xfa, 0x94, 0xfa, 0x94, 0xfa, 0x94, 0xfa, 0x94, 0xfa,
  0x94, 0xfa, 0x94, 0xfa, 0x94, 0xfa, 0x94, 0xfa, 0x94, 0xfa, 0x94, 0xfa, 0x94, 0xfa, 0x94, 0xfa,
  0x94, 0xfa, 0x94, 0xfa, 0x94, 0xfa, 0x94, 0xfa, 0x94, 0xfa, 0x94, 0xfa, 0x94, 0xfa, 0x94, 0xfa,
  0x94, 0xfa, 0x94, 0xfa, 0x54, 0xfa, 0x17, 0xd4, 0x1e, 0x57, 0x18, 0x06, 0x87, 0x01, 0x00, 0x00,
  0x22, 0x00, 0x00, 0x00, 0x17, 0xb0, 0x1f, 0xf8, 0x19, 0xfa, 0x94, 0xfa, 0x94, 0xfa, 0x94, 0xfa,
  0x94, 0xfa, 0x94, 0xfa, 0x94, 0xfa, 0x94, 0xfa, 0x94, 0xfa, 0x94, 0xfa, 0x94, 0xfa, 0x94, 0xfa,
  0x94, 0xfa, 0x94, 0xfa, 0x94, 0xfa, 0x94, 0xfa, 0x94, 0xfa, 0x94, 0xfa, 0x94, 0xfa, 0x94, 0xfa,
  0x94, 0xfa, 0x94, 0xfa, 0x94, 0xfa, 0x94, 0xfa, 0x94, 0xfa, 0x94, 0xfa, 0x94, 0xfa, 0x94, 0xfa,
  0x94, 0xfa, 0x94, 0xfa, 0x94, 0xfa, 0x94, 0xfa, 0x94, 0xfa, 0x94, 0xfa, 0x94, 0xfa, 0x94, 0xfa,
  0x74, 0xfa, 0xf5, 0xe2, 0xfd, 0x86, 0x9a, 0x06, 0x2d, 0x03, 0x00, 0x00, 0x02, 0x08, 0x01, 0x08,
  0x0f, 0x78, 0x3e, 0xf0, 0x7a, 0xf9, 0x94, 0xfa, 0x94, 0xfa, 0x94, 0xfa, 0x94, 0xfa, 0x94, 0xfa,
  0x94, 0xfa, 0x94, 0xfa, 0x94, 0xfa, 0x94, 0xfa, 0x94, 0xfa, 0x94, 0xfa, 0x94, 0xfa, 0x94, 0xfa,
  0x94, 0xfa, 0x94, 0xfa, 0x94, 0xfa, 0x94, 0xfa, 0x74, 0xfa, 0x17, 0xdc, 0xdd, 0x6e, 0xff, 0x07,
  0xfc, 0x06, 0xaf, 0x03, 0x22, 0x00, 0x00, 0x00, 0x17, 0xb8, 0x3f, 0xf8, 0xf9, 0xf9, 0x94, 0xfa,
  0x94, 0xfa, 0x94, 0xfa, 0x94, 0xfa, 0x94, 0xfa, 0x94, 0xfa, 0x94, 0xfa, 0x94, 0xfa, 0x94, 0xfa,
  0x94, 0xfa, 0x94, 0xfa, 0x94, 0xfa, 0x94, 0xfa, 0x74, 0xfa, 0x76, 0xe3, 0x9f, 0x57, 0x9a, 0x06,
  0x13, 0x98, 0x7f, 0xf8, 0xb8, 0xf9, 0x94, 0xfa, 0x74, 0xfa, 0x94, 0xfa, 0x94, 0xfa, 0x94, 0xfa,
  0x94, 0xfa, 0x94, 0xfa, 0x94, 0xfa, 0x94, 0xfa, 0x94, 0xfa, 0x94, 0xfa, 0x94, 0xfa, 0x94, 0xfa,
  0x74, 0xfa, 0xf5, 0xe2, 0x7c, 0x8e, 0x3c, 0x07, 0x10, 0x04, 0x00, 0x00, 0x02, 0x00, 0x02, 0x00,
  0x02, 0x00, 0x02, 0x00, 0x02, 0x00, 0x02, 0x00, 0x02, 0x00, 0x02, 0x00, 0x02, 0x00, 0x02, 0x00,
  0x02, 0x00, 0x01, 0x00, 0x07, 0x30, 0x1d, 0xe0, 0xbe, 0xf8, 0x56, 0xfa, 0x94, 0xfa, 0x94, 0xfa,
  0x94, 0xfa, 0x94, 0xfa, 0x94, 0xfa, 0x94, 0xfa, 0x94, 0xfa, 0x94, 0xfa, 0x94, 0xfa, 0x94, 0xfa,
  0x94, 0xfa, 0x94, 0xfa, 0x74, 0xfa, 0x94, 0xfa, 0x7a, 0xb5, 0xbf, 0x07, 0x96, 0x05, 0x00, 0x00,
  0x02, 0x00, 0x22, 0x00, 0x00, 0x00, 0x0e, 0x68, 0x1b, 0xd8, 0x5c, 0xf9, 0x55, 0xfa, 0x94, 0xfa,
  0x94, 0xfa, 0x94, 0xfa, 0x94, 0xfa, 0x94, 0xfa, 0x94, 0xfa, 0x94, 0xfa, 0x94, 0xfa, 0x94, 0xfa,
  0x94, 0xfa, 0x94, 0xfa, 0x94, 0xfa, 0x94, 0xfa, 0x94, 0xfa, 0x94, 0xfa, 0x94, 0xfa, 0x94, 0xfa,
  0x94, 0xfa, 0x94, 0xfa, 0x94, 0xfa, 0x94, 0xfa, 0x94, 0xfa, 0x94, 0xfa, 0x94, 0xfa, 0x94, 0xfa,
  0x94, 0xfa, 0x94, 0xfa, 0x94, 0xfa, 0x94, 0xfa, 0x94, 0xfa, 0x94, 0xfa, 0x94, 0xfa, 0x94, 0xfa,
  0x94, 0xfa, 0x94, 0xfa, 0x54, 0xfa, 0xba, 0xbd, 0x9f, 0x07, 0x55, 0x05, 0x00, 0x00, 0x02, 0x00,
  0x00, 0x00, 0x27, 0x30, 0x1b, 0xd8, 0xdd, 0xf8, 0x56, 0xfa, 0x94, 0xfa, 0x94, 0xfa, 0x94, 0xfa,
  0x94, 0xfa, 0x94, 0xfa, 0x94, 0xfa, 0x94, 0xfa, 0x94, 0xfa, 0x94, 0xfa, 0x94, 0xfa, 0x94, 0xfa,
  0x94, 0xfa, 0x94, 0xfa, 0x94, 0xfa, 0x94, 0xfa, 0x94, 0xfa, 0x94, 0xfa, 0x94, 0xfa, 0x94, 0xfa,
  0x94, 0xfa, 0x94, 0xfa, 0x94, 0xfa, 0x94, 0xfa, 0x94, 0xfa, 0x94, 0xfa, 0x94, 0xfa, 0x94, 0xfa,
  0x94, 0xfa, 0x94, 0xfa, 0x94, 0xfa, 0x94, 0xfa, 0x94, 0xfa, 0x94, 0xfa, 0x94, 0xfa, 0x94, 0xfa,
  0x94, 0xfa, 0x54, 0xfa, 0xfb, 0xa5, 0xdf, 0x07, 0xd3, 0x04, 0x00, 0x00, 0x22, 0x00, 0x02, 0x00,
  0x02, 0x00, 0x02, 0x00, 0x02, 0x00, 0x02, 0x08, 0x0a, 0x48, 0x5c, 0xe0, 0xf8, 0xf9, 0x94, 0xfa,
  0x94, 0xfa, 0x94, 0xfa, 0x94, 0xfa, 0x94, 0xfa, 0x94, 0xfa, 0x94, 0xfa, 0x94, 0xfa, 0x94, 0xfa,
  0x94, 0xfa, 0x94, 0xfa, 0x94, 0xfa, 0x94, 0xfa, 0x94, 0xfa, 0x94, 0xfa, 0x94, 0xfa, 0x94, 0xfa,
  0x94, 0xfa, 0x94, 0xfa, 0x94, 0xfa, 0x94, 0xfa, 0x94, 0xfa, 0x94, 0xfa, 0x94, 0xfa, 0x94, 0xfa,
  0x94, 0xfa, 0x94, 0xfa, 0x94, 0xfa, 0x94, 0xfa, 0x94, 0xfa, 0x94, 0xfa, 0x94, 0xfa, 0x94, 0xfa,
  0x94, 0xfa, 0x54, 0xfa, 0x17, 0xc4, 0x9f, 0x4f, 0xf8, 0x05, 0x08, 0x02, 0x02, 0x00, 0x02, 0x00,
  0x02, 0x00, 0x02, 0x00, 0x02, 0x00, 0x0b, 0x58, 0xba, 0xd8, 0x17, 0xfa, 0x94, 0xfa, 0x74, 0xfa,
  0x94, 0xfa, 0x94, 0xfa, 0x94, 0xfa, 0x94, 0xfa, 0x94, 0xfa, 0x94, 0xfa, 0x94, 0xfa, 0x94, 0xfa,
  0x94, 0xfa, 0x94, 0xfa, 0x94, 0xfa, 0x94, 0xfa, 0x94, 0xfa, 0x94, 0xfa, 0x94, 0xfa, 0x94, 0xfa,
  0x94, 0xfa, 0x94, 0xfa, 0x94, 0xfa, 0x94, 0xfa, 0x94, 0xfa, 0x94, 0xfa, 0x94, 0xfa, 0x94, 0xfa,
  0x94, 0xfa, 0x94, 0xfa, 0x94, 0xfa, 0x94, 0xfa, 0x94, 0xfa, 0x94, 0xfa, 0x94, 0xfa, 0x94, 0xfa,
  0x94, 0xfa, 0x39, 0x9d, 0x9e, 0x27, 0xd0, 0x03, 0xa3, 0x00, 0x22, 0x00, 0x01, 0x00, 0x11, 0x80,
  0x3f, 0xf8, 0x7b, 0xf9, 0x94, 0xfa, 0x94, 0xfa, 0x94, 0xfa, 0x94, 0xfa, 0x94, 0xfa, 0x94, 0xfa,
  0x94, 0xfa, 0x94, 0xfa, 0x94, 0xfa, 0x94, 0xfa, 0x94, 0xfa, 0x94, 0xfa, 0x94, 0xfa, 0x94, 0xfa,
  0x94, 0xfa, 0x94, 0xfa, 0x94, 0xfa, 0x94, 0xfa, 0x94, 0xfa, 0x94, 0xfa, 0x94, 0xfa, 0x94, 0xfa,
  0x94, 0xfa, 0x94, 0xfa, 0x94, 0xfa, 0x94, 0xfa, 0x94, 0xfa, 0x94, 0xfa, 0x94, 0xfa, 0x94, 0xfa,
  0x94, 0xfa, 0x94, 0xfa, 0x94, 0xfa, 0x94, 0xfa, 0x94, 0xfa, 0x94, 0xfa, 0x94, 0xfa, 0x74, 0xfa,
  0x15, 0xeb, 0xfb, 0x7d, 0x5d, 0x07, 0xd0, 0x03, 0x00, 0x00, 0x22, 0x00, 0x02, 0x00, 0x02, 0x00,
  0x02, 0x00, 0x02, 0x00, 0x01, 0x00, 0x25, 0x18, 0x19, 0xc0, 0x9e, 0xf8, 0x17, 0xfa, 0x94, 0xfa,
  0x94, 0xfa, 0x94, 0xfa, 0x94, 0xfa, 0x94, 0xfa, 0x94, 0xfa, 0x94, 0xfa, 0x94, 0xfa, 0x94, 0xfa,
  0x94, 0xfa, 0x94, 0xfa, 0x94, 0xfa, 0x94, 0xfa, 0x94, 0xfa, 0x94, 0xfa, 0x94, 0xfa, 0x94, 0xfa,
  0x94, 0xfa, 0x94, 0xfa, 0x94, 0xfa, 0x94, 0xfa, 0x94, 0xfa, 0x94, 0xfa, 0x94, 0xfa, 0x94, 0xfa,
  0x94, 0xfa, 0x94, 0xfa, 0x94, 0xfa, 0x94, 0xfa, 0x94, 0xfa, 0x94, 0xfa, 0x94, 0xfa, 0x94, 0xfa,
  0x94, 0xfa, 0x94, 0xfa, 0x54, 0xfa, 0xf7, 0xd3, 0x1e, 0x57, 0x18, 0x06, 0x67, 0x01, 0x00, 0x00,
  0x22, 0x00, 0x00, 0x00, 0x17, 0xb0, 0x1f, 0xf8, 0x19, 0xfa, 0x94, 0xfa, 0x94, 0xfa, 0x94, 0xfa,
  0x94, 0xfa, 0x94, 0xfa, 0x94, 0xfa, 0x94, 0xfa, 0x94, 0xfa, 0x94, 0xfa, 0x94, 0xfa, 0x94, 0xfa,
  0x94, 0xfa, 0x94, 0xfa, 0x94, 0xfa, 0x94, 0xfa, 0x94, 0xfa, 0x94, 0xfa, 0x94, 0xfa, 0x94, 0xfa,
  0x94, 0xfa, 0x94, 0xfa, 0x94, 0xfa, 0x94, 0xfa, 0x94, 0xfa, 0x94, 0xfa, 0x94, 0xfa, 0x94, 0xfa,
  0x94, 0xfa, 0x94, 0xfa, 0x94, 0xfa, 0x94, 0xfa, 0x94, 0xfa, 0x94, 0xfa, 0x94, 0xfa, 0x94, 0xfa,
  0x74, 0xfa, 0xf5, 0xe2, 0xfd, 0x86, 0x9a, 0x06, 0x0d, 0x03, 0x00, 0x00, 0x02, 0x08, 0x01, 0x08,
  0x0f, 0x78, 0x3e, 0xf0, 0x7a, 0xf9, 0x94, 0xfa, 0x94, 0xfa, 0x94, 0xfa, 0x94, 0xfa, 0x94, 0xfa,
  0x94, 0xfa, 0x94, 0xfa, 0x94, 0xfa, 0x94, 0xfa, 0x94, 0xfa, 0x94, 0xfa, 0x94, 0xfa, 0x94, 0xfa,
  0x94, 0xfa, 0x94, 0xfa, 0x94, 0xfa, 0x94, 0xfa, 0x94, 0xfa, 0x74, 0xfa, 0x98, 0xd4, 0x1e, 0x5f,
  0xff, 0x07, 0xbb, 0x06, 0x2d, 0x03, 0x00, 0x00, 0x17, 0xb8, 0x3f, 0xf8, 0xf9, 0xf9, 0x94, 0xfa,
  0x94, 0xfa, 0x94, 0xfa, 0x94, 0xfa, 0x94, 0xfa, 0x94, 0xfa, 0x94, 0xfa, 0x94, 0xfa, 0x94, 0xfa,
  0x94, 0xfa, 0x94, 0xfa, 0x94, 0xfa, 0x94, 0xfa, 0x74, 0xfa, 0x76, 0xe3, 0x9f, 0x57, 0x9a, 0x06,
  0x13, 0x98, 0x7f, 0xf8, 0xb8, 0xf9, 0x94, 0xfa, 0x74, 0xfa, 0x94, 0xfa, 0x94, 0xfa, 0x94, 0xfa,
  0x94, 0xfa, 0x94, 0xfa, 0x94, 0xfa, 0x94, 0xfa, 0x94, 0xfa, 0x94, 0xfa, 0x94, 0xfa, 0x94, 0xfa,
  0x74, 0xfa, 0xf5, 0xe2, 0x7c, 0x8e, 0x3c, 0x07, 0x10, 0x04, 0x00, 0x00, 0x02, 0x00, 0x02, 0x00,
  0x02, 0x00, 0x02, 0x00, 0x02, 0x00, 0x02, 0x00, 0x02, 0x00, 0x02, 0x00, 0x02, 0x00, 0x02, 0x00,
  0x02, 0x00, 0x01, 0x00, 0x07, 0x30, 0x1d, 0xe0, 0xbe, 0xf8, 0x56, 0xfa, 0x94, 0xfa, 0x94, 0xfa,
  0x94, 0xfa, 0x94, 0xfa, 0x94, 0xfa, 0x94, 0xfa, 0x94, 0xfa, 0x94, 0xfa, 0x94, 0xfa, 0x94, 0xfa,
  0x94, 0xfa, 0x94, 0xfa, 0x74, 0xfa, 0x94, 0xfa, 0x7a, 0xb5, 0xbf, 0x07, 0x96, 0x05, 0x00, 0x00,
  0x02, 0x00, 0x22, 0x00, 0x00, 0x00, 0x0e, 0x68, 0x1b, 0xd8, 0x5c, 0xf9, 0x55, 0xfa, 0x94, 0xfa,
  0x94, 0xfa, 0x94, 0xfa, 0x94, 0xfa, 0x94, 0xfa, 0x94, 0xfa, 0x94, 0xfa, 0x94, 0xfa, 0x94, 0xfa,
  0x94, 0xfa, 0x94, 0xfa, 0x94, 0xfa, 0x94, 0xfa, 0x94, 0xfa, 0x94, 0xfa, 0x94, 0xfa, 0x94, 0xfa,
  0x94, 0xfa, 0x94, 0xfa, 0x94, 0xfa, 0x94, 0xfa, 0x94, 0xfa, 0x94, 0xfa, 0x94, 0xfa, 0x94, 0xfa,
  0x94, 0xfa, 0x94, 0xfa, 0x94, 0xfa, 0x94, 0xfa, 0x94, 0xfa, 0x94, 0xfa, 0x94, 0xfa, 0x94, 0xfa,
  0x94, 0xfa, 0x94, 0xfa, 0x54, 0xfa, 0xda, 0xbd, 0x5e, 0x07, 0xd3, 0x04, 0x00, 0x00, 0x02, 0x00,
  0x00, 0x00, 0x27, 0x30, 0x1b, 0xd8, 0xdd, 0xf8, 0x56, 0xfa, 0x94, 0xfa, 0x94, 0xfa, 0x94, 0xfa,
  0x94, 0xfa, 0x94, 0xfa, 0x94, 0xfa, 0x94, 0xfa, 0x94, 0xfa, 0x94, 0xfa, 0x94, 0xfa, 0x94, 0xfa,
  0x94, 0xfa, 0x94, 0xfa, 0x94, 0xfa, 0x74, 0xfa, 0x74, 0xfa, 0x74, 0xfa, 0x94, 0xfa, 0x94, 0xfa,
  0x94, 0xfa, 0x94, 0xfa, 0x94, 0xfa, 0x94, 0xfa, 0x94, 0xfa, 0x94, 0xfa, 0x94, 0xfa, 0x94, 0xfa,
  0x94, 0xfa, 0x94, 0xfa, 0x94, 0xfa, 0x94, 0xfa, 0x94, 0xfa, 0x94, 0xfa, 0x94, 0xfa, 0x94, 0xfa,
  0x94, 0xfa, 0x54, 0xfa, 0x9a, 0xad, 0xbf, 0x17, 0xd3, 0x04, 0x00, 0x00, 0x02, 0x00, 0x02, 0x00,
  0x02, 0x00, 0x02, 0x00, 0x02, 0x00, 0x03, 0x10, 0x10, 0x78, 0x9e, 0xf0, 0x56, 0xfa, 0x94, 0xfa,
  0x94, 0xfa, 0x94, 0xfa, 0x94, 0xfa, 0x94, 0xfa, 0x94, 0xfa, 0x94, 0xfa, 0x94, 0xfa, 0x94, 0xfa,
  0x94, 0xfa, 0x94, 0xfa, 0x94, 0xfa, 0x94, 0xfa, 0x94, 0xfa, 0x94, 0xfa, 0x94, 0xfa, 0x94, 0xfa,
  0x94, 0xfa, 0x94, 0xfa, 0x94, 0xfa, 0x94, 0xfa, 0x94, 0xfa, 0x94, 0xfa, 0x94, 0xfa, 0x94, 0xfa,
  0x94, 0xfa, 0x94, 0xfa, 0x94, 0xfa, 0x94, 0xfa, 0x94, 0xfa, 0x94, 0xfa, 0x94, 0xfa, 0x94, 0xfa,
  0x94, 0xfa, 0x54, 0xfa, 0x17, 0xc4, 0x9f, 0x4f, 0x76, 0x05, 0xc7, 0x01, 0x22, 0x00, 0x02, 0x00,
  0x02, 0x00, 0x02, 0x00, 0x04, 0x20, 0x11, 0x88, 0x1e, 0xf9, 0x75, 0xfa, 0x94, 0xfa, 0x94, 0xfa,
  0x94, 0xfa, 0x94, 0xfa, 0x94, 0xfa, 0x94, 0xfa, 0x94, 0xfa, 0x94, 0xfa, 0x94, 0xfa, 0x94, 0xfa,
  0x94, 0xfa, 0x94, 0xfa, 0x94, 0xfa, 0x94, 0xfa, 0x94, 0xfa, 0x94, 0xfa, 0x94, 0xfa, 0x94, 0xfa,
  0x94, 0xfa, 0x94, 0xfa, 0x94, 0xfa, 0x94, 0xfa, 0x94, 0xfa, 0x94, 0xfa, 0x94, 0xfa, 0x94, 0xfa,
  0x94, 0xfa, 0x94, 0xfa, 0x94, 0xfa, 0x94, 0xfa, 0x94, 0xfa, 0x94, 0xfa, 0x94, 0xfa, 0x94, 0xfa,
  0x94, 0xfa, 0x3a, 0x9d, 0x9e, 0x27, 0x6f, 0x03, 0x82, 0x00, 0x22, 0x00, 0x01, 0x00, 0x11, 0x80,
  0x3f, 0xf8, 0x7b, 0xf9, 0x94, 0xfa, 0x94, 0xfa, 0x94, 0xfa, 0x94, 0xfa, 0x94, 0xfa, 0x94, 0xfa,
  0x94, 0xfa, 0x94, 0xfa, 0x94, 0xfa, 0x94, 0xfa, 0x94, 0xfa, 0x94, 0xfa, 0x94, 0xfa, 0x94, 0xfa,
  0x94, 0xfa, 0x94, 0xfa, 0x94, 0xfa, 0x94, 0xfa, 0x94, 0xfa, 0x94, 0xfa, 0x94, 0xfa, 0x94, 0xfa,
  0x94, 0xfa, 0x94, 0xfa, 0x94, 0xfa, 0x94, 0xfa, 0x94, 0xfa, 0x94, 0xfa, 0x94, 0xfa, 0x94, 0xfa,
  0x94, 0xfa, 0x94, 0xfa, 0x94, 0xfa, 0x94, 0xfa, 0x94, 0xfa, 0x94, 0xfa, 0x94, 0xfa, 0x94, 0xfa,
  0xd4, 0xf2, 0x9a, 0x95, 0x7d, 0x07, 0x31, 0x04, 0x00, 0x00, 0x22, 0x00, 0x02, 0x00, 0x02, 0x00,
  0x02, 0x00, 0x02, 0x00, 0x01, 0x00, 0x25, 0x18, 0x19, 0xc0, 0x9e, 0xf8, 0x17, 0xfa, 0x94, 0xfa,
  0x94, 0xfa, 0x94, 0xfa, 0x94, 0xfa, 0x94, 0xfa, 0x94, 0xfa, 0x94, 0xfa, 0x94, 0xfa, 0x94, 0xfa,
  0x94, 0xfa, 0x94, 0xfa, 0x94, 0xfa, 0x94, 0xfa, 0x94, 0xfa, 0x94, 0xfa, 0x94, 0xfa, 0x94, 0xfa,
  0x94, 0xfa, 0x94, 0xfa, 0x94, 0xfa, 0x94, 0xfa, 0x94, 0xfa, 0x94, 0xfa, 0x94, 0xfa, 0x94, 0xfa,
  0x94, 0xfa, 0x94, 0xfa, 0x94, 0xfa, 0x94, 0xfa, 0x94, 0xfa, 0x94, 0xfa, 0x94, 0xfa, 0x94, 0xfa,
  0x94, 0xfa, 0x94, 0xfa, 0x34, 0xfa, 0x17, 0xd4, 0xfd, 0x56, 0xf7, 0x05, 0xc4, 0x00, 0x01, 0x00,
  0x22, 0x00, 0x00, 0x00, 0x17, 0xb0, 0x1f, 0xf8, 0x19, 0xfa, 0x94, 0xfa, 0x94, 0xfa, 0x94, 0xfa,
  0x94, 0xfa, 0x94, 0xfa, 0x94, 0xfa, 0x94, 0xfa, 0x94, 0xfa, 0x94, 0xfa, 0x94, 0xfa, 0x94, 0xfa,
  0x94, 0xfa, 0x94, 0xfa, 0x94, 0xfa, 0x94, 0xfa, 0x94, 0xfa, 0x94, 0xfa, 0x94, 0xfa, 0x94, 0xfa,
  0x94, 0xfa, 0x94, 0xfa, 0x94, 0xfa, 0x94, 0xfa, 0x94, 0xfa, 0x94, 0xfa, 0x94, 0xfa, 0x94, 0xfa,
  0x94, 0xfa, 0x94, 0xfa, 0x94, 0xfa, 0x94, 0xfa, 0x94, 0xfa, 0x94, 0xfa, 0x94, 0xfa, 0x94, 0xfa,
  0x74, 0xfa, 0xf5, 0xe2, 0x1d, 0x87, 0x39, 0x06, 0xab, 0x02, 0x00, 0x00, 0x22, 0x08, 0x01, 0x08,
  0x0f, 0x78, 0x3e, 0xf0, 0x7a, 0xf9, 0x94, 0xfa, 0x94, 0xfa, 0x94, 0xfa, 0x94, 0xfa, 0x94, 0xfa,
  0x94, 0xfa, 0x94, 0xfa, 0x94, 0xfa, 0x94, 0xfa, 0x94, 0xfa, 0x94, 0xfa, 0x94, 0xfa, 0x94, 0xfa,
  0x94, 0xfa, 0x94, 0xfa, 0x94, 0xfa, 0x94, 0xfa, 0x94, 0xfa, 0x74, 0xfa, 0x94, 0xfa, 0xf8, 0xc4,
  0x5e, 0x57, 0xff, 0x07, 0x59, 0x06, 0xca, 0x02, 0x17, 0xb8, 0x3f, 0xf8, 0xf9, 0xf9, 0x94, 0xfa,
  0x94, 0xfa, 0x94, 0xfa, 0x94, 0xfa, 0x94, 0xfa, 0x94, 0xfa, 0x94, 0xfa, 0x94, 0xfa, 0x94, 0xfa,
  0x94, 0xfa, 0x94, 0xfa, 0x94, 0xfa, 0x94, 0xfa, 0x74, 0xfa, 0x76, 0xe3, 0x9f, 0x57, 0x9a, 0x06,
  0x13, 0x98, 0x7f, 0xf8, 0xb8, 0xf9, 0x94, 0xfa, 0x74, 0xfa, 0x94, 0xfa, 0x94, 0xfa, 0x94, 0xfa,
  0x94, 0xfa, 0x94, 0xfa, 0x94, 0xfa, 0x94, 0xfa, 0x94, 0xfa, 0x94, 0xfa, 0x94, 0xfa, 0x94, 0xfa,
  0x74, 0xfa, 0xf5, 0xe2, 0x7c, 0x8e, 0x3c, 0x07, 0x10, 0x04, 0x00, 0x00, 0x02, 0x00, 0x02, 0x00,
  0x02, 0x00, 0x02, 0x00, 0x02, 0x00, 0x02, 0x00, 0x02, 0x00, 0x02, 0x00, 0x02, 0x00, 0x02, 0x00,
  0x02, 0x00, 0x01, 0x00, 0x07, 0x30, 0x1d, 0xe0, 0xbe, 0xf8, 0x56, 0xfa, 0x94, 0xfa, 0x94, 0xfa,
  0x94, 0xfa, 0x94, 0xfa, 0x94, 0xfa, 0x94, 0xfa, 0x94, 0xfa, 0x94, 0xfa, 0x94, 0xfa, 0x94, 0xfa,
  0x94, 0xfa, 0x94, 0xfa, 0x74, 0xfa, 0x94, 0xfa, 0x7a, 0xb5, 0xbf, 0x07, 0x96, 0x05, 0x00, 0x00,
  0x02, 0x00, 0x22, 0x00, 0x00, 0x00, 0x0e, 0x68, 0x1b, 0xd8, 0x5c, 0xf9, 0x55, 0xfa, 0x94, 0xfa,
  0x94, 0xfa, 0x94, 0xfa, 0x94, 0xfa, 0x94, 0xfa, 0x94, 0xfa, 0x94, 0xfa, 0x94, 0xfa, 0x94, 0xfa,
  0x94, 0xfa, 0x94, 0xfa, 0x94, 0xfa, 0x94, 0xfa, 0x94, 0xfa, 0x94, 0xfa, 0x74, 0xfa, 0x94, 0xfa,
  0x94, 0xfa, 0x94, 0xfa, 0x94, 0xfa, 0x94, 0xfa, 0x94, 0xfa, 0x94, 0xfa, 0x94, 0xfa, 0x94, 0xfa,
  0x94, 0xfa, 0x94, 0xfa, 0x94, 0xfa, 0x94, 0xfa, 0x94, 0xfa, 0x94, 0xfa, 0x94, 0xfa, 0x94, 0xfa,
  0x94, 0xfa, 0x94, 0xfa, 0x54, 0xfa, 0x99, 0xbd, 0xf8, 0x05, 0xcb, 0x02, 0x00, 0x00, 0x22, 0x00,
  0x00, 0x00, 0x27, 0x30, 0x1b, 0xd8, 0xdd, 0xf8, 0x56, 0xfa, 0x94, 0xfa, 0x94, 0xfa, 0x94, 0xfa,
  0x94, 0xfa, 0x94, 0xfa, 0x94, 0xfa, 0x94, 0xfa, 0x94, 0xfa, 0x94, 0xfa, 0x94, 0xfa, 0x94, 0xfa,
  0x94, 0xfa, 0x94, 0xfa, 0x94, 0xfa, 0x94, 0xfa, 0xf5, 0xf2, 0xb5, 0xf2, 0x75, 0xfa, 0x75, 0xfa,
  0x75, 0xfa, 0x75, 0xfa, 0x75, 0xfa, 0x94, 0xfa, 0x94, 0xfa, 0x94, 0xfa, 0x94, 0xfa, 0x94, 0xfa,
  0x94, 0xfa, 0x94, 0xfa, 0x94, 0xfa, 0x94, 0xfa, 0x94, 0xfa, 0x94, 0xfa, 0x94, 0xfa, 0x94, 0xfa,
  0x94, 0xfa, 0x54, 0xfa, 0x9a, 0xad, 0xbf, 0x1f, 0xd3, 0x04, 0x00, 0x00, 0x02, 0x00, 0x02, 0x00,
  0x02, 0x00, 0x02, 0x00, 0x02, 0x00, 0x05, 0x20, 0x16, 0xa8, 0xbe, 0xf8, 0x56, 0xfa, 0x94, 0xfa,
  0x94, 0xfa, 0x94, 0xfa, 0x94, 0xfa, 0x94, 0xfa, 0x94, 0xfa, 0x94, 0xfa, 0x94, 0xfa, 0x94, 0xfa,
  0x94, 0xfa, 0x94, 0xfa, 0x94, 0xfa, 0x94, 0xfa, 0x94, 0xfa, 0x94, 0xfa, 0x94, 0xfa, 0x94, 0xfa,
  0x94, 0xfa, 0x94, 0xfa, 0x94, 0xfa, 0x94, 0xfa, 0x94, 0xfa, 0x94, 0xfa, 0x94, 0xfa, 0x94, 0xfa,
  0x94, 0xfa, 0x94, 0xfa, 0x94, 0xfa, 0x94, 0xfa, 0x94, 0xfa, 0x94, 0xfa, 0x94, 0xfa, 0x94, 0xfa,
  0x94, 0xfa, 0x54, 0xfa, 0x17, 0xbc, 0xdc, 0x4e, 0xf0, 0x03, 0x04, 0x01, 0x22, 0x00, 0x02, 0x00,
  0x02, 0x00, 0x02, 0x00, 0x28, 0x40, 0x38, 0xb8, 0x5d, 0xf9, 0x94, 0xfa, 0x94, 0xfa, 0x94, 0xfa,
  0x94, 0xfa, 0x94, 0xfa, 0x94, 0xfa, 0x94, 0xfa, 0x94, 0xfa, 0x94, 0xfa, 0x94, 0xfa, 0x94, 0xfa,
  0x94, 0xfa, 0x94, 0xfa, 0x94, 0xfa, 0x94, 0xfa, 0x94, 0xfa, 0x94, 0xfa, 0x94, 0xfa, 0x94, 0xfa,
  0x94, 0xfa, 0x94, 0xfa, 0x94, 0xfa, 0x94, 0xfa, 0x94, 0xfa, 0x94, 0xfa, 0x94, 0xfa, 0x94, 0xfa,
  0x94, 0xfa, 0x94, 0xfa, 0x94, 0xfa, 0x94, 0xfa, 0x94, 0xfa, 0x94, 0xfa, 0x94, 0xfa, 0x94, 0xfa,
  0x94, 0xfa, 0x39, 0x95, 0xdb, 0x26, 0x4a, 0x02, 0x22, 0x00, 0x22, 0x00, 0x01, 0x00, 0x11, 0x80,
  0x3f, 0xf8, 0x7b, 0xf9, 0x94, 0xfa, 0x94, 0xfa, 0x94, 0xfa, 0x94, 0xfa, 0x94, 0xfa, 0x94, 0xfa,
  0x94, 0xfa, 0x94, 0xfa, 0x94, 0xfa, 0x94, 0xfa, 0x94, 0xfa, 0x94, 0xfa, 0x94, 0xfa, 0x94, 0xfa,
  0x94, 0xfa, 0x74, 0xfa, 0x74, 0xfa, 0x74, 0xfa, 0x94, 0xfa, 0x94, 0xfa, 0x94, 0xfa, 0x94, 0xfa,
  0x94, 0xfa, 0x94, 0xfa, 0x94, 0xfa, 0x94, 0xfa, 0x94, 0xfa, 0x94, 0xfa, 0x94, 0xfa, 0x94, 0xfa,
  0x94, 0xfa, 0x94, 0xfa, 0x94, 0xfa, 0x94, 0xfa, 0x94, 0xfa, 0x94, 0xfa, 0x94, 0xfa, 0x74, 0xfa,
  0xb4, 0xf2, 0x7a, 0xa5, 0x7d, 0x07, 0x51, 0x04, 0x00, 0x00, 0x22, 0x00, 0x02, 0x00, 0x02, 0x00,
  0x02, 0x00, 0x02, 0x00, 0x01, 0x00, 0x25, 0x18, 0x19, 0xc0, 0x9e, 0xf8, 0x17, 0xfa, 0x94, 0xfa,
  0x94, 0xfa, 0x94, 0xfa, 0x94, 0xfa, 0x94, 0xfa, 0x94, 0xfa, 0x94, 0xfa, 0x94, 0xfa, 0x94, 0xfa,
  0x94, 0xfa, 0x94, 0xfa, 0x94, 0xfa, 0x94, 0xfa, 0x94, 0xfa, 0x94, 0xfa, 0x74, 0xfa, 0x74, 0xfa,
  0x94, 0xfa, 0x94, 0xfa, 0x94, 0xfa, 0x94, 0xfa, 0x94, 0xfa, 0x94, 0xfa, 0x94, 0xfa, 0x94, 0xfa,
  0x94, 0xfa, 0x94, 0xfa, 0x94, 0xfa, 0x94, 0xfa, 0x94, 0xfa, 0x94, 0xfa, 0x94, 0xfa, 0x94, 0xfa,
  0x94, 0xfa, 0x94, 0xfa, 0x54, 0xfa, 0x17, 0xcc, 0x1a, 0x4e, 0xb2, 0x04, 0x00, 0x00, 0x02, 0x00,
  0x02, 0x00, 0x00, 0x00, 0x17, 0xb0, 0x1f, 0xf8, 0x19, 0xfa, 0x94, 0xfa, 0x94, 0xfa, 0x94, 0xfa,
  0x94, 0xfa, 0x94, 0xfa, 0x94, 0xfa, 0x94, 0xfa, 0x94, 0xfa, 0x94, 0xfa, 0x94, 0xfa, 0x94, 0xfa,
  0x94, 0xfa, 0x94, 0xfa, 0x94, 0xfa, 0x94, 0xfa, 0x74, 0xfa, 0x74, 0xfa, 0x94, 0xfa, 0x94, 0xfa,
  0x94, 0xfa, 0x94, 0xfa, 0x94, 0xfa, 0x94, 0xfa, 0x94, 0xfa, 0x94, 0xfa, 0x94, 0xfa, 0x94, 0xfa,
  0x94, 0xfa, 0x94, 0xfa, 0x94, 0xfa, 0x94, 0xfa, 0x94, 0xfa, 0x94, 0xfa, 0x94, 0xfa, 0x94, 0xfa,
  0x74, 0xfa, 0x15, 0xe3, 0x5b, 0x7e, 0xd3, 0x04, 0x05, 0x01, 0x01, 0x00, 0x22, 0x08, 0x01, 0x08,
  0x0f, 0x78, 0x3e, 0xf0, 0x7a, 0xf9, 0x94, 0xfa, 0x94, 0xfa, 0x94, 0xfa, 0x94, 0xfa, 0x94, 0xfa,
  0x94, 0xfa, 0x94, 0xfa, 0x94, 0xfa, 0x94, 0xfa, 0x94, 0xfa, 0x94, 0xfa, 0x94, 0xfa, 0x94, 0xfa,
  0x94, 0xfa, 0x94, 0xfa, 0x94, 0xfa, 0x94, 0xfa, 0x94, 0xfa, 0x94, 0xfa, 0x74, 0xfa, 0xb4, 0xf2,
  0x59, 0xb5, 0x9f, 0x47, 0xdf, 0x07, 0xf8, 0x05, 0x78, 0xb2, 0x1f, 0xf8, 0xf9, 0xf9, 0x94, 0xfa,
  0x94, 0xfa, 0x94, 0xfa, 0x94, 0xfa, 0x94, 0xfa, 0x94, 0xfa, 0x94, 0xfa, 0x94, 0xfa, 0x94, 0xfa,
  0x94, 0xfa, 0x94, 0xfa, 0x94, 0xfa, 0x94, 0xfa, 0x74, 0xfa, 0x76, 0xe3, 0x9f, 0x57, 0x9a, 0x06,
  0x13, 0x98, 0x7f, 0xf8, 0xb8, 0xf9, 0x94, 0xfa, 0x74, 0xfa, 0x94, 0xfa, 0x94, 0xfa, 0x94, 0xfa,
  0x94, 0xfa, 0x94, 0xfa, 0x94, 0xfa, 0x94, 0xfa, 0x94, 0xfa, 0x94, 0xfa, 0x94, 0xfa, 0x94, 0xfa,
  0x74, 0xfa, 0xf5, 0xe2, 0x7c, 0x8e, 0x3c, 0x07, 0x10, 0x04, 0x00, 0x00, 0x02, 0x00, 0x02, 0x00,
  0x02, 0x00, 0x02, 0x00, 0x02, 0x00, 0x02, 0x00, 0x02, 0x00, 0x02, 0x00, 0x02, 0x00, 0x02, 0x00,
  0x02, 0x00, 0x01, 0x00, 0x07, 0x30, 0x1d, 0xe0, 0xbe, 0xf8, 0x56, 0xfa, 0x94, 0xfa, 0x94, 0xfa,
  0x94, 0xfa, 0x94, 0xfa, 0x94, 0xfa, 0x94, 0xfa, 0x94, 0xfa, 0x94, 0xfa, 0x94, 0xfa, 0x94, 0xfa,
  0x94, 0xfa, 0x94, 0xfa, 0x74, 0xfa, 0x94, 0xfa, 0x7a, 0xb5, 0xbf, 0x07, 0x96, 0x05, 0x00, 0x00,
  0x02, 0x00, 0x22, 0x00, 0x00, 0x00, 0x0e, 0x68, 0x1b, 0xd8, 0x5c, 0xf9, 0x55, 0xfa, 0x94, 0xfa,
  0x94, 0xfa, 0x94, 0xfa, 0x94, 0xfa, 0x94, 0xfa, 0x94, 0xfa, 0x94, 0xfa, 0x94, 0xfa, 0x94, 0xfa,
  0x94, 0xfa, 0x94, 0xfa, 0x94, 0xfa, 0x94, 0xfa, 0x94, 0xfa, 0x74, 0xfa, 0x74, 0xfa, 0x94, 0xfa,
  0x94, 0xfa, 0x94, 0xfa, 0x94, 0xfa, 0x94, 0xfa, 0x94, 0xfa, 0x94, 0xfa, 0x94, 0xfa, 0x94, 0xfa,
  0x94, 0xfa, 0x94, 0xfa, 0x94, 0xfa, 0x94, 0xfa, 0x94, 0xfa, 0x94, 0xfa, 0x94, 0xfa, 0x94, 0xfa,
  0x94, 0xfa, 0x94, 0xfa, 0x73, 0xea, 0x4f, 0x92, 0xa7, 0x01, 0x01, 0x00, 0x02, 0x00, 0x02, 0x00,
  0x00, 0x00, 0x27, 0x30, 0x1b, 0xd8, 0xdd, 0xf8, 0x56, 0xfa, 0x94, 0xfa, 0x94, 0xfa, 0x94, 0xfa,
  0x94, 0xfa, 0x94, 0xfa, 0x94, 0xfa, 0x94, 0xfa, 0x94, 0xfa, 0x94, 0xfa, 0x94, 0xfa, 0x94, 0xfa,
  0x94, 0xfa, 0x94, 0xfa, 0x74, 0xfa, 0x76, 0xeb, 0x9a, 0x95, 0x7b, 0xb4, 0x9b, 0xf9, 0x5b, 0xf9,
  0x5b, 0xf9, 0x5b, 0xf9, 0x9a, 0xf9, 0x18, 0xfa, 0x74, 0xfa, 0x94, 0xfa, 0x94, 0xfa, 0x94, 0xfa,
  0x94, 0xfa, 0x94, 0xfa, 0x94, 0xfa, 0x94, 0xfa, 0x94, 0xfa, 0x94, 0xfa, 0x94, 0xfa, 0x94, 0xfa,
  0x94, 0xfa, 0x54, 0xfa, 0x9a, 0xad, 0xbf, 0x1f, 0xd3, 0x04, 0x00, 0x00, 0x02, 0x00, 0x02, 0x00,
  0x02, 0x00, 0x02, 0x00, 0x02, 0x00, 0x26, 0x30, 0x1a, 0xd0, 0xde, 0xf8, 0x75, 0xfa, 0x94, 0xfa,
  0x94, 0xfa, 0x94, 0xfa, 0x94, 0xfa, 0x94, 0xfa, 0x94, 0xfa, 0x94, 0xfa, 0x94, 0xfa, 0x94, 0xfa,
  0x94, 0xfa, 0x94, 0xfa, 0x94, 0xfa, 0x94, 0xfa, 0x94, 0xfa, 0x94, 0xfa, 0x74, 0xfa, 0x74, 0xfa,
  0x94, 0xfa, 0x94, 0xfa, 0x94, 0xfa, 0x94, 0xfa, 0x94, 0xfa, 0x94, 0xfa, 0x94, 0xfa, 0x94, 0xfa,
  0x94, 0xfa, 0x94, 0xfa, 0x94, 0xfa, 0x94, 0xfa, 0x94, 0xfa, 0x94, 0xfa, 0x94, 0xfa, 0x94, 0xfa,
  0x94, 0xfa, 0x74, 0xfa, 0xf2, 0xa2, 0xed, 0x3a, 0x05, 0x01, 0x02, 0x00, 0x02, 0x00, 0x02, 0x00,
  0x02, 0x00, 0x02, 0x00, 0x2c, 0x58, 0x5d, 0xe0, 0x7b, 0xf9, 0x94, 0xfa, 0x74, 0xfa, 0x94, 0xfa,
  0x94, 0xfa, 0x94, 0xfa, 0x94, 0xfa, 0x94, 0xfa, 0x94, 0xfa, 0x94, 0xfa, 0x94, 0xfa, 0x94, 0xfa,
  0x94, 0xfa, 0x94, 0xfa, 0x94, 0xfa, 0x94, 0xfa, 0x94, 0xfa, 0x94, 0xfa, 0x94, 0xfa, 0x94, 0xfa,
  0x94, 0xfa, 0x94, 0xfa, 0x94, 0xfa, 0x94, 0xfa, 0x94, 0xfa, 0x94, 0xfa, 0x94, 0xfa, 0x94, 0xfa,
  0x94, 0xfa, 0x94, 0xfa, 0x94, 0xfa, 0x94, 0xfa, 0x94, 0xfa, 0x94, 0xfa, 0x94, 0xfa, 0x94, 0xfa,
  0x74, 0xf2, 0x93, 0x7b, 0xec, 0x1a, 0x83, 0x00, 0x02, 0x00, 0x02, 0x00, 0x01, 0x00, 0x11, 0x80,
  0x3f, 0xf8, 0x7b, 0xf9, 0x94, 0xfa, 0x94, 0xfa, 0x94, 0xfa, 0x94, 0xfa, 0x94, 0xfa, 0x94, 0xfa,
  0x94, 0xfa, 0x94, 0xfa, 0x94, 0xfa, 0x94, 0xfa, 0x94, 0xfa, 0x94, 0xfa, 0x94, 0xfa, 0x94, 0xfa,
  0x74, 0xfa, 0x35, 0xf3, 0x96, 0xe3, 0xd6, 0xfa, 0x56, 0xfa, 0x56, 0xfa, 0x56, 0xfa, 0x56, 0xfa,
  0x75, 0xfa, 0x94, 0xfa, 0x94, 0xfa, 0x94, 0xfa, 0x94, 0xfa, 0x94, 0xfa, 0x94, 0xfa, 0x94, 0xfa,
  0x94, 0xfa, 0x94, 0xfa, 0x94, 0xfa, 0x94, 0xfa, 0x94, 0xfa, 0x94, 0xfa, 0x94, 0xfa, 0x94, 0xfa,
  0xb4, 0xf2, 0x5a, 0xad, 0x7d, 0x07, 0x51, 0x04, 0x00, 0x00, 0x22, 0x00, 0x02, 0x00, 0x02, 0x00,
  0x02, 0x00, 0x02, 0x00, 0x01, 0x00, 0x25, 0x18, 0x19, 0xc0, 0x9e, 0xf8, 0x17, 0xfa, 0x94, 0xfa,
  0x94, 0xfa, 0x94, 0xfa, 0x94, 0xfa, 0x94, 0xfa, 0x94, 0xfa, 0x94, 0xfa, 0x94, 0xfa, 0x94, 0xfa,
  0x94, 0xfa, 0x94, 0xfa, 0x94, 0xfa, 0x94, 0xfa, 0x94, 0xfa, 0x74, 0xfa, 0x74, 0xfa, 0x74, 0xfa,
  0x94, 0xfa, 0x94, 0xfa, 0x94, 0xfa, 0x94, 0xfa, 0x94, 0xfa, 0x94, 0xfa, 0x94, 0xfa, 0x94, 0xfa,
  0x94, 0xfa, 0x94, 0xfa, 0x94, 0xfa, 0x94, 0xfa, 0x94, 0xfa, 0x94, 0xfa, 0x94, 0xfa, 0x94, 0xfa,
  0x94, 0xfa, 0x94, 0xfa, 0x74, 0xfa, 0x71, 0xb2, 0xea, 0x21, 0x83, 0x00, 0x01, 0x00, 0x02, 0x00,
  0x02, 0x00, 0x00, 0x00, 0x17, 0xb0, 0x1f, 0xf8, 0x19, 0xfa, 0x94, 0xfa, 0x94, 0xfa, 0x94, 0xfa,
  0x94, 0xfa, 0x94, 0xfa, 0x94, 0xfa, 0x94, 0xfa, 0x94, 0xfa, 0x94, 0xfa, 0x94, 0xfa, 0x94, 0xfa,
  0x94, 0xfa, 0x94, 0xfa, 0x94, 0xfa, 0x94, 0xfa, 0x74, 0xfa, 0x74, 0xfa, 0x74, 0xfa, 0x94, 0xfa,
  0x94, 0xfa, 0x94, 0xfa, 0x94, 0xfa, 0x94, 0xfa, 0x94, 0xfa, 0x94, 0xfa, 0x94, 0xfa, 0x94, 0xfa,
  0x94, 0xfa, 0x94, 0xfa, 0x94, 0xfa, 0x94, 0xfa, 0x94, 0xfa, 0x94, 0xfa, 0x94, 0xfa, 0x94, 0xfa,
  0x74, 0xfa, 0x72, 0xc2, 0x2c, 0x5a, 0x04, 0x01, 0x01, 0x00, 0x02, 0x00, 0x02, 0x08, 0x01, 0x08,
  0x0f, 0x78, 0x3e, 0xf0, 0x7a, 0xf9, 0x94, 0xfa, 0x94, 0xfa, 0x94, 0xfa, 0x94, 0xfa, 0x94, 0xfa,
  0x94, 0xfa, 0x94, 0xfa, 0x94, 0xfa, 0x94, 0xfa, 0x94, 0xfa, 0x94, 0xfa, 0x94, 0xfa, 0x94, 0xfa,
  0x94, 0xfa, 0x94, 0xfa, 0x94, 0xfa, 0x94, 0xfa, 0x94, 0xfa, 0x94, 0xfa, 0x94, 0xfa, 0x74, 0xfa,
  0xd5, 0xea, 0xba, 0xa5, 0xbf, 0x37, 0xbe, 0x07, 0x9e, 0x95, 0xff, 0xe9, 0xd9, 0xf9, 0x94, 0xfa,
  0x94, 0xfa, 0x94, 0xfa, 0x94, 0xfa, 0x94, 0xfa, 0x94, 0xfa, 0x94, 0xfa, 0x94, 0xfa, 0x94, 0xfa,
  0x94, 0xfa, 0x94, 0xfa, 0x94, 0xfa, 0x94, 0xfa, 0x74, 0xfa, 0x76, 0xe3, 0x9f, 0x57, 0x9a, 0x06,
  0x13, 0x98, 0x7f, 0xf8, 0xb8, 0xf9, 0x94, 0xfa, 0x74, 0xfa, 0x94, 0xfa, 0x94, 0xfa, 0x94, 0xfa,
  0x94, 0xfa, 0x94, 0xfa, 0x94, 0xfa, 0x94, 0xfa, 0x94, 0xfa, 0x94, 0xfa, 0x94, 0xfa, 0x94, 0xfa,
  0x74, 0xfa, 0xf5, 0xe2, 0x7c, 0x8e, 0x3c, 0x07, 0x10, 0x04, 0x00, 0x00, 0x02, 0x00, 0x02, 0x00,
  0x02, 0x00, 0x02, 0x00, 0x02, 0x00, 0x22, 0x00, 0x22, 0x00, 0x22, 0x00, 0x22, 0x00, 0x22, 0x00,
  0x02, 0x00, 0x01, 0x00, 0x07, 0x30, 0x1d, 0xe0, 0xbe, 0xf8, 0x56, 0xfa, 0x94, 0xfa, 0x94, 0xfa,
  0x94, 0xfa, 0x94, 0xfa, 0x94, 0xfa, 0x94, 0xfa, 0x94, 0xfa, 0x94, 0xfa, 0x94, 0xfa, 0x94, 0xfa,
  0x94, 0xfa, 0x94, 0xfa, 0x74, 0xfa, 0x94, 0xfa, 0x7a, 0xb5, 0xbf, 0x07, 0x96, 0x05, 0x00, 0x00,
  0x02, 0x00, 0x22, 0x00, 0x00, 0x00, 0x0e, 0x68, 0x1b, 0xd8, 0x5c, 0xf9, 0x55, 0xfa, 0x94, 0xfa,
  0x94, 0xfa, 0x94, 0xfa, 0x94, 0xfa, 0x94, 0xfa, 0x94, 0xfa, 0x94, 0xfa, 0x94, 0xfa, 0x94, 0xfa,
  0x94, 0xfa, 0x94, 0xfa, 0x94, 0xfa, 0x94, 0xfa, 0x74, 0xfa, 0x96, 0xe3, 0xd8, 0xd4, 0xf8, 0xea,
  0x18, 0xfa, 0x18, 0xfa, 0x18, 0xfa, 0x18, 0xfa, 0x18, 0xfa, 0x18, 0xfa, 0x18, 0xfa, 0x18, 0xfa,
  0x18, 0xfa, 0x18, 0xfa, 0x18, 0xfa, 0x18, 0xfa, 0x18, 0xfa, 0x18, 0xfa, 0x18, 0xfa, 0x19, 0xfa,
  0x19, 0xfa, 0xf5, 0xe9, 0x6c, 0x99, 0x44, 0x28, 0x01, 0x00, 0x02, 0x00, 0x02, 0x00, 0x02, 0x00,
  0x00, 0x00, 0x27, 0x30, 0x1b, 0xd8, 0xdd, 0xf8, 0x56, 0xfa, 0x94, 0xfa, 0x94, 0xfa, 0x94, 0xfa,
  0x94, 0xfa, 0x94, 0xfa, 0x94, 0xfa, 0x94, 0xfa, 0x94, 0xfa, 0x94, 0xfa, 0x94, 0xfa, 0x94, 0xfa,
  0x94, 0xfa, 0x94, 0xfa, 0x74, 0xfa, 0x37, 0xdc, 0xbf, 0x37, 0xff, 0x75, 0xfd, 0xe8, 0x1d, 0xe8,
  0x1e, 0xf0, 0x1f, 0xf8, 0x1f, 0xf8, 0xde, 0xf8, 0x17, 0xfa, 0x94, 0xfa, 0x74, 0xfa, 0x94, 0xfa,
  0x94, 0xfa, 0x94, 0xfa, 0x94, 0xfa, 0x94, 0xfa, 0x94, 0xfa, 0x94, 0xfa, 0x94, 0xfa, 0x94, 0xfa,
  0x94, 0xfa, 0x54, 0xfa, 0x9a, 0xad, 0xbf, 0x1f, 0xd3, 0x04, 0x00, 0x00, 0x22, 0x00, 0x22, 0x00,
  0x02, 0x00, 0x02, 0x00, 0x01, 0x00, 0x27, 0x38, 0x1d, 0xe0, 0xde, 0xf8, 0x75, 0xfa, 0x94, 0xfa,
  0x94, 0xfa, 0x94, 0xfa, 0x94, 0xfa, 0x94, 0xfa, 0x94, 0xfa, 0x94, 0xfa, 0x94, 0xfa, 0x94, 0xfa,
  0x94, 0xfa, 0x94, 0xfa, 0x94, 0xfa, 0x94, 0xfa, 0x94, 0xfa, 0x74, 0xfa, 0x35, 0xf3, 0x97, 0xe3,
  0x58, 0xfa, 0x18, 0xfa, 0x38, 0xfa, 0x38, 0xfa, 0x38, 0xfa, 0x38, 0xfa, 0x38, 0xfa, 0x38, 0xfa,
  0x38, 0xfa, 0x38, 0xfa, 0x38, 0xfa, 0x38, 0xfa, 0x38, 0xfa, 0x38, 0xfa, 0x37, 0xfa, 0x38, 0xfa,
  0x36, 0xf2, 0xf0, 0xc9, 0xc7, 0x58, 0x01, 0x08, 0x02, 0x00, 0x02, 0x00, 0x02, 0x00, 0x02, 0x00,
  0x02, 0x00, 0x02, 0x08, 0x2e, 0x68, 0x5f, 0xf8, 0x9a, 0xf9, 0xb4, 0xfa, 0x74, 0xfa, 0x94, 0xfa,
  0x94, 0xfa, 0x94, 0xfa, 0x94, 0xfa, 0x94, 0xfa, 0x94, 0xfa, 0x94, 0xfa, 0x94, 0xfa, 0x94, 0xfa,
  0x94, 0xfa, 0x94, 0xfa, 0x94, 0xfa, 0x94, 0xfa, 0x74, 0xfa, 0x94, 0xfa, 0x95, 0xfa, 0x56, 0xfa,
  0x56, 0xfa, 0x56, 0xfa, 0x56, 0xfa, 0x56, 0xfa, 0x56, 0xfa, 0x56, 0xfa, 0x56, 0xfa, 0x56, 0xfa,
  0x56, 0xfa, 0x56, 0xfa, 0x56, 0xfa, 0x56, 0xfa, 0x56, 0xfa, 0x56, 0xfa, 0x57, 0xfa, 0x34, 0xf2,
  0xcf, 0xc1, 0x85, 0x40, 0x01, 0x00, 0x22, 0x00, 0x02, 0x00, 0x02, 0x00, 0x01, 0x00, 0x11, 0x80,
  0x3f, 0xf8, 0x7b, 0xf9, 0x94, 0xfa, 0x94, 0xfa, 0x94, 0xfa, 0x94, 0xfa, 0x94, 0xfa, 0x94, 0xfa,
  0x94, 0xfa, 0x94, 0xfa, 0x94, 0xfa, 0x94, 0xfa, 0x94, 0xfa, 0x94, 0xfa, 0x94, 0xfa, 0x74, 0xfa,
  0x74, 0xfa, 0x39, 0xb5, 0x7d, 0x56, 0xfd, 0xdb, 0x5d, 0xf8, 0xdd, 0xf8, 0xdd, 0xf8, 0xfc, 0xf8,
  0x9a, 0xf9, 0x56, 0xfa, 0x94, 0xfa, 0x94, 0xfa, 0x94, 0xfa, 0x94, 0xfa, 0x94, 0xfa, 0x94, 0xfa,
  0x94, 0xfa, 0x94, 0xfa, 0x94, 0xfa, 0x94, 0xfa, 0x94, 0xfa, 0x94, 0xfa, 0x94, 0xfa, 0x94, 0xfa,
  0xb4, 0xf2, 0x5a, 0xad, 0x7d, 0x07, 0x51, 0x04, 0x00, 0x00, 0x22, 0x00, 0x02, 0x00, 0x02, 0x00,
  0x02, 0x00, 0x02, 0x00, 0x01, 0x00, 0x25, 0x18, 0x19, 0xc0, 0x9e, 0xf8, 0x17, 0xfa, 0x94, 0xfa,
  0x94, 0xfa, 0x94, 0xfa, 0x94, 0xfa, 0x94, 0xfa, 0x94, 0xfa, 0x94, 0xfa, 0x94, 0xfa, 0x94, 0xfa,
  0x94, 0xfa, 0x94, 0xfa, 0x94, 0xfa, 0x94, 0xfa, 0x74, 0xfa, 0xf5, 0xf2, 0xd8, 0xdc, 0xd8, 0xdb,
  0x38, 0xfa, 0x18, 0xfa, 0x18, 0xfa, 0x18, 0xfa, 0x18, 0xfa, 0x18, 0xfa, 0x18, 0xfa, 0x18, 0xfa,
  0x18, 0xfa, 0x18, 0xfa, 0x18, 0xfa, 0x18, 0xfa, 0x18, 0xfa, 0x18, 0xfa, 0x18, 0xfa, 0x18, 0xfa,
  0x19, 0xfa, 0x17, 0xf2, 0xb0, 0xb9, 0xc7, 0x58, 0x00, 0x00, 0x02, 0x00, 0x02, 0x00, 0x02, 0x00,
  0x02, 0x00, 0x00, 0x00, 0x17, 0xb0, 0x1f, 0xf8, 0x19, 0xfa, 0x94, 0xfa, 0x94, 0xfa, 0x94, 0xfa,
  0x94, 0xfa, 0x94, 0xfa, 0x94, 0xfa, 0x94, 0xfa, 0x94, 0xfa, 0x94, 0xfa, 0x94, 0xfa, 0x94, 0xfa,
  0x94, 0xfa, 0x94, 0xfa, 0x94, 0xfa, 0xd5, 0xfa, 0x57, 0xdc, 0x98, 0xdc, 0x38, 0xfa, 0x18, 0xfa,
  0x18, 0xfa, 0x18, 0xfa, 0x18, 0xfa, 0x18, 0xfa, 0x18, 0xfa, 0x18, 0xfa, 0x18, 0xfa, 0x18, 0xfa,
  0x18, 0xfa, 0x18, 0xfa, 0x18, 0xfa, 0x18, 0xfa, 0x18, 0xfa, 0x18, 0xfa, 0x19, 0xfa, 0x17, 0xfa,
  0xd2, 0xd1, 0x09, 0x71, 0x21, 0x00, 0x01, 0x00, 0x02, 0x00, 0x02, 0x00, 0x02, 0x08, 0x01, 0x08,
  0x0f, 0x78, 0x3e, 0xf0, 0x7a, 0xf9, 0x94, 0xfa, 0x94, 0xfa, 0x94, 0xfa, 0x94, 0xfa, 0x94, 0xfa,
  0x94, 0xfa, 0x94, 0xfa, 0x94, 0xfa, 0x94, 0xfa, 0x94, 0xfa, 0x94, 0xfa, 0x94, 0xfa, 0x94, 0xfa,
  0x94, 0xfa, 0x94, 0xfa, 0x94, 0xfa, 0x94, 0xfa, 0x94, 0xfa, 0x94, 0xfa, 0x94, 0xfa, 0x94, 0xfa,
  0x74, 0xfa, 0x35, 0xeb, 0xfb, 0x95, 0xdf, 0x27, 0x7f, 0x17, 0x1f, 0xad, 0x79, 0xf2, 0x74, 0xfa,
  0x94, 0xfa, 0x94, 0xfa, 0x94, 0xfa, 0x94, 0xfa, 0x94, 0xfa, 0x94, 0xfa, 0x94, 0xfa, 0x94, 0xfa,
  0x94, 0xfa, 0x94, 0xfa, 0x94, 0xfa, 0x94, 0xfa, 0x74, 0xfa, 0x76, 0xe3, 0x9f, 0x57, 0x9a, 0x06,
  0x13, 0x98, 0x7f, 0xf8, 0xb8, 0xf9, 0x94, 0xfa, 0x74, 0xfa, 0x94, 0xfa, 0x94, 0xfa, 0x94, 0xfa,
  0x94, 0xfa, 0x94, 0xfa, 0x94, 0xfa, 0x94, 0xfa, 0x94, 0xfa, 0x94, 0xfa, 0x94, 0xfa, 0x94, 0xfa,
  0x74, 0xfa, 0xf5, 0xe2, 0x7c, 0x8e, 0x3c, 0x07, 0x10, 0x04, 0x00, 0x00, 0x02, 0x00, 0x02, 0x00,
  0x02, 0x00, 0x02, 0x00, 0x01, 0x00, 0x01, 0x00, 0x01, 0x00, 0x01, 0x00, 0x01, 0x00, 0x01, 0x00,
  0x02, 0x00, 0x01, 0x00, 0x07, 0x30, 0x1d, 0xe0, 0xbe, 0xf8, 0x56, 0xfa, 0x94, 0xfa, 0x94, 0xfa,
  0x94, 0xfa, 0x94, 0xfa, 0x94, 0xfa, 0x94, 0xfa, 0x94, 0xfa, 0x94, 0xfa, 0x94, 0xfa, 0x94, 0xfa,
  0x94, 0xfa, 0x94, 0xfa, 0x74, 0xfa, 0x94, 0xfa, 0x7a, 0xb5, 0xbf, 0x07, 0x96, 0x05, 0x00, 0x00,
  0x02, 0x00, 0x22, 0x00, 0x00, 0x00, 0x0e, 0x68, 0x1b, 0xd8, 0x5c, 0xf9, 0x55, 0xfa, 0x94, 0xfa,
  0x94, 0xfa, 0x94, 0xfa, 0x94, 0xfa, 0x94, 0xfa, 0x94, 0xfa, 0x94, 0xfa, 0x94, 0xfa, 0x94, 0xfa,
  0x94, 0xfa, 0x94, 0xfa, 0x94, 0xfa, 0x94, 0xfa, 0x74, 0xfa, 0x1a, 0x9d, 0x9f, 0x3f, 0xdf, 0xab,
  0xdf, 0xf8, 0x3f, 0xf8, 0x3f, 0xf8, 0x3f, 0xf8, 0x3f, 0xf8, 0x3f, 0xf8, 0x3f, 0xf8, 0x3f, 0xf8,
  0x3f, 0xf8, 0x3f, 0xf8, 0x3f, 0xf8, 0x3f, 0xf8, 0x3f, 0xf8, 0x3f, 0xf8, 0x3f, 0xf8, 0x3f, 0xf8,
  0x3e, 0xf0, 0x35, 0xa8, 0x00, 0x00, 0x01, 0x00, 0x22, 0x00, 0x02, 0x00, 0x02, 0x00, 0x02, 0x00,
  0x00, 0x00, 0x27, 0x30, 0x1b, 0xd8, 0xdd, 0xf8, 0x56, 0xfa, 0x94, 0xfa, 0x94, 0xfa, 0x94, 0xfa,
  0x94, 0xfa, 0x94, 0xfa, 0x94, 0xfa, 0x94, 0xfa, 0x94, 0xfa, 0x94, 0xfa, 0x94, 0xfa, 0x94, 0xfa,
  0x94, 0xfa, 0x94, 0xfa, 0x74, 0xfa, 0x37, 0xdc, 0xbf, 0x37, 0xdb, 0x45, 0xf2, 0x88, 0x11, 0x88,
  0x33, 0x90, 0x19, 0xc0, 0x1e, 0xf0, 0x3f, 0xf8, 0x9a, 0xf9, 0x94, 0xfa, 0x94, 0xfa, 0x94, 0xfa,
  0x94, 0xfa, 0x94, 0xfa, 0x94, 0xfa, 0x94, 0xfa, 0x94, 0xfa, 0x94, 0xfa, 0x94, 0xfa, 0x94, 0xfa,
  0x94, 0xfa, 0x54, 0xfa, 0x9a, 0xad, 0x9f, 0x1f, 0xb3, 0x04, 0x00, 0x00, 0x22, 0x00, 0x02, 0x00,
  0x02, 0x00, 0x02, 0x00, 0x01, 0x00, 0x08, 0x38, 0x1d, 0xe8, 0xde, 0xf8, 0x75, 0xfa, 0x94, 0xfa,
  0x94, 0xfa, 0x94, 0xfa, 0x94, 0xfa, 0x94, 0xfa, 0x94, 0xfa, 0x94, 0xfa, 0x94, 0xfa, 0x94, 0xfa,
  0x94, 0xfa, 0x94, 0xfa, 0x94, 0xfa, 0x94, 0xfa, 0x74, 0xfa, 0xf5, 0xf2, 0x7a, 0xad, 0xde, 0x7d,
  0xde, 0xd9, 0x1e, 0xf8, 0x7f, 0xf8, 0x7f, 0xf8, 0x7f, 0xf8, 0x7f, 0xf8, 0x7f, 0xf8, 0x7f, 0xf8,
  0x7f, 0xf8, 0x7f, 0xf8, 0x7f, 0xf8, 0x7f, 0xf8, 0x7f, 0xf8, 0x7f, 0xf8, 0x7e, 0xf8, 0x7f, 0xf8,
  0x57, 0xb8, 0x29, 0x48, 0x01, 0x00, 0x22, 0x00, 0x02, 0x00, 0x02, 0x00, 0x02, 0x00, 0x02, 0x00,
  0x02, 0x00, 0x03, 0x18, 0x2f, 0x78, 0x7f, 0xf8, 0xb9, 0xf9, 0xb4, 0xfa, 0x74, 0xfa, 0x94, 0xfa,
  0x94, 0xfa, 0x94, 0xfa, 0x94, 0xfa, 0x94, 0xfa, 0x94, 0xfa, 0x94, 0xfa, 0x94, 0xfa, 0x94, 0xfa,
  0x94, 0xfa, 0x94, 0xfa, 0x94, 0xfa, 0x74, 0xfa, 0x94, 0xfa, 0x17, 0xd4, 0x9b, 0xdb, 0x1d, 0xf9,
  0xbd, 0xf8, 0xbd, 0xf8, 0xbd, 0xf8, 0xbd, 0xf8, 0xbd, 0xf8, 0xbd, 0xf8, 0xbd, 0xf8, 0xbd, 0xf8,
  0xbd, 0xf8, 0xbd, 0xf8, 0xbd, 0xf8, 0xbd, 0xf8, 0xbd, 0xf8, 0xbd, 0xf8, 0xbe, 0xf8, 0x93, 0xa0,
  0x25, 0x28, 0x02, 0x00, 0x22, 0x00, 0x02, 0x00, 0x02, 0x00, 0x02, 0x00, 0x01, 0x00, 0x11, 0x80,
  0x3f, 0xf8, 0x7b, 0xf9, 0x94, 0xfa, 0x94, 0xfa, 0x94, 0xfa, 0x94, 0xfa, 0x94, 0xfa, 0x94, 0xfa,
  0x94, 0xfa, 0x94, 0xfa, 0x94, 0xfa, 0x94, 0xfa, 0x94, 0xfa, 0x94, 0xfa, 0x94, 0xfa, 0x94, 0xfa,
  0x54, 0xfa, 0x3b, 0xa6, 0xbf, 0x07, 0xbd, 0xb4, 0x1c, 0xe0, 0x1c, 0xe0, 0x1e, 0xe8, 0x1f, 0xf8,
  0x3f, 0xf8, 0xba, 0xf9, 0x94, 0xfa, 0x94, 0xfa, 0x94, 0xfa, 0x94, 0xfa, 0x94, 0xfa, 0x94, 0xfa,
  0x94, 0xfa, 0x94, 0xfa, 0x94, 0xfa, 0x94, 0xfa, 0x94, 0xfa, 0x94, 0xfa, 0x94, 0xfa, 0x94, 0xfa,
  0xb4, 0xf2, 0x5a, 0xad, 0x7d, 0x07, 0x31, 0x04, 0x00, 0x00, 0x22, 0x00, 0x02, 0x00, 0x02, 0x00,
  0x02, 0x00, 0x02, 0x00, 0x01, 0x00, 0x25, 0x18, 0x19, 0xc0, 0x9e, 0xf8, 0x17, 0xfa, 0x94, 0xfa,
  0x94, 0xfa, 0x94, 0xfa, 0x94, 0xfa, 0x94, 0xfa, 0x94, 0xfa, 0x94, 0xfa, 0x94, 0xfa, 0x94, 0xfa,
  0x94, 0xfa, 0x94, 0xfa, 0x94, 0xfa, 0x94, 0xfa, 0x74, 0xfa, 0xb7, 0xdb, 0x9e, 0x57, 0xbf, 0x6d,
  0xbf, 0xf9, 0x3f, 0xf8, 0x3f, 0xf8, 0x3f, 0xf8, 0x3f, 0xf8, 0x3f, 0xf8, 0x3f, 0xf8, 0x3f, 0xf8,
  0x3f, 0xf8, 0x3f, 0xf8, 0x3f, 0xf8, 0x3f, 0xf8, 0x3f, 0xf8, 0x3f, 0xf8, 0x3f, 0xf8, 0x3f, 0xf8,
  0x3f, 0xf8, 0x38, 0xc0, 0x09, 0x40, 0x00, 0x00, 0x22, 0x00, 0x02, 0x00, 0x02, 0x00, 0x02, 0x00,
  0x02, 0x00, 0x00, 0x00, 0x17, 0xb0, 0x1f, 0xf8, 0x19, 0xfa, 0x94, 0xfa, 0x94, 0xfa, 0x94, 0xfa,
  0x94, 0xfa, 0x94, 0xfa, 0x94, 0xfa, 0x94, 0xfa, 0x94, 0xfa, 0x94, 0xfa, 0x94, 0xfa, 0x94, 0xfa,
  0x94, 0xfa, 0x94, 0xfa, 0x94, 0xfa, 0x75, 0xf3, 0x9d, 0x56, 0x3f, 0x67, 0xbf, 0xe1, 0x1f, 0xf8,
  0x3f, 0xf8, 0x3f, 0xf8, 0x3f, 0xf8, 0x3f, 0xf8, 0x3f, 0xf8, 0x3f, 0xf8, 0x3f, 0xf8, 0x3f, 0xf8,
  0x3f, 0xf8, 0x3f, 0xf8, 0x3f, 0xf8, 0x3f, 0xf8, 0x3f, 0xf8, 0x3f, 0xf8, 0x3f, 0xf8, 0x3a, 0xd0,
  0x0e, 0x70, 0x00, 0x00, 0x22, 0x00, 0x02, 0x00, 0x02, 0x00, 0x02, 0x00, 0x02, 0x08, 0x01, 0x08,
  0x0f, 0x78, 0x3e, 0xf0, 0x7a, 0xf9, 0x94, 0xfa, 0x94, 0xfa, 0x94, 0xfa, 0x94, 0xfa, 0x94, 0xfa,
  0x94, 0xfa, 0x94, 0xfa, 0x94, 0xfa, 0x94, 0xfa, 0x94, 0xfa, 0x94, 0xfa, 0x94, 0xfa, 0x94, 0xfa,
  0x94, 0xfa, 0x94, 0xfa, 0x94, 0xfa, 0x94, 0xfa, 0x94, 0xfa, 0x94, 0xfa, 0x94, 0xfa, 0x94, 0xfa,
  0x94, 0xfa, 0x74, 0xfa, 0x96, 0xe3, 0x5c, 0x86, 0xff, 0x0f, 0x1f, 0x3f, 0x39, 0xd4, 0x54, 0xfa,
  0x94, 0xfa, 0x94, 0xfa, 0x94, 0xfa, 0x94, 0xfa, 0x94, 0xfa, 0x94, 0xfa, 0x94, 0xfa, 0x94, 0xfa,
  0x94, 0xfa, 0x94, 0xfa, 0x94, 0xfa, 0x94, 0xfa, 0x74, 0xfa, 0x76, 0xe3, 0x9f, 0x57, 0x9a, 0x06,
  0x13, 0x98, 0x7f, 0xf8, 0xb8, 0xf9, 0x94, 0xfa, 0x74, 0xfa, 0x94, 0xfa, 0x94, 0xfa, 0x94, 0xfa,
  0x94, 0xfa, 0x94, 0xfa, 0x94, 0xfa, 0x94, 0xfa, 0x94, 0xfa, 0x94, 0xfa, 0x94, 0xfa, 0x94, 0xfa,
  0x74, 0xfa, 0xf5, 0xe2, 0x7c, 0x8e, 0x3c, 0x07, 0x10, 0x04, 0x00, 0x00, 0x02, 0x00, 0x02, 0x00,
  0x02, 0x00, 0x00, 0x00, 0x00, 0x00, 0x84, 0x00, 0xe5, 0x00, 0xe5, 0x00, 0xe5, 0x00, 0xa4, 0x00,
  0x00, 0x00, 0x00, 0x00, 0x07, 0x30, 0x1d, 0xe0, 0xbe, 0xf8, 0x56, 0xfa, 0x94, 0xfa, 0x94, 0xfa,
  0x94, 0xfa, 0x94, 0xfa, 0x94, 0xfa, 0x94, 0xfa, 0x94, 0xfa, 0x94, 0xfa, 0x94, 0xfa, 0x94, 0xfa,
  0x94, 0xfa, 0x94, 0xfa, 0x74, 0xfa, 0x94, 0xfa, 0x7a, 0xb5, 0xbf, 0x07, 0x96, 0x05, 0x00, 0x00,
  0x02, 0x00, 0x22, 0x00, 0x00, 0x00, 0x0e, 0x68, 0x1b, 0xd8, 0x5c, 0xf9, 0x55, 0xfa, 0x94, 0xfa,
  0x94, 0xfa, 0x94, 0xfa, 0x94, 0xfa, 0x94, 0xfa, 0x94, 0xfa, 0x94, 0xfa, 0x94, 0xfa, 0x94, 0xfa,
  0x94, 0xfa, 0x94, 0xfa, 0x94, 0xfa, 0x94, 0xfa, 0x74, 0xfa, 0x3a, 0x95, 0x9f, 0x3f, 0xdb, 0x8b,
  0xda, 0xd0, 0x3a, 0xc8, 0x1a, 0xc8, 0x1a, 0xc8, 0x1a, 0xc8, 0x1a, 0xc8, 0x1a, 0xc8, 0x1a, 0xc8,
  0x1a, 0xc8, 0x1a, 0xc8, 0x1a, 0xc8, 0x1a, 0xc8, 0x1a, 0xc8, 0x1a, 0xc8, 0x1a, 0xc8, 0x19, 0xc8,
  0x15, 0xa0, 0x09, 0x40, 0x01, 0x00, 0x02, 0x00, 0x02, 0x00, 0x02, 0x00, 0x02, 0x00, 0x02, 0x00,
  0x00, 0x00, 0x27, 0x30, 0x1b, 0xd8, 0xdd, 0xf8, 0x56, 0xfa, 0x94, 0xfa, 0x94, 0xfa, 0x94, 0xfa,
  0x94, 0xfa, 0x94, 0xfa, 0x94, 0xfa, 0x94, 0xfa, 0x94, 0xfa, 0x94, 0xfa, 0x94, 0xfa, 0x94, 0xfa,
  0x94, 0xfa, 0x94, 0xfa, 0x74, 0xfa, 0x37, 0xdc, 0xbf, 0x37, 0xd7, 0x05, 0xe3, 0x00, 0x00, 0x00,
  0x20, 0x00, 0x09, 0x40, 0x17, 0xb8, 0x3f, 0xf8, 0x7b, 0xf9, 0x94, 0xfa, 0x94, 0xfa, 0x94, 0xfa,
  0x94, 0xfa, 0x94, 0xfa, 0x94, 0xfa, 0x94, 0xfa, 0x94, 0xfa, 0x94, 0xfa, 0x94, 0xfa, 0x94, 0xfa,
  0x94, 0xfa, 0x54, 0xfa, 0xdb, 0xad, 0x3d, 0x0f, 0x51, 0x04, 0x00, 0x00, 0x02, 0x00, 0x02, 0x00,
  0x02, 0x00, 0x02, 0x00, 0x01, 0x00, 0x08, 0x38, 0x1d, 0xe8, 0xde, 0xf8, 0x75, 0xfa, 0x94, 0xfa,
  0x94, 0xfa, 0x94, 0xfa, 0x94, 0xfa, 0x94, 0xfa, 0x94, 0xfa, 0x94, 0xfa, 0x94, 0xfa, 0x94, 0xfa,
  0x94, 0xfa, 0x94, 0xfa, 0x94, 0xfa, 0x94, 0xfa, 0x74, 0xfa, 0xf7, 0xdb, 0xdd, 0x4e, 0x1f, 0x57,
  0x5d, 0xb3, 0x1b, 0xd8, 0x1b, 0xd8, 0x1b, 0xd8, 0x1b, 0xd8, 0x1b, 0xd8, 0x1b, 0xd8, 0x1b, 0xd8,
  0x1b, 0xd8, 0x1b, 0xd8, 0x1b, 0xd8, 0x1b, 0xd8, 0x1b, 0xd8, 0x1b, 0xd8, 0x1b, 0xd8, 0x19, 0xc8,
  0x0e, 0x68, 0x03, 0x08, 0x22, 0x00, 0x02, 0x00, 0x02, 0x00, 0x02, 0x00, 0x02, 0x00, 0x02, 0x00,
  0x02, 0x00, 0x04, 0x20, 0x31, 0x80, 0x7f, 0xf8, 0xb9, 0xf9, 0xb4, 0xfa, 0x74, 0xfa, 0x94, 0xfa,
  0x94, 0xfa, 0x94, 0xfa, 0x94, 0xfa, 0x94, 0xfa, 0x94, 0xfa, 0x94, 0xfa, 0x94, 0xfa, 0x94, 0xfa,
  0x94, 0xfa, 0x94, 0xfa, 0x94, 0xfa, 0x54, 0xfa, 0x17, 0xdc, 0x5c, 0x6e, 0xdd, 0xa4, 0x1c, 0xd8,
  0x1c, 0xd8, 0x1c, 0xd8, 0x1c, 0xe0, 0x1c, 0xe0, 0x1c, 0xe0, 0x1c, 0xe0, 0x1c, 0xe0, 0x1c, 0xe0,
  0x1c, 0xe0, 0x1c, 0xe0, 0x1c, 0xe0, 0x1c, 0xe0, 0x1c, 0xd8, 0x1c, 0xd8, 0x1a, 0xc8, 0x0b, 0x50,
  0x02, 0x08, 0x22, 0x00, 0x02, 0x00, 0x02, 0x00, 0x02, 0x00, 0x02, 0x00, 0x01, 0x00, 0x11, 0x80,
  0x3f, 0xf8, 0x7b, 0xf9, 0x94, 0xfa, 0x94, 0xfa, 0x94, 0xfa, 0x94, 0xfa, 0x94, 0xfa, 0x94, 0xfa,
  0x94, 0xfa, 0x94, 0xfa, 0x94, 0xfa, 0x94, 0xfa, 0x94, 0xfa, 0x94, 0xfa, 0x94, 0xfa, 0x74, 0xfa,
  0x54, 0xfa, 0x1b, 0xa6, 0xbf, 0x07, 0xb4, 0x44, 0x0a, 0x50, 0x0c, 0x58, 0x12, 0x90, 0x3c, 0xe0,
  0x1f, 0xf8, 0xfc, 0xf8, 0x75, 0xfa, 0x94, 0xfa, 0x94, 0xfa, 0x94, 0xfa, 0x94, 0xfa, 0x94, 0xfa,
  0x94, 0xfa, 0x94, 0xfa, 0x94, 0xfa, 0x94, 0xfa, 0x94, 0xfa, 0x94, 0xfa, 0x94, 0xfa, 0x94, 0xfa,
  0xb4, 0xf2, 0x7a, 0xad, 0x5d, 0x07, 0xcf, 0x03, 0x00, 0x00, 0x22, 0x00, 0x02, 0x00, 0x02, 0x00,
  0x02, 0x00, 0x02, 0x00, 0x01, 0x00, 0x25, 0x18, 0x19, 0xc0, 0x9e, 0xf8, 0x17, 0xfa, 0x94, 0xfa,
  0x94, 0xfa, 0x94, 0xfa, 0x94, 0xfa, 0x94, 0xfa, 0x94, 0xfa, 0x94, 0xfa, 0x94, 0xfa, 0x94, 0xfa,
  0x94, 0xfa, 0x94, 0xfa, 0x94, 0xfa, 0x94, 0xfa, 0x74, 0xfa, 0xd7, 0xdb, 0x9f, 0x4f, 0xdd, 0x55,
  0xda, 0xc9, 0x1a, 0xc8, 0x1a, 0xc8, 0x1a, 0xc8, 0x1a, 0xc8, 0x1a, 0xc8, 0x1a, 0xc8, 0x1a, 0xc8,
  0x1a, 0xc8, 0x1a, 0xc8, 0x1a, 0xc8, 0x1a, 0xc8, 0x1a, 0xc8, 0x1a, 0xc8, 0x1a, 0xc8, 0x1a, 0xc8,
  0x17, 0xb8, 0x0e, 0x68, 0x00, 0x00, 0x02, 0x00, 0x02, 0x00, 0x02, 0x00, 0x02, 0x00, 0x02, 0x00,
  0x02, 0x00, 0x00, 0x00, 0x17, 0xb0, 0x1f, 0xf8, 0x19, 0xfa, 0x94, 0xfa, 0x94, 0xfa, 0x94, 0xfa,
  0x94, 0xfa, 0x94, 0xfa, 0x94, 0xfa, 0x94, 0xfa, 0x94, 0xfa, 0x94, 0xfa, 0x94, 0xfa, 0x94, 0xfa,
  0x94, 0xfa, 0x94, 0xfa, 0x74, 0xfa, 0x76, 0xf3, 0xdd, 0x56, 0x7f, 0x57, 0xba, 0xb9, 0x1a, 0xd0,
  0x1a, 0xc8, 0x1a, 0xc8, 0x1a, 0xc8, 0x1a, 0xc8, 0x1a, 0xc8, 0x1a, 0xc8, 0x1a, 0xc8, 0x1a, 0xc8,
  0x1a, 0xc8, 0x1a, 0xc8, 0x1a, 0xc8, 0x1a, 0xc8, 0x1a, 0xc8, 0x1a, 0xc8, 0x18, 0xc0, 0x10, 0x80,
  0x03, 0x10, 0x01, 0x00, 0x02, 0x00, 0x02, 0x00, 0x02, 0x00, 0x02, 0x00, 0x02, 0x08, 0x01, 0x08,
  0x0f, 0x78, 0x3e, 0xf0, 0x7a, 0xf9, 0x94, 0xfa, 0x94, 0xfa, 0x94, 0xfa, 0x94, 0xfa, 0x94, 0xfa,
  0x94, 0xfa, 0x94, 0xfa, 0x94, 0xfa, 0x94, 0xfa, 0x94, 0xfa, 0x94, 0xfa, 0x94, 0xfa, 0x94, 0xfa,
  0x94, 0xfa, 0x94, 0xfa, 0x94, 0xfa, 0x94, 0xfa, 0x94, 0xfa, 0x94, 0xfa, 0x94, 0xfa, 0x94, 0xfa,
  0x94, 0xfa, 0x94, 0xfa, 0x54, 0xfa, 0xf7, 0xe3, 0xbd, 0x7e, 0x9f, 0x07, 0x59, 0xcd, 0x54, 0xfa,
  0x94, 0xfa, 0x94, 0xfa, 0x94, 0xfa, 0x94, 0xfa, 0x94, 0xfa, 0x94, 0xfa, 0x94, 0xfa, 0x94, 0xfa,
  0x94, 0xfa, 0x94, 0xfa, 0x94, 0xfa, 0x94, 0xfa, 0x74, 0xfa, 0x76, 0xe3, 0x9f, 0x57, 0x9a, 0x06,
  0x13, 0x98, 0x7f, 0xf8, 0xb8, 0xf9, 0x94, 0xfa, 0x74, 0xfa, 0x94, 0xfa, 0x94, 0xfa, 0x94, 0xfa,
  0x94, 0xfa, 0x94, 0xfa, 0x94, 0xfa, 0x94, 0xfa, 0x94, 0xfa, 0x94, 0xfa, 0x94, 0xfa, 0x94, 0xfa,
  0x74, 0xfa, 0xf5, 0xe2, 0x7c, 0x8e, 0x3c, 0x07, 0x10, 0x04, 0x00, 0x00, 0x22, 0x00, 0x02, 0x00,
  0x01, 0x00, 0x0c, 0x03, 0xb3, 0x04, 0x55, 0x05, 0x75, 0x05, 0x55, 0x05, 0x55, 0x05, 0x55, 0x05,
  0xd3, 0x04, 0xcb, 0x02, 0xa7, 0x30, 0x1d, 0xe0, 0xbe, 0xf8, 0x56, 0xfa, 0x94, 0xfa, 0x94, 0xfa,
  0x94, 0xfa, 0x94, 0xfa, 0x94, 0xfa, 0x94, 0xfa, 0x94, 0xfa, 0x94, 0xfa, 0x94, 0xfa, 0x94, 0xfa,
  0x94, 0xfa, 0x94, 0xfa, 0x74, 0xfa, 0x94, 0xfa, 0x7a, 0xb5, 0xbf, 0x07, 0x96, 0x05, 0x00, 0x00,
  0x02, 0x00, 0x22, 0x00, 0x00, 0x00, 0x0e, 0x68, 0x1b, 0xd8, 0x5c, 0xf9, 0x55, 0xfa, 0x94, 0xfa,
  0x94, 0xfa, 0x94, 0xfa, 0x94, 0xfa, 0x94, 0xfa, 0x94, 0xfa, 0x94, 0xfa, 0x94, 0xfa, 0x94, 0xfa,
  0x94, 0xfa, 0x94, 0xfa, 0x94, 0xfa, 0x94, 0xfa, 0x74, 0xfa, 0x3a, 0x95, 0x9f, 0x2f, 0xaf, 0x03,
  0x00, 0x00, 0x00, 0x00, 0x00, 0x00, 0x00, 0x00, 0x00, 0x00, 0x00, 0x00, 0x00, 0x00, 0x00, 0x00,
  0x00, 0x00, 0x00, 0x00, 0x00, 0x00, 0x00, 0x00, 0x00, 0x00, 0x00, 0x00, 0x00, 0x00, 0x00, 0x00,
  0x00, 0x00, 0x01, 0x00, 0x02, 0x00, 0x02, 0x00, 0x02, 0x00, 0x02, 0x00, 0x02, 0x00, 0x02, 0x00,
  0x00, 0x00, 0x27, 0x30, 0x1b, 0xd8, 0xdd, 0xf8, 0x56, 0xfa, 0x94, 0xfa, 0x94, 0xfa, 0x94, 0xfa,
  0x94, 0xfa, 0x94, 0xfa, 0x94, 0xfa, 0x94, 0xfa, 0x94, 0xfa, 0x94, 0xfa, 0x94, 0xfa, 0x94, 0xfa,
  0x94, 0xfa, 0x94, 0xfa, 0x74, 0xfa, 0x37, 0xdc, 0xbf, 0x37, 0xd7, 0x05, 0xe4, 0x00, 0x02, 0x00,
  0x02, 0x00, 0x00, 0x00, 0x12, 0x90, 0x1f, 0xf8, 0x7b, 0xf9, 0x94, 0xfa, 0x94, 0xfa, 0x94, 0xfa,
  0x94, 0xfa, 0x94, 0xfa, 0x94, 0xfa, 0x94, 0xfa, 0x94, 0xfa, 0x94, 0xfa, 0x94, 0xfa, 0x94, 0xfa,
  0x74, 0xfa, 0x54, 0xfa, 0x7c, 0xa6, 0x5a, 0x06, 0x0c, 0x03, 0x00, 0x00, 0x02, 0x00, 0x02, 0x00,
  0x02, 0x00, 0x02, 0x00, 0x01, 0x00, 0x08, 0x38, 0x1d, 0xe8, 0xde, 0xf8, 0x75, 0xfa, 0x94, 0xfa,
  0x94, 0xfa, 0x94, 0xfa, 0x94, 0xfa, 0x94, 0xfa, 0x94, 0xfa, 0x94, 0xfa, 0x94, 0xfa, 0x94, 0xfa,
  0x94, 0xfa, 0x94, 0xfa, 0x94, 0xfa, 0x94, 0xfa, 0x74, 0xfa, 0xf7, 0xdb, 0xdd, 0x4e, 0xdf, 0x07,
  0x3a, 0x1e, 0x52, 0x24, 0x6e, 0x23, 0xcb, 0x22, 0x08, 0x22, 0x46, 0x21, 0x04, 0x20, 0x02, 0x20,
  0x03, 0x20, 0x04, 0x20, 0x04, 0x20, 0x05, 0x20, 0x05, 0x20, 0x05, 0x20, 0x05, 0x18, 0x21, 0x00,
  0x21, 0x00, 0x02, 0x00, 0x02, 0x00, 0x02, 0x00, 0x02, 0x00, 0x02, 0x00, 0x02, 0x00, 0x02, 0x00,
  0x02, 0x00, 0x04, 0x20, 0x31, 0x88, 0x7f, 0xf8, 0xb9, 0xf9, 0xb4, 0xfa, 0x74, 0xfa, 0x94, 0xfa,
  0x94, 0xfa, 0x94, 0xfa, 0x94, 0xfa, 0x94, 0xfa, 0x94, 0xfa, 0x94, 0xfa, 0x94, 0xfa, 0x94, 0xfa,
  0x94, 0xfa, 0x94, 0xfa, 0x94, 0xfa, 0x54, 0xfa, 0xba, 0xbd, 0x3e, 0x07, 0xb4, 0x34, 0x08, 0x40,
  0x09, 0x40, 0x09, 0x40, 0x09, 0x40, 0x09, 0x40, 0x09, 0x40, 0x09, 0x40, 0x09, 0x40, 0x09, 0x40,
  0x09, 0x40, 0x09, 0x40, 0x09, 0x40, 0x09, 0x40, 0x09, 0x40, 0x08, 0x38, 0x03, 0x10, 0x21, 0x00,
  0x02, 0x00, 0x02, 0x00, 0x02, 0x00, 0x02, 0x00, 0x02, 0x00, 0x02, 0x00, 0x01, 0x00, 0x11, 0x80,
  0x3f, 0xf8, 0x7b, 0xf9, 0x94, 0xfa, 0x94, 0xfa, 0x94, 0xfa, 0x94, 0xfa, 0x94, 0xfa, 0x94, 0xfa,
  0x94, 0xfa, 0x94, 0xfa, 0x94, 0xfa, 0x94, 0xfa, 0x94, 0xfa, 0x94, 0xfa, 0x94, 0xfa, 0x74, 0xfa,
  0x54, 0xfa, 0x1b, 0xa6, 0xbf, 0x07, 0xb2, 0x04, 0x00, 0x00, 0x00, 0x00, 0x00, 0x00, 0x12, 0x88,
  0x1e, 0xf0, 0xdd, 0xf8, 0x56, 0xfa, 0x94, 0xfa, 0x94, 0xfa, 0x94, 0xfa, 0x94, 0xfa, 0x94, 0xfa,
  0x94, 0xfa, 0x94, 0xfa, 0x94, 0xfa, 0x94, 0xfa, 0x94, 0xfa, 0x94, 0xfa, 0x94, 0xfa, 0x74, 0xfa,
  0xb4, 0xf2, 0x7a, 0xa5, 0x3d, 0x07, 0x0d, 0x03, 0x00, 0x00, 0x22, 0x00, 0x02, 0x00, 0x02, 0x00,
  0x02, 0x00, 0x02, 0x00, 0x01, 0x00, 0x25, 0x18, 0x19, 0xc0, 0x9e, 0xf8, 0x17, 0xfa, 0x94, 0xfa,
  0x94, 0xfa, 0x94, 0xfa, 0x94, 0xfa, 0x94, 0xfa, 0x94, 0xfa, 0x94, 0xfa, 0x94, 0xfa, 0x94, 0xfa,
  0x94, 0xfa, 0x94, 0xfa, 0x94, 0xfa, 0x94, 0xfa, 0x74, 0xfa, 0xd6, 0xd3, 0x9f, 0x4f, 0xd7, 0x05,
  0x66, 0x01, 0x00, 0x00, 0x00, 0x00, 0x00, 0x00, 0x00, 0x00, 0x00, 0x00, 0x00, 0x00, 0x00, 0x00,
  0x00, 0x00, 0x00, 0x00, 0x00, 0x00, 0x00, 0x00, 0x00, 0x00, 0x00, 0x00, 0x00, 0x00, 0x00, 0x00,
  0x00, 0x00, 0x00, 0x00, 0x02, 0x00, 0x02, 0x00, 0x02, 0x00, 0x02, 0x00, 0x02, 0x00, 0x02, 0x00,
  0x02, 0x00, 0x00, 0x00, 0x17, 0xb0, 0x1f, 0xf8, 0x19, 0xfa, 0x94, 0xfa, 0x94, 0xfa, 0x94, 0xfa,
  0x94, 0xfa, 0x94, 0xfa, 0x94, 0xfa, 0x94, 0xfa, 0x94, 0xfa, 0x94, 0xfa, 0x94, 0xfa, 0x94, 0xfa,
  0x94, 0xfa, 0x94, 0xfa, 0x74, 0xfa, 0x75, 0xf3, 0xdd, 0x56, 0x7d, 0x0f, 0x67, 0x01, 0x00, 0x00,
  0x00, 0x00, 0x00, 0x00, 0x00, 0x00, 0x00, 0x00, 0x00, 0x00, 0x00, 0x00, 0x00, 0x00, 0x00, 0x00,
  0x00, 0x00, 0x00, 0x00, 0x00, 0x00, 0x00, 0x00, 0x00, 0x00, 0x00, 0x00, 0x00, 0x00, 0x00, 0x00,
  0x01, 0x00, 0x02, 0x00, 0x02, 0x00, 0x02, 0x00, 0x02, 0x00, 0x02, 0x00, 0x02, 0x08, 0x01, 0x08,
  0x0f, 0x78, 0x3e, 0xf0, 0x7a, 0xf9, 0x94, 0xfa, 0x94, 0xfa, 0x94, 0xfa, 0x94, 0xfa, 0x94, 0xfa,
  0x94, 0xfa, 0x94, 0xfa, 0x94, 0xfa, 0x94, 0xfa, 0x94, 0xfa, 0x94, 0xfa, 0x94, 0xfa, 0x94, 0xfa,
  0x94, 0xfa, 0x94, 0xfa, 0x94, 0xfa, 0x94, 0xfa, 0x94, 0xfa, 0x94, 0xfa, 0x94, 0xfa, 0x94, 0xfa,
  0x94, 0xfa, 0x94, 0xfa, 0x94, 0xfa, 0x54, 0xfa, 0x98, 0xd4, 0x9d, 0x66, 0x39, 0xc5, 0x54, 0xfa,
  0x74, 0xfa, 0x94, 0xfa, 0x94, 0xfa, 0x94, 0xfa, 0x94, 0xfa, 0x94, 0xfa, 0x94, 0xfa, 0x94, 0xfa,
  0x94, 0xfa, 0x94, 0xfa, 0x94, 0xfa, 0x94, 0xfa, 0x74, 0xfa, 0x76, 0xe3, 0x9f, 0x57, 0x9a, 0x06,
  0x13, 0x98, 0x7f, 0xf8, 0xb8, 0xf9, 0x94, 0xfa, 0x74, 0xfa, 0x94, 0xfa, 0x94, 0xfa, 0x94, 0xfa,
  0x94, 0xfa, 0x94, 0xfa, 0x94, 0xfa, 0x94, 0xfa, 0x94, 0xfa, 0x94, 0xfa, 0x94, 0xfa, 0x94, 0xfa,
  0x74, 0xfa, 0xf5, 0xe2, 0x7c, 0x8e, 0x3c, 0x07, 0x10, 0x04, 0x00, 0x00, 0x22, 0x00, 0x01, 0x08,
  0xaa, 0x51, 0xb6, 0x74, 0x9c, 0x76, 0x1d, 0x7f, 0x1d, 0x7f, 0x1e, 0x77, 0x3e, 0x5f, 0xdf, 0x1f,
  0xdf, 0x07, 0x39, 0x06, 0xee, 0x32, 0x7c, 0xe0, 0xbe, 0xf8, 0x56, 0xfa, 0x94, 0xfa, 0x94, 0xfa,
  0x94, 0xfa, 0x94, 0xfa, 0x94, 0xfa, 0x94, 0xfa, 0x94, 0xfa, 0x94, 0xfa, 0x94, 0xfa, 0x94, 0xfa,
  0x94, 0xfa, 0x94, 0xfa, 0x74, 0xfa, 0x94, 0xfa, 0x7a, 0xb5, 0xbf, 0x07, 0x96, 0x05, 0x00, 0x00,
  0x02, 0x00, 0x22, 0x00, 0x00, 0x00, 0x0e, 0x68, 0x1b, 0xd8, 0x5c, 0xf9, 0x55, 0xfa, 0x94, 0xfa,
  0x94, 0xfa, 0x94, 0xfa, 0x94, 0xfa, 0x94, 0xfa, 0x94, 0xfa, 0x94, 0xfa, 0x94, 0xfa, 0x94, 0xfa,
  0x94, 0xfa, 0x94, 0xfa, 0x94, 0xfa, 0x94, 0xfa, 0x74, 0xfa, 0x5a, 0x95, 0xbf, 0x2f, 0x96, 0x05,
  0x92, 0x04, 0x92, 0x04, 0x92, 0x04, 0x92, 0x04, 0x92, 0x04, 0x92, 0x04, 0x92, 0x04, 0x92, 0x04,
  0x92, 0x04, 0x92, 0x04, 0x92, 0x04, 0x92, 0x04, 0x71, 0x04, 0x30, 0x04, 0x0c, 0x03, 0x43, 0x00,
  0x01, 0x00, 0x02, 0x00, 0x02, 0x00, 0x02, 0x00, 0x02, 0x00, 0x02, 0x00, 0x02, 0x00, 0x02, 0x00,
  0x00, 0x00, 0x27, 0x30, 0x1b, 0xd8, 0xdd, 0xf8, 0x56, 0xfa, 0x94, 0xfa, 0x94, 0xfa, 0x94, 0xfa,
  0x94, 0xfa, 0x94, 0xfa, 0x94, 0xfa, 0x94, 0xfa, 0x94, 0xfa, 0x94, 0xfa, 0x94, 0xfa, 0x94, 0xfa,
  0x94, 0xfa, 0x94, 0xfa, 0x74, 0xfa, 0x37, 0xdc, 0xbf, 0x37, 0xd7, 0x05, 0x02, 0x00, 0x00, 0x00,
  0x00, 0x00, 0x00, 0x00, 0x11, 0x88, 0x1f, 0xf0, 0x9b, 0xf9, 0x94, 0xfa, 0x94, 0xfa, 0x94, 0xfa,
  0x94, 0xfa, 0x94, 0xfa, 0x94, 0xfa, 0x94, 0xfa, 0x94, 0xfa, 0x94, 0xfa, 0x94, 0xfa, 0x94, 0xfa,
  0x74, 0xfa, 0xd5, 0xf2, 0xbc, 0x8e, 0x55, 0x05, 0x66, 0x01, 0x01, 0x00, 0x22, 0x00, 0x02, 0x00,
  0x02, 0x00, 0x02, 0x00, 0x01, 0x00, 0x08, 0x38, 0x1d, 0xe8, 0xde, 0xf8, 0x75, 0xfa, 0x94, 0xfa,
  0x94, 0xfa, 0x94, 0xfa, 0x94, 0xfa, 0x94, 0xfa, 0x94, 0xfa, 0x94, 0xfa, 0x94, 0xfa, 0x94, 0xfa,
  0x94, 0xfa, 0x94, 0xfa, 0x94, 0xfa, 0x94, 0xfa, 0x74, 0xfa, 0x15, 0xf3, 0x9a, 0xa5, 0x5e, 0x47,
  0x9f, 0x17, 0x5d, 0x07, 0xda, 0x06, 0x59, 0x06, 0xf7, 0x05, 0x96, 0x05, 0x55, 0x05, 0x14, 0x05,
  0x92, 0x04, 0xcf, 0x03, 0x0c, 0x03, 0x4a, 0x02, 0x66, 0x01, 0x01, 0x00, 0x00, 0x00, 0x00, 0x00,
  0x01, 0x00, 0x02, 0x00, 0x22, 0x00, 0x02, 0x00, 0x02, 0x00, 0x02, 0x00, 0x02, 0x00, 0x02, 0x00,
  0x02, 0x00, 0x05, 0x20, 0x32, 0x88, 0x7f, 0xf8, 0xb9, 0xf9, 0xb4, 0xfa, 0x74, 0xfa, 0x94, 0xfa,
  0x94, 0xfa, 0x94, 0xfa, 0x94, 0xfa, 0x94, 0xfa, 0x94, 0xfa, 0x94, 0xfa, 0x94, 0xfa, 0x94, 0xfa,
  0x94, 0xfa, 0x94, 0xfa, 0x74, 0xfa, 0x54, 0xfa, 0x5b, 0xb6, 0x7e, 0x07, 0x92, 0x04, 0x00, 0x00,
  0x00, 0x00, 0x00, 0x00, 0x00, 0x00, 0x00, 0x00, 0x00, 0x00, 0x00, 0x00, 0x00, 0x00, 0x00, 0x00,
  0x00, 0x00, 0x00, 0x00, 0x00, 0x00, 0x00, 0x00, 0x00, 0x00, 0x00, 0x00, 0x01, 0x00, 0x02, 0x00,
  0x02, 0x00, 0x02, 0x00, 0x02, 0x00, 0x02, 0x00, 0x02, 0x00, 0x02, 0x00, 0x01, 0x00, 0x11, 0x80,
  0x3f, 0xf8, 0x7b, 0xf9, 0x94, 0xfa, 0x94, 0xfa, 0x94, 0xfa, 0x94, 0xfa, 0x94, 0xfa, 0x94, 0xfa,
  0x94, 0xfa, 0x94, 0xfa, 0x94, 0xfa, 0x94, 0xfa, 0x94, 0xfa, 0x94, 0xfa, 0x94, 0xfa, 0x74, 0xfa,
  0x54, 0xfa, 0x1b, 0xa6, 0xbf, 0x07, 0xb3, 0x04, 0x00, 0x00, 0x02, 0x08, 0x01, 0x00, 0x09, 0x40,
  0x1d, 0xe8, 0xdd, 0xf8, 0x56, 0xfa, 0x94, 0xfa, 0x94, 0xfa, 0x94, 0xfa, 0x94, 0xfa, 0x94, 0xfa,
  0x94, 0xfa, 0x94, 0xfa, 0x94, 0xfa, 0x94, 0xfa, 0x94, 0xfa, 0x94, 0xfa, 0x94, 0xfa, 0x74, 0xfa,
  0xf5, 0xf2, 0xdb, 0x8d, 0x1c, 0x07, 0xc8, 0x01, 0x01, 0x00, 0x22, 0x00, 0x02, 0x00, 0x02, 0x00,
  0x02, 0x00, 0x02, 0x00, 0x01, 0x00, 0x25, 0x18, 0x19, 0xc0, 0x9e, 0xf8, 0x17, 0xfa, 0x94, 0xfa,
  0x94, 0xfa, 0x94, 0xfa, 0x94, 0xfa, 0x94, 0xfa, 0x94, 0xfa, 0x94, 0xfa, 0x94, 0xfa, 0x94, 0xfa,
  0x94, 0xfa, 0x94, 0xfa, 0x94, 0xfa, 0x94, 0xfa, 0x74, 0xfa, 0xd7, 0xd3, 0xbf, 0x4f, 0xba, 0x06,
  0xd3, 0x04, 0x92, 0x04, 0x92, 0x04, 0x92, 0x04, 0x92, 0x04, 0x92, 0x04, 0x92, 0x04, 0x92, 0x04,
  0x92, 0x04, 0x92, 0x04, 0x92, 0x04, 0x92, 0x04, 0x92, 0x04, 0x51, 0x04, 0x8e, 0x03, 0xa7, 0x01,
  0x01, 0x00, 0x02, 0x00, 0x02, 0x00, 0x02, 0x00, 0x02, 0x00, 0x02, 0x00, 0x02, 0x00, 0x02, 0x00,
  0x02, 0x00, 0x00, 0x00, 0x17, 0xb0, 0x1f, 0xf8, 0x19, 0xfa, 0x94, 0xfa, 0x94, 0xfa, 0x94, 0xfa,
  0x94, 0xfa, 0x94, 0xfa, 0x94, 0xfa, 0x94, 0xfa, 0x94, 0xfa, 0x94, 0xfa, 0x94, 0xfa, 0x94, 0xfa,
  0x94, 0xfa, 0x94, 0xfa, 0x74, 0xfa, 0x75, 0xf3, 0xdd, 0x56, 0x9e, 0x07, 0xd3, 0x04, 0x92, 0x04,
  0x92, 0x04, 0x92, 0x04, 0x92, 0x04, 0x92, 0x04, 0x92, 0x04, 0x92, 0x04, 0x92, 0x04, 0x92, 0x04,
  0x92, 0x04, 0x92, 0x04, 0x92, 0x04, 0x51, 0x04, 0xcf, 0x03, 0x29, 0x02, 0x00, 0x00, 0x02, 0x00,
  0x02, 0x00, 0x02, 0x00, 0x02, 0x00, 0x02, 0x00, 0x02, 0x00, 0x02, 0x00, 0x02, 0x08, 0x01, 0x08,
  0x0f, 0x78, 0x3e, 0xf0, 0x7a, 0xf9, 0x94, 0xfa, 0x94, 0xfa, 0x94, 0xfa, 0x94, 0xfa, 0x94, 0xfa,
  0x94, 0xfa, 0x94, 0xfa, 0x94, 0xfa, 0x94, 0xfa, 0x94, 0xfa, 0x94, 0xfa, 0x94, 0xfa, 0x94, 0xfa,
  0x94, 0xfa, 0x94, 0xfa, 0x94, 0xfa, 0x94, 0xfa, 0x94, 0xfa, 0x94, 0xfa, 0x94, 0xfa, 0x94, 0xfa,
  0x94, 0xfa, 0x94, 0xfa, 0x94, 0xfa, 0x74, 0xfa, 0x74, 0xfa, 0x58, 0xcc, 0x17, 0xdc, 0x74, 0xfa,
  0x74, 0xfa, 0x94, 0xfa, 0x94, 0xfa, 0x94, 0xfa, 0x94, 0xfa, 0x94, 0xfa, 0x94, 0xfa, 0x94, 0xfa,
  0x94, 0xfa, 0x94, 0xfa, 0x94, 0xfa, 0x94, 0xfa, 0x74, 0xfa, 0x76, 0xe3, 0x9f, 0x57, 0x9a, 0x06,
  0x13, 0x98, 0x7f, 0xf8, 0xb8, 0xf9, 0x94, 0xfa, 0x74, 0xfa, 0x94, 0xfa, 0x94, 0xfa, 0x94, 0xfa,
  0x94, 0xfa, 0x94, 0xfa, 0x94, 0xfa, 0x94, 0xfa, 0x94, 0xfa, 0x94, 0xfa, 0x94, 0xfa, 0x94, 0xfa,
  0x74, 0xfa, 0xf5, 0xe2, 0x7c, 0x8e, 0x3c, 0x07, 0x10, 0x04, 0x00, 0x00, 0x44, 0x28, 0x4c, 0x89,
  0xb2, 0xc2, 0x96, 0xdb, 0x76, 0xdb, 0x56, 0xdb, 0x56, 0xdb, 0x76, 0xdb, 0x17, 0xcc, 0xfb, 0x9d,
  0x9f, 0x47, 0xff, 0x07, 0x98, 0x35, 0xfd, 0xe1, 0xbe, 0xf8, 0x56, 0xfa, 0x94, 0xfa, 0x94, 0xfa,
  0x94, 0xfa, 0x94, 0xfa, 0x94, 0xfa, 0x94, 0xfa, 0x94, 0xfa, 0x94, 0xfa, 0x94, 0xfa, 0x94, 0xfa,
  0x94, 0xfa, 0x94, 0xfa, 0x74, 0xfa, 0x94, 0xfa, 0x7a, 0xb5, 0xbf, 0x07, 0x96, 0x05, 0x00, 0x00,
  0x02, 0x00, 0x22, 0x00, 0x00, 0x00, 0x0e, 0x68, 0x1b, 0xd8, 0x5c, 0xf9, 0x55, 0xfa, 0x94, 0xfa,
  0x94, 0xfa, 0x94, 0xfa, 0x94, 0xfa, 0x94, 0xfa, 0x94, 0xfa, 0x94, 0xfa, 0x94, 0xfa, 0x94, 0xfa,
  0x94, 0xfa, 0x94, 0xfa, 0x94, 0xfa, 0x94, 0xfa, 0x74, 0xfa, 0xf9, 0xa4, 0x3e, 0x47, 0x1d, 0x3f,
  0xdc, 0x3e, 0xfc, 0x3e, 0xfc, 0x3e, 0xdc, 0x3e, 0xdc, 0x3e, 0xdc, 0x3e, 0xdc, 0x3e, 0xdc, 0x3e,
  0xdc, 0x3e, 0xdc, 0x3e, 0xdc, 0x3e, 0xfc, 0x36, 0x1d, 0x1f, 0x3d, 0x07, 0x39, 0x06, 0xaf, 0x03,
  0x00, 0x00, 0x22, 0x00, 0x02, 0x00, 0x02, 0x00, 0x02, 0x00, 0x02, 0x00, 0x02, 0x00, 0x02, 0x00,
  0x00, 0x00, 0x27, 0x30, 0x1b, 0xd8, 0xdd, 0xf8, 0x56, 0xfa, 0x94, 0xfa, 0x94, 0xfa, 0x94, 0xfa,
  0x94, 0xfa, 0x94, 0xfa, 0x94, 0xfa, 0x94, 0xfa, 0x94, 0xfa, 0x94, 0xfa, 0x94, 0xfa, 0x94, 0xfa,
  0x94, 0xfa, 0x94, 0xfa, 0x74, 0xfa, 0x37, 0xdc, 0xdf, 0x37, 0xdb, 0x06, 0x54, 0x05, 0x54, 0x05,
  0x54, 0x05, 0x34, 0x05, 0x38, 0x65, 0x9f, 0xbc, 0xb9, 0xea, 0x74, 0xfa, 0x94, 0xfa, 0x94, 0xfa,
  0x94, 0xfa, 0x94, 0xfa, 0x94, 0xfa, 0x94, 0xfa, 0x94, 0xfa, 0x94, 0xfa, 0x94, 0xfa, 0x94, 0xfa,
  0x54, 0xfa, 0x58, 0xcc, 0xd9, 0x65, 0x8e, 0x03, 0x00, 0x00, 0x02, 0x00, 0x02, 0x00, 0x02, 0x00,
  0x02, 0x00, 0x02, 0x00, 0x01, 0x00, 0x08, 0x38, 0x1d, 0xe8, 0xde, 0xf8, 0x75, 0xfa, 0x94, 0xfa,
  0x94, 0xfa, 0x94, 0xfa, 0x94, 0xfa, 0x94, 0xfa, 0x94, 0xfa, 0x94, 0xfa, 0x94, 0xfa, 0x94, 0xfa,
  0x94, 0xfa, 0x94, 0xfa, 0x94, 0xfa, 0x94, 0xfa, 0x94, 0xfa, 0x74, 0xfa, 0x35, 0xeb, 0x98, 0xbc,
  0x7a, 0xad, 0x3c, 0xa6, 0xbd, 0x9e, 0xfd, 0x86, 0x1e, 0x6f, 0x3e, 0x57, 0x7f, 0x47, 0x7f, 0x27,
  0x5e, 0x07, 0xfc, 0x06, 0x7a, 0x06, 0x18, 0x06, 0xb7, 0x05, 0x55, 0x05, 0x92, 0x04, 0x0d, 0x03,
  0x46, 0x01, 0x00, 0x00, 0x00, 0x00, 0x02, 0x00, 0x02, 0x00, 0x02, 0x00, 0x02, 0x00, 0x02, 0x00,
  0x02, 0x00, 0x05, 0x20, 0x32, 0x88, 0x7f, 0xf8, 0xb9, 0xf9, 0xb4, 0xfa, 0x74, 0xfa, 0x94, 0xfa,
  0x94, 0xfa, 0x94, 0xfa, 0x94, 0xfa, 0x94, 0xfa, 0x94, 0xfa, 0x94, 0xfa, 0x94, 0xfa, 0x94, 0xfa,
  0x94, 0xfa, 0x94, 0xfa, 0x74, 0xfa, 0x54, 0xfa, 0x5b, 0xae, 0x7e, 0x07, 0x92, 0x04, 0x00, 0x00,
  0x02, 0x00, 0x02, 0x00, 0x02, 0x00, 0x02, 0x00, 0x02, 0x00, 0x02, 0x00, 0x02, 0x00, 0x02, 0x00,
  0x02, 0x00, 0x02, 0x00, 0x02, 0x00, 0x02, 0x00, 0x02, 0x00, 0x02, 0x00, 0x02, 0x00, 0x02, 0x00,
  0x02, 0x00, 0x02, 0x00, 0x02, 0x00, 0x02, 0x00, 0x02, 0x00, 0x02, 0x00, 0x01, 0x00, 0x11, 0x80,
  0x3f, 0xf8, 0x7b, 0xf9, 0x94, 0xfa, 0x94, 0xfa, 0x94, 0xfa, 0x94, 0xfa, 0x94, 0xfa, 0x94, 0xfa,
  0x94, 0xfa, 0x94, 0xfa, 0x94, 0xfa, 0x94, 0xfa, 0x94, 0xfa, 0x94, 0xfa, 0x94, 0xfa, 0x74, 0xfa,
  0x54, 0xfa, 0x1b, 0xa6, 0xbf, 0x07, 0xb3, 0x04, 0x00, 0x00, 0x02, 0x00, 0x01, 0x00, 0x07, 0x30,
  0x1d, 0xe0, 0xbd, 0xf8, 0x56, 0xfa, 0x94, 0xfa, 0x94, 0xfa, 0x94, 0xfa, 0x94, 0xfa, 0x94, 0xfa,
  0x94, 0xfa, 0x94, 0xfa, 0x94, 0xfa, 0x94, 0xfa, 0x94, 0xfa, 0x94, 0xfa, 0x94, 0xfa, 0x74, 0xfa,
  0x55, 0xeb, 0x3c, 0x6e, 0x79, 0x06, 0x02, 0x00, 0x01, 0x00, 0x02, 0x00, 0x02, 0x00, 0x02, 0x00,
  0x02, 0x00, 0x02, 0x00, 0x01, 0x00, 0x25, 0x18, 0x19, 0xc0, 0x9e, 0xf8, 0x17, 0xfa, 0x94, 0xfa,
  0x94, 0xfa, 0x94, 0xfa, 0x94, 0xfa, 0x94, 0xfa, 0x94, 0xfa, 0x94, 0xfa, 0x94, 0xfa, 0x94, 0xfa,
  0x94, 0xfa, 0x94, 0xfa, 0x94, 0xfa, 0x94, 0xfa, 0x74, 0xfa, 0xb6, 0xdb, 0x1e, 0x5f, 0x5e, 0x3f,
  0xfd, 0x3e, 0xdc, 0x3e, 0xdc, 0x3e, 0xdc, 0x3e, 0xdc, 0x3e, 0xdc, 0x3e, 0xdc, 0x3e, 0xdc, 0x3e,
  0xdc, 0x3e, 0xdc, 0x3e, 0xdc, 0x3e, 0xfc, 0x3e, 0x1d, 0x2f, 0x5d, 0x07, 0xdb, 0x06, 0xd3, 0x04,
  0xa4, 0x00, 0x01, 0x00, 0x22, 0x00, 0x02, 0x00, 0x02, 0x00, 0x02, 0x00, 0x02, 0x00, 0x02, 0x00,
  0x02, 0x00, 0x00, 0x00, 0x17, 0xb0, 0x1f, 0xf8, 0x19, 0xfa, 0x94, 0xfa, 0x94, 0xfa, 0x94, 0xfa,
  0x94, 0xfa, 0x94, 0xfa, 0x94, 0xfa, 0x94, 0xfa, 0x94, 0xfa, 0x94, 0xfa, 0x94, 0xfa, 0x94, 0xfa,
  0x94, 0xfa, 0x94, 0xfa, 0x94, 0xfa, 0x55, 0xf3, 0x5c, 0x6e, 0x5e, 0x3f, 0xfd, 0x3e, 0xdc, 0x3e,
  0xdc, 0x3e, 0xdc, 0x3e, 0xdc, 0x3e, 0xdc, 0x3e, 0xdc, 0x3e, 0xdc, 0x3e, 0xdc, 0x3e, 0xdc, 0x3e,
  0xdc, 0x3e, 0xdc, 0x3e, 0xfd, 0x2e, 0x3d, 0x07, 0x1c, 0x07, 0x35, 0x05, 0x09, 0x02, 0x00, 0x00,
  0x22, 0x00, 0x02, 0x00, 0x02, 0x00, 0x02, 0x00, 0x02, 0x00, 0x02, 0x00, 0x02, 0x08, 0x01, 0x08,
  0x0f, 0x78, 0x3e, 0xf0, 0x7a, 0xf9, 0x94, 0xfa, 0x94, 0xfa, 0x94, 0xfa, 0x94, 0xfa, 0x94, 0xfa,
  0x94, 0xfa, 0x94, 0xfa, 0x94, 0xfa, 0x94, 0xfa, 0x94, 0xfa, 0x94, 0xfa, 0x94, 0xfa, 0x94, 0xfa,
  0x94, 0xfa, 0x94, 0xfa, 0x94, 0xfa, 0x94, 0xfa, 0x94, 0xfa, 0x94, 0xfa, 0x94, 0xfa, 0x94, 0xfa,
  0x94, 0xfa, 0x94, 0xfa, 0x94, 0xfa, 0x94, 0xfa, 0x74, 0xfa, 0x94, 0xfa, 0x94, 0xfa, 0x94, 0xfa,
  0x94, 0xfa, 0x94, 0xfa, 0x94, 0xfa, 0x94, 0xfa, 0x94, 0xfa, 0x94, 0xfa, 0x94, 0xfa, 0x94, 0xfa,
  0x94, 0xfa, 0x94, 0xfa, 0x94, 0xfa, 0x94, 0xfa, 0x74, 0xfa, 0x76, 0xe3, 0x9f, 0x57, 0x9a, 0x06,
  0x13, 0x98, 0x7f, 0xf8, 0xb8, 0xf9, 0x94, 0xfa, 0x74, 0xfa, 0x94, 0xfa, 0x94, 0xfa, 0x94, 0xfa,
  0x94, 0xfa, 0x94, 0xfa, 0x94, 0xfa, 0x94, 0xfa, 0x94, 0xfa, 0x94, 0xfa, 0x94, 0xfa, 0x94, 0xfa,
  0x74, 0xfa, 0xf5, 0xe2, 0x7c, 0x8e, 0x3c, 0x07, 0x10, 0x04, 0x00, 0x00, 0x4c, 0x89, 0x53, 0xea,
  0x95, 0xfa, 0x54, 0xfa, 0x54, 0xfa, 0x54, 0xfa, 0x54, 0xfa, 0x54, 0xfa, 0x54, 0xfa, 0xb4, 0xf2,
  0xdb, 0x95, 0xdf, 0x2f, 0x5e, 0x2f, 0x7f, 0xcb, 0xde, 0xf8, 0x76, 0xfa, 0x94, 0xfa, 0x94, 0xfa,
  0x94, 0xfa, 0x94, 0xfa, 0x94, 0xfa, 0x94, 0xfa, 0x94, 0xfa, 0x94, 0xfa, 0x94, 0xfa, 0x94, 0xfa,
  0x94, 0xfa, 0x94, 0xfa, 0x74, 0xfa, 0x94, 0xfa, 0x7a, 0xb5, 0xbf, 0x07, 0x96, 0x05, 0x00, 0x00,
  0x02, 0x00, 0x22, 0x00, 0x00, 0x00, 0x0e, 0x68, 0x1b, 0xd8, 0x5c, 0xf9, 0x55, 0xfa, 0x94, 0xfa,
  0x94, 0xfa, 0x94, 0xfa, 0x94, 0xfa, 0x94, 0xfa, 0x94, 0xfa, 0x94, 0xfa, 0x94, 0xfa, 0x94, 0xfa,
  0x94, 0xfa, 0x94, 0xfa, 0x94, 0xfa, 0x94, 0xfa, 0x74, 0xfa, 0x96, 0xdb, 0xd9, 0xbc, 0xd9, 0xbc,
  0xf9, 0xbc, 0xf9, 0xbc, 0xf9, 0xbc, 0xf9, 0xbc, 0xf9, 0xbc, 0xf9, 0xbc, 0xf9, 0xbc, 0xf9, 0xbc,
  0xf9, 0xbc, 0xf9, 0xbc, 0xf9, 0xbc, 0x19, 0xbd, 0xdb, 0xa5, 0x5e, 0x67, 0xdf, 0x07, 0xd7, 0x05,
  0x00, 0x00, 0x01, 0x00, 0x22, 0x00, 0x02, 0x00, 0x02, 0x00, 0x02, 0x00, 0x02, 0x00, 0x02, 0x00,
  0x00, 0x00, 0x27, 0x30, 0x1b, 0xd8, 0xdd, 0xf8, 0x56, 0xfa, 0x94, 0xfa, 0x94, 0xfa, 0x94, 0xfa,
  0x94, 0xfa, 0x94, 0xfa, 0x94, 0xfa, 0x94, 0xfa, 0x94, 0xfa, 0x94, 0xfa, 0x94, 0xfa, 0x94, 0xfa,
  0x94, 0xfa, 0x94, 0xfa, 0x74, 0xfa, 0xf7, 0xe3, 0xfd, 0x66, 0x3e, 0x57, 0x3e, 0x57, 0x3e, 0x57,
  0x3e, 0x57, 0x3e, 0x57, 0x1d, 0x67, 0xfb, 0x9d, 0x36, 0xe3, 0x74, 0xfa, 0x94, 0xfa, 0x94, 0xfa,
  0x94, 0xfa, 0x94, 0xfa, 0x94, 0xfa, 0x94, 0xfa, 0x94, 0xfa, 0x94, 0xfa, 0x94, 0xfa, 0x74, 0xfa,
  0x74, 0xf2, 0x56, 0xa4, 0x6f, 0x1b, 0xc3, 0x00, 0x01, 0x00, 0x22, 0x00, 0x02, 0x00, 0x02, 0x00,
  0x02, 0x00, 0x02, 0x00, 0x01, 0x00, 0x08, 0x38, 0x1d, 0xe8, 0xde, 0xf8, 0x75, 0xfa, 0x94, 0xfa,
  0x94, 0xfa, 0x94, 0xfa, 0x94, 0xfa, 0x94, 0xfa, 0x94, 0xfa, 0x94, 0xfa, 0x94, 0xfa, 0x94, 0xfa,
  0x94, 0xfa, 0x94, 0xfa, 0x94, 0xfa, 0x94, 0xfa, 0x94, 0xfa, 0x94, 0xfa, 0x74, 0xfa, 0x54, 0xfa,
  0x54, 0xfa, 0x74, 0xfa, 0x94, 0xf2, 0xf5, 0xe2, 0x76, 0xd3, 0x17, 0xcc, 0xb8, 0xbc, 0x5a, 0xb5,
  0xfb, 0xad, 0x9c, 0x9e, 0xdd, 0x8e, 0x1d, 0x6f, 0x5e, 0x47, 0xdf, 0x07, 0x9e, 0x07, 0x9a, 0x06,
  0x96, 0x05, 0x31, 0x04, 0xa7, 0x01, 0x00, 0x00, 0x01, 0x00, 0x02, 0x00, 0x02, 0x00, 0x02, 0x00,
  0x02, 0x00, 0x05, 0x20, 0x32, 0x88, 0x7f, 0xf8, 0xb9, 0xf9, 0xb4, 0xfa, 0x74, 0xfa, 0x94, 0xfa,
  0x94, 0xfa, 0x94, 0xfa, 0x94, 0xfa, 0x94, 0xfa, 0x94, 0xfa, 0x94, 0xfa, 0x94, 0xfa, 0x94, 0xfa,
  0x94, 0xfa, 0x94, 0xfa, 0x74, 0xfa, 0x54, 0xfa, 0x5b, 0xae, 0x7e, 0x07, 0x92, 0x04, 0x00, 0x00,
  0x02, 0x00, 0x02, 0x00, 0x02, 0x00, 0x02, 0x00, 0x02, 0x00, 0x02, 0x00, 0x02, 0x00, 0x02, 0x00,
  0x02, 0x00, 0x02, 0x00, 0x02, 0x00, 0x02, 0x00, 0x02, 0x00, 0x02, 0x00, 0x02, 0x00, 0x02, 0x00,
  0x02, 0x00, 0x02, 0x00, 0x02, 0x00, 0x02, 0x00, 0x02, 0x00, 0x02, 0x00, 0x01, 0x00, 0x11, 0x80,
  0x3f, 0xf8, 0x7b, 0xf9, 0x94, 0xfa, 0x94, 0xfa, 0x94, 0xfa, 0x94, 0xfa, 0x94, 0xfa, 0x94, 0xfa,
  0x94, 0xfa, 0x94, 0xfa, 0x94, 0xfa, 0x94, 0xfa, 0x94, 0xfa, 0x94, 0xfa, 0x94, 0xfa, 0x74, 0xfa,
  0x54, 0xfa, 0x1b, 0xa6, 0xbf, 0x07, 0xb2, 0x04, 0x00, 0x00, 0x00, 0x00, 0x00, 0x00, 0x05, 0x30,
  0x1d, 0xe0, 0xdd, 0xf8, 0x75, 0xfa, 0x94, 0xfa, 0x94, 0xfa, 0x94, 0xfa, 0x94, 0xfa, 0x94, 0xfa,
  0x94, 0xfa, 0x94, 0xfa, 0x94, 0xfa, 0x94, 0xfa, 0x94, 0xfa, 0x94, 0xfa, 0x94, 0xfa, 0x74, 0xfa,
  0x37, 0xe4, 0x7b, 0x46, 0x10, 0x04, 0x00, 0x00, 0x22, 0x00, 0x02, 0x00, 0x02, 0x00, 0x02, 0x00,
  0x02, 0x00, 0x02, 0x00, 0x01, 0x00, 0x25, 0x18, 0x19, 0xc0, 0x9e, 0xf8, 0x17, 0xfa, 0x94, 0xfa,
  0x94, 0xfa, 0x94, 0xfa, 0x94, 0xfa, 0x94, 0xfa, 0x94, 0xfa, 0x94, 0xfa, 0x94, 0xfa, 0x94, 0xfa,
  0x94, 0xfa, 0x94, 0xfa, 0x94, 0xfa, 0x94, 0xfa, 0x74, 0xfa, 0xf5, 0xf2, 0x98, 0xc4, 0xd9, 0xbc,
  0xf9, 0xbc, 0xf9, 0xbc, 0xf9, 0xbc, 0xf9, 0xbc, 0xf9, 0xbc, 0xf9, 0xbc, 0xf9, 0xbc, 0xf9, 0xbc,
  0xf9, 0xbc, 0xf9, 0xbc, 0xf9, 0xbc, 0xf9, 0xbc, 0x7a, 0xb5, 0xbd, 0x8e, 0xdf, 0x0f, 0xdb, 0x06,
  0x29, 0x02, 0x00, 0x00, 0x22, 0x00, 0x02, 0x00, 0x02, 0x00, 0x02, 0x00, 0x02, 0x00, 0x02, 0x00,
  0x02, 0x00, 0x00, 0x00, 0x17, 0xb0, 0x1f, 0xf8, 0x19, 0xfa, 0x94, 0xfa, 0x94, 0xfa, 0x94, 0xfa,
  0x94, 0xfa, 0x94, 0xfa, 0x94, 0xfa, 0x94, 0xfa, 0x94, 0xfa, 0x94, 0xfa, 0x94, 0xfa, 0x94, 0xfa,
  0x94, 0xfa, 0x94, 0xfa, 0x94, 0xfa, 0xd5, 0xfa, 0x37, 0xcc, 0xd9, 0xbc, 0xf9, 0xbc, 0xf9, 0xbc,
  0xf9, 0xbc, 0xf9, 0xbc, 0xf9, 0xbc, 0xf9, 0xbc, 0xf9, 0xbc, 0xf9, 0xbc, 0xf9, 0xbc, 0xf9, 0xbc,
  0xf9, 0xbc, 0xf9, 0xbc, 0x3a, 0xb5, 0x7c, 0x8e, 0xbf, 0x37, 0x1c, 0x07, 0xf0, 0x03, 0x00, 0x00,
  0x22, 0x00, 0x02, 0x00, 0x02, 0x00, 0x02, 0x00, 0x02, 0x00, 0x02, 0x00, 0x02, 0x08, 0x01, 0x08,
  0x0f, 0x78, 0x3e, 0xf0, 0x7a, 0xf9, 0x94, 0xfa, 0x94, 0xfa, 0x94, 0xfa, 0x94, 0xfa, 0x94, 0xfa,
  0x94, 0xfa, 0x94, 0xfa, 0x94, 0xfa, 0x94, 0xfa, 0x94, 0xfa, 0x94, 0xfa, 0x94, 0xfa, 0x94, 0xfa,
  0x94, 0xfa, 0x94, 0xfa, 0x94, 0xfa, 0x94, 0xfa, 0x94, 0xfa, 0x94, 0xfa, 0x94, 0xfa, 0x94, 0xfa,
  0x94, 0xfa, 0x94, 0xfa, 0x94, 0xfa, 0x94, 0xfa, 0x94, 0xfa, 0x94, 0xfa, 0x74, 0xfa, 0x94, 0xfa,
  0x94, 0xfa, 0x94, 0xfa, 0x94, 0xfa, 0x94, 0xfa, 0x94, 0xfa, 0x94, 0xfa, 0x94, 0xfa, 0x94, 0xfa,
  0x94, 0xfa, 0x94, 0xfa, 0x94, 0xfa, 0x94, 0xfa, 0x74, 0xfa, 0x76, 0xe3, 0x9f, 0x57, 0x9a, 0x06,
  0x13, 0x98, 0x7f, 0xf8, 0xb8, 0xf9, 0x94, 0xfa, 0x74, 0xfa, 0x94, 0xfa, 0x94, 0xfa, 0x94, 0xfa,
  0x94, 0xfa, 0x94, 0xfa, 0x94, 0xfa, 0x94, 0xfa, 0x94, 0xfa, 0x94, 0xfa, 0x94, 0xfa, 0x94, 0xfa,
  0x74, 0xfa, 0xf5, 0xe2, 0x7c, 0x8e, 0x3c, 0x07, 0x10, 0x14, 0x0e, 0x88, 0x14, 0xe2, 0x94, 0xfa,
  0x94, 0xfa, 0x94, 0xfa, 0x94, 0xfa, 0x94, 0xfa, 0x94, 0xfa, 0x94, 0xfa, 0x94, 0xfa, 0x54, 0xfa,
  0x96, 0xdb, 0x3e, 0x67, 0xff, 0x17, 0x3f, 0x85, 0xde, 0xf9, 0x76, 0xfa, 0x94, 0xfa, 0x94, 0xfa,
  0x94, 0xfa, 0x94, 0xfa, 0x94, 0xfa, 0x94, 0xfa, 0x94, 0xfa, 0x94, 0xfa, 0x94, 0xfa, 0x94, 0xfa,
  0x94, 0xfa, 0x94, 0xfa, 0x74, 0xfa, 0x94, 0xfa, 0x7a, 0xb5, 0xbf, 0x07, 0x96, 0x05, 0x00, 0x00,
  0x02, 0x00, 0x22, 0x00, 0x00, 0x00, 0x0e, 0x68, 0x1b, 0xd8, 0x5c, 0xf9, 0x55, 0xfa, 0x94, 0xfa,
  0x94, 0xfa, 0x94, 0xfa, 0x94, 0xfa, 0x94, 0xfa, 0x94, 0xfa, 0x94, 0xfa, 0x94, 0xfa, 0x94, 0xfa,
  0x94, 0xfa, 0x94, 0xfa, 0x94, 0xfa, 0x94, 0xfa, 0x94, 0xfa, 0x74, 0xfa, 0x34, 0xfa, 0x34, 0xfa,
  0x34, 0xfa, 0x34, 0xfa, 0x34, 0xfa, 0x34, 0xfa, 0x34, 0xfa, 0x34, 0xfa, 0x34, 0xfa, 0x34, 0xfa,
  0x34, 0xfa, 0x34, 0xfa, 0x34, 0xfa, 0x34, 0xfa, 0x74, 0xfa, 0x5a, 0xb5, 0xdf, 0x07, 0x79, 0x06,
  0x00, 0x00, 0x01, 0x00, 0x22, 0x00, 0x02, 0x00, 0x02, 0x00, 0x02, 0x00, 0x02, 0x00, 0x02, 0x00,
  0x00, 0x00, 0x27, 0x30, 0x1b, 0xd8, 0xdd, 0xf8, 0x56, 0xfa, 0x94, 0xfa, 0x94, 0xfa, 0x94, 0xfa,
  0x94, 0xfa, 0x94, 0xfa, 0x94, 0xfa, 0x94, 0xfa, 0x94, 0xfa, 0x94, 0xfa, 0x94, 0xfa, 0x94, 0xfa,
  0x94, 0xfa, 0x94, 0xfa, 0x94, 0xfa, 0xf5, 0xf2, 0x17, 0xcc, 0x37, 0xcc, 0x38, 0xcc, 0x38, 0xcc,
  0x38, 0xcc, 0x38, 0xcc, 0xf7, 0xd3, 0xf5, 0xea, 0x74, 0xfa, 0x94, 0xfa, 0x94, 0xfa, 0x94, 0xfa,
  0x94, 0xfa, 0x94, 0xfa, 0x94, 0xfa, 0x94, 0xfa, 0x94, 0xfa, 0x94, 0xfa, 0x74, 0xfa, 0xb5, 0xf2,
  0xd5, 0xbb, 0x4f, 0x5b, 0xa7, 0x01, 0x00, 0x00, 0x00, 0x00, 0x01, 0x00, 0x22, 0x00, 0x02, 0x00,
  0x02, 0x00, 0x02, 0x00, 0x01, 0x00, 0x08, 0x38, 0x1d, 0xe8, 0xde, 0xf8, 0x55, 0xfa, 0x94, 0xfa,
  0x94, 0xfa, 0x94, 0xfa, 0x94, 0xfa, 0x94, 0xfa, 0x94, 0xfa, 0x94, 0xfa, 0x94, 0xfa, 0x94, 0xfa,
  0x94, 0xfa, 0x94, 0xfa, 0x94, 0xfa, 0x94, 0xfa, 0x94, 0xfa, 0x94, 0xfa, 0x94, 0xfa, 0x94, 0xfa,
  0x94, 0xfa, 0x74, 0xfa, 0x74, 0xfa, 0x74, 0xfa, 0x54, 0xfa, 0x34, 0xfa, 0x34, 0xfa, 0x54, 0xfa,
  0x54, 0xfa, 0x74, 0xfa, 0xf5, 0xea, 0x96, 0xd3, 0x78, 0xc4, 0xdb, 0xad, 0xbd, 0x86, 0x7e, 0x3f,
  0xff, 0x07, 0x3d, 0x07, 0xd7, 0x05, 0x6e, 0x03, 0xa3, 0x00, 0x01, 0x00, 0x02, 0x00, 0x02, 0x00,
  0x02, 0x00, 0x05, 0x20, 0x32, 0x88, 0x7f, 0xf8, 0xb9, 0xf9, 0xb4, 0xfa, 0x74, 0xfa, 0x94, 0xfa,
  0x94, 0xfa, 0x94, 0xfa, 0x94, 0xfa, 0x94, 0xfa, 0x94, 0xfa, 0x94, 0xfa, 0x94, 0xfa, 0x94, 0xfa,
  0x94, 0xfa, 0x94, 0xfa, 0x74, 0xfa, 0x54, 0xfa, 0x5b, 0xae, 0x7e, 0x07, 0x92, 0x04, 0x00, 0x00,
  0x02, 0x00, 0x02, 0x00, 0x02, 0x00, 0x02, 0x00, 0x02, 0x00, 0x02, 0x00, 0x02, 0x00, 0x02, 0x00,
  0x02, 0x00, 0x02, 0x00, 0x02, 0x00, 0x02, 0x00, 0x02, 0x00, 0x02, 0x00, 0x02, 0x00, 0x02, 0x00,
  0x02, 0x00, 0x02, 0x00, 0x02, 0x00, 0x02, 0x00, 0x02, 0x00, 0x02, 0x00, 0x01, 0x00, 0x11, 0x80,
  0x3f, 0xf8, 0x7b, 0xf9, 0x94, 0xfa, 0x94, 0xfa, 0x94, 0xfa, 0x94, 0xfa, 0x94, 0xfa, 0x94, 0xfa,
  0x94, 0xfa, 0x94, 0xfa, 0x94, 0xfa, 0x94, 0xfa, 0x94, 0xfa, 0x94, 0xfa, 0x94, 0xfa, 0x94, 0xfa,
  0x54, 0xfa, 0x1b, 0xa6, 0xdf, 0x07, 0xf7, 0x05, 0x92, 0x04, 0xb2, 0x04, 0xb2, 0x04, 0xb3, 0x24,
  0x7e, 0xb4, 0xfb, 0xea, 0x75, 0xfa, 0x94, 0xfa, 0x94, 0xfa, 0x94, 0xfa, 0x94, 0xfa, 0x94, 0xfa,
  0x94, 0xfa, 0x94, 0xfa, 0x94, 0xfa, 0x94, 0xfa, 0x94, 0xfa, 0x94, 0xfa, 0x94, 0xfa, 0x94, 0xfa,
  0x57, 0xbc, 0x55, 0x15, 0xa4, 0x00, 0x22, 0x00, 0x22, 0x00, 0x02, 0x00, 0x02, 0x00, 0x02, 0x00,
  0x02, 0x00, 0x02, 0x00, 0x01, 0x00, 0x25, 0x18, 0x19, 0xc0, 0x9e, 0xf8, 0x17, 0xfa, 0x94, 0xfa,
  0x94, 0xfa, 0x94, 0xfa, 0x94, 0xfa, 0x94, 0xfa, 0x94, 0xfa, 0x94, 0xfa, 0x94, 0xfa, 0x94, 0xfa,
  0x94, 0xfa, 0x94, 0xfa, 0x94, 0xfa, 0x94, 0xfa, 0x94, 0xfa, 0x74, 0xfa, 0x54, 0xfa, 0x34, 0xfa,
  0x34, 0xfa, 0x34, 0xfa, 0x34, 0xfa, 0x34, 0xfa, 0x34, 0xfa, 0x34, 0xfa, 0x34, 0xfa, 0x34, 0xfa,
  0x34, 0xfa, 0x34, 0xfa, 0x34, 0xfa, 0x34, 0xfa, 0x34, 0xfa, 0x17, 0xdc, 0xfd, 0x4e, 0xdb, 0x06,
  0xcc, 0x02, 0x00, 0x00, 0x22, 0x00, 0x02, 0x00, 0x02, 0x00, 0x02, 0x00, 0x02, 0x00, 0x02, 0x00,
  0x02, 0x00, 0x00, 0x00, 0x17, 0xb0, 0x1f, 0xf8, 0x19, 0xfa, 0x94, 0xfa, 0x94, 0xfa, 0x94, 0xfa,
  0x94, 0xfa, 0x94, 0xfa, 0x94, 0xfa, 0x94, 0xfa, 0x94, 0xfa, 0x94, 0xfa, 0x94, 0xfa, 0x94, 0xfa,
  0x94, 0xfa, 0x94, 0xfa, 0x94, 0xfa, 0x74, 0xfa, 0x54, 0xfa, 0x34, 0xfa, 0x34, 0xfa, 0x34, 0xfa,
  0x34, 0xfa, 0x34, 0xfa, 0x34, 0xfa, 0x34, 0xfa, 0x34, 0xfa, 0x34, 0xfa, 0x34, 0xfa, 0x34, 0xfa,
  0x34, 0xfa, 0x34, 0xfa, 0x14, 0xfa, 0x55, 0xe3, 0xbd, 0x7e, 0x7d, 0x07, 0x72, 0x04, 0x00, 0x00,
  0x02, 0x00, 0x02, 0x00, 0x02, 0x00, 0x02, 0x00, 0x02, 0x00, 0x02, 0x00, 0x02, 0x08, 0x01, 0x08,
  0x0f, 0x78, 0x3e, 0xf0, 0x7a, 0xf9, 0x94, 0xfa, 0x94, 0xfa, 0x94, 0xfa, 0x94, 0xfa, 0x94, 0xfa,
  0x94, 0xfa, 0x94, 0xfa, 0x94, 0xfa, 0x94, 0xfa, 0x94, 0xfa, 0x94, 0xfa, 0x94, 0xfa, 0x94, 0xfa,
  0x94, 0xfa, 0x94, 0xfa, 0x94, 0xfa, 0x94, 0xfa, 0x94, 0xfa, 0x94, 0xfa, 0x94, 0xfa, 0x94, 0xfa,
  0x94, 0xfa, 0x94, 0xfa, 0x94, 0xfa, 0x94, 0xfa, 0x94, 0xfa, 0x94, 0xfa, 0x94, 0xfa, 0x94, 0xfa,
  0x94, 0xfa, 0x94, 0xfa, 0x94, 0xfa, 0x94, 0xfa, 0x94, 0xfa, 0x94, 0xfa, 0x94, 0xfa, 0x94, 0xfa,
  0x94, 0xfa, 0x94, 0xfa, 0x94, 0xfa, 0x94, 0xfa, 0x74, 0xfa, 0x76, 0xe3, 0x9f, 0x57, 0x9a, 0x06,
  0x13, 0x98, 0x7f, 0xf8, 0xb8, 0xf9, 0x94, 0xfa, 0x74, 0xfa, 0x94, 0xfa, 0x94, 0xfa, 0x94, 0xfa,
  0x94, 0xfa, 0x94, 0xfa, 0x94, 0xfa, 0x94, 0xfa, 0x94, 0xfa, 0x94, 0xfa, 0x94, 0xfa, 0x94, 0xfa,
  0x74, 0xfa, 0xf5, 0xe2, 0x7c, 0x8e, 0x3c, 0x07, 0x15, 0x74, 0xf7, 0xe0, 0x56, 0xfa, 0x94, 0xfa,
  0x94, 0xfa, 0x94, 0xfa, 0x94, 0xfa, 0x94, 0xfa, 0x94, 0xfa, 0x94, 0xfa, 0x94, 0xfa, 0x94, 0xfa,
  0x94, 0xfa, 0xbb, 0x9d, 0xdf, 0x2f, 0x3f, 0x3f, 0x5e, 0xdb, 0x36, 0xfa, 0x94, 0xfa, 0x94, 0xfa,
  0x94, 0xfa, 0x94, 0xfa, 0x94, 0xfa, 0x94, 0xfa, 0x94, 0xfa, 0x94, 0xfa, 0x94, 0xfa, 0x94, 0xfa,
  0x94, 0xfa, 0x94, 0xfa, 0x74, 0xfa, 0x94, 0xfa, 0x7a, 0xb5, 0xbf, 0x07, 0x96, 0x05, 0x00, 0x00,
  0x02, 0x00, 0x22, 0x00, 0x00, 0x00, 0x0e, 0x68, 0x1b, 0xd8, 0x5c, 0xf9, 0x55, 0xfa, 0x94, 0xfa,
  0x94, 0xfa, 0x94, 0xfa, 0x94, 0xfa, 0x94, 0xfa, 0x94, 0xfa, 0x94, 0xfa, 0x94, 0xfa, 0x94, 0xfa,
  0x94, 0xfa, 0x94, 0xfa, 0x94, 0xfa, 0x94, 0xfa, 0x94, 0xfa, 0x94, 0xfa, 0x94, 0xfa, 0x94, 0xfa,
  0x94, 0xfa, 0x94, 0xfa, 0x94, 0xfa, 0x94, 0xfa, 0x94, 0xfa, 0x94, 0xfa, 0x94, 0xfa, 0x94, 0xfa,
  0x94, 0xfa, 0x94, 0xfa, 0x94, 0xfa, 0x94, 0xfa, 0x54, 0xfa, 0x98, 0xdc, 0x7f, 0x1f, 0x9a, 0x06,
  0x00, 0x00, 0x01, 0x00, 0x22, 0x00, 0x02, 0x00, 0x02, 0x00, 0x02, 0x00, 0x02, 0x00, 0x02, 0x00,
  0x00, 0x00, 0x27, 0x30, 0x1b, 0xd8, 0xdd, 0xf8, 0x56, 0xfa, 0x94, 0xfa, 0x94, 0xfa, 0x94, 0xfa,
  0x94, 0xfa, 0x94, 0xfa, 0x94, 0xfa, 0x94, 0xfa, 0x94, 0xfa, 0x94, 0xfa, 0x94, 0xfa, 0x94, 0xfa,
  0x94, 0xfa, 0x94, 0xfa, 0x94, 0xfa, 0x74, 0xfa, 0x34, 0xfa, 0x34, 0xfa, 0x34, 0xfa, 0x34, 0xfa,
  0x34, 0xfa, 0x34, 0xfa, 0x54, 0xfa, 0x74, 0xfa, 0x94, 0xfa, 0x94, 0xfa, 0x94, 0xfa, 0x94, 0xfa,
  0x94, 0xfa, 0x94, 0xfa, 0x94, 0xfa, 0x94, 0xfa, 0x94, 0xfa, 0x74, 0xfa, 0xd5, 0xf2, 0xf9, 0xbc,
  0x9c, 0x56, 0x7a, 0x06, 0xf8, 0x05, 0x35, 0x05, 0x2d, 0x03, 0xa3, 0x00, 0x00, 0x00, 0x22, 0x00,
  0x02, 0x00, 0x02, 0x00, 0x01, 0x00, 0x08, 0x38, 0x1d, 0xe8, 0xbe, 0xf8, 0x56, 0xfa, 0x94, 0xfa,
  0x94, 0xfa, 0x94, 0xfa, 0x94, 0xfa, 0x94, 0xfa, 0x94, 0xfa, 0x94, 0xfa, 0x94, 0xfa, 0x94, 0xfa,
  0x94, 0xfa, 0x94, 0xfa, 0x94, 0xfa, 0x94, 0xfa, 0x94, 0xfa, 0x94, 0xfa, 0x94, 0xfa, 0x94, 0xfa,
  0x94, 0xfa, 0x94, 0xfa, 0x94, 0xfa, 0x94, 0xfa, 0x94, 0xfa, 0x94, 0xfa, 0x94, 0xfa, 0x94, 0xfa,
  0x74, 0xfa, 0x74, 0xfa, 0x74, 0xfa, 0x54, 0xfa, 0x54, 0xfa, 0x74, 0xfa, 0x35, 0xe3, 0xd8, 0xc4,
  0x7c, 0x8e, 0x9f, 0x37, 0xff, 0x07, 0x9a, 0x06, 0x31, 0x04, 0x25, 0x01, 0x02, 0x00, 0x02, 0x00,
  0x02, 0x00, 0x05, 0x20, 0x32, 0x88, 0x7f, 0xf8, 0xb9, 0xf9, 0xb4, 0xfa, 0x74, 0xfa, 0x94, 0xfa,
  0x94, 0xfa, 0x94, 0xfa, 0x94, 0xfa, 0x94, 0xfa, 0x94, 0xfa, 0x94, 0xfa, 0x94, 0xfa, 0x94, 0xfa,
  0x94, 0xfa, 0x94, 0xfa, 0x74, 0xfa, 0x54, 0xfa, 0x5b, 0xae, 0x7e, 0x07, 0x92, 0x04, 0x00, 0x00,
  0x02, 0x00, 0x02, 0x00, 0x02, 0x00, 0x02, 0x00, 0x02, 0x00, 0x02, 0x00, 0x02, 0x00, 0x02, 0x00,
  0x02, 0x00, 0x02, 0x00, 0x02, 0x00, 0x02, 0x00, 0x02, 0x00, 0x02, 0x00, 0x02, 0x00, 0x02, 0x00,
  0x02, 0x00, 0x02, 0x00, 0x02, 0x00, 0x02, 0x00, 0x02, 0x00, 0x02, 0x00, 0x01, 0x00, 0x11, 0x80,
  0x3f, 0xf8, 0x7b, 0xf9, 0x94, 0xfa, 0x94, 0xfa, 0x94, 0xfa, 0x94, 0xfa, 0x94, 0xfa, 0x94, 0xfa,
  0x94, 0xfa, 0x94, 0xfa, 0x94, 0xfa, 0x94, 0xfa, 0x94, 0xfa, 0x94, 0xfa, 0x94, 0xfa, 0x94, 0xfa,
  0x74, 0xfa, 0x9a, 0xad, 0x3e, 0x37, 0xfd, 0x36, 0xbc, 0x36, 0xbc, 0x36, 0xbc, 0x36, 0xbc, 0x46,
  0xfc, 0x7d, 0xb7, 0xdb, 0x94, 0xfa, 0x94, 0xfa, 0x94, 0xfa, 0x94, 0xfa, 0x94, 0xfa, 0x94, 0xfa,
  0x94, 0xfa, 0x94, 0xfa, 0x94, 0xfa, 0x94, 0xfa, 0x94, 0xfa, 0x74, 0xfa, 0x74, 0xfa, 0xf4, 0xda,
  0x71, 0x63, 0xa4, 0x00, 0x00, 0x00, 0x01, 0x00, 0x02, 0x00, 0x02, 0x00, 0x02, 0x00, 0x02, 0x00,
  0x02, 0x00, 0x02, 0x00, 0x01, 0x00, 0x25, 0x18, 0x19, 0xc0, 0x9e, 0xf8, 0x17, 0xfa, 0x94, 0xfa,
  0x94, 0xfa, 0x94, 0xfa, 0x94, 0xfa, 0x94, 0xfa, 0x94, 0xfa, 0x94, 0xfa, 0x94, 0xfa, 0x94, 0xfa,
  0x94, 0xfa, 0x94, 0xfa, 0x94, 0xfa, 0x94, 0xfa, 0x94, 0xfa, 0x94, 0xfa, 0x94, 0xfa, 0x94, 0xfa,
  0x94, 0xfa, 0x94, 0xfa, 0x94, 0xfa, 0x94, 0xfa, 0x94, 0xfa, 0x94, 0xfa, 0x94, 0xfa, 0x94, 0xfa,
  0x94, 0xfa, 0x94, 0xfa, 0x94, 0xfa, 0x94, 0xfa, 0x74, 0xfa, 0x35, 0xe3, 0x5c, 0x76, 0xfb, 0x06,
  0xcc, 0x02, 0x00, 0x00, 0x22, 0x00, 0x02, 0x00, 0x02, 0x00, 0x02, 0x00, 0x02, 0x00, 0x02, 0x00,
  0x02, 0x00, 0x00, 0x00, 0x17, 0xb0, 0x1f, 0xf8, 0x19, 0xfa, 0x94, 0xfa, 0x94, 0xfa, 0x94, 0xfa,
  0x94, 0xfa, 0x94, 0xfa, 0x94, 0xfa, 0x94, 0xfa, 0x94, 0xfa, 0x94, 0xfa, 0x94, 0xfa, 0x94, 0xfa,
  0x94, 0xfa, 0x94, 0xfa, 0x94, 0xfa, 0x94, 0xfa, 0x94, 0xfa, 0x94, 0xfa, 0x94, 0xfa, 0x94, 0xfa,
  0x94, 0xfa, 0x94, 0xfa, 0x94, 0xfa, 0x94, 0xfa, 0x94, 0xfa, 0x94, 0xfa, 0x94, 0xfa, 0x94, 0xfa,
  0x94, 0xfa, 0x94, 0xfa, 0x74, 0xfa, 0x54, 0xfa, 0x5b, 0xae, 0x7e, 0x07, 0x92, 0x04, 0x00, 0x00,
  0x02, 0x00, 0x02, 0x00, 0x02, 0x00, 0x02, 0x00, 0x02, 0x00, 0x02, 0x00, 0x02, 0x08, 0x01, 0x08,
  0x0f, 0x78, 0x3e, 0xf0, 0x7a, 0xf9, 0x94, 0xfa, 0x94, 0xfa, 0x94, 0xfa, 0x94, 0xfa, 0x94, 0xfa,
  0x94, 0xfa, 0x94, 0xfa, 0x94, 0xfa, 0x94, 0xfa, 0x94, 0xfa, 0x94, 0xfa, 0x94, 0xfa, 0x94, 0xfa,
  0x94, 0xfa, 0x94, 0xfa, 0x94, 0xfa, 0x94, 0xfa, 0x94, 0xfa, 0x94, 0xfa, 0x94, 0xfa, 0x94, 0xfa,
  0x94, 0xfa, 0x94, 0xfa, 0x94, 0xfa, 0x94, 0xfa, 0x94, 0xfa, 0x94, 0xfa, 0x94, 0xfa, 0x94, 0xfa,
  0x94, 0xfa, 0x94, 0xfa, 0x94, 0xfa, 0x94, 0xfa, 0x94, 0xfa, 0x94, 0xfa, 0x94, 0xfa, 0x94, 0xfa,
  0x94, 0xfa, 0x94, 0xfa, 0x94, 0xfa, 0x94, 0xfa, 0x74, 0xfa, 0x76, 0xe3, 0x9f, 0x57, 0x9a, 0x06,
  0x13, 0x98, 0x7f, 0xf8, 0xb8, 0xf9, 0x94, 0xfa, 0x74, 0xfa, 0x94, 0xfa, 0x94, 0xfa, 0x94, 0xfa,
  0x94, 0xfa, 0x94, 0xfa, 0x94, 0xfa, 0x94, 0xfa, 0x94, 0xfa, 0x94, 0xfa, 0x94, 0xfa, 0x94, 0xfa,
  0x74, 0xfa, 0xf5, 0xea, 0x7c, 0x8e, 0x1e, 0x07, 0xfb, 0xb3, 0xb8, 0xf9, 0x94, 0xfa, 0x94, 0xfa,
  0x94, 0xfa, 0x94, 0xfa, 0x94, 0xfa, 0x94, 0xfa, 0x94, 0xfa, 0x94, 0xfa, 0x94, 0xfa, 0x94, 0xfa,
  0x54, 0xfa, 0xf7, 0xd3, 0x5e, 0x5f, 0xff, 0x1f, 0x1e, 0x95, 0x96, 0xfa, 0x94, 0xfa, 0x94, 0xfa,
  0x94, 0xfa, 0x94, 0xfa, 0x94, 0xfa, 0x94, 0xfa, 0x94, 0xfa, 0x94, 0xfa, 0x94, 0xfa, 0x94, 0xfa,
  0x94, 0xfa, 0x94, 0xfa, 0x74, 0xfa, 0x94, 0xfa, 0x7a, 0xb5, 0xbf, 0x07, 0x96, 0x05, 0x00, 0x00,
  0x02, 0x00, 0x22, 0x00, 0x00, 0x00, 0x0e, 0x68, 0x1b, 0xd8, 0x5c, 0xf9, 0x55, 0xfa, 0x94, 0xfa,
  0x94, 0xfa, 0x94, 0xfa, 0x94, 0xfa, 0x94, 0xfa, 0x94, 0xfa, 0x94, 0xfa, 0x94, 0xfa, 0x94, 0xfa,
  0x94, 0xfa, 0x94, 0xfa, 0x94, 0xfa, 0x94, 0xfa, 0x94, 0xfa, 0x94, 0xfa, 0x94, 0xfa, 0x94, 0xfa,
  0x94, 0xfa, 0x94, 0xfa, 0x94, 0xfa, 0x94, 0xfa, 0x94, 0xfa, 0x94, 0xfa, 0x94, 0xfa, 0x94, 0xfa,
  0x94, 0xfa, 0x94, 0xfa, 0x94, 0xfa, 0x94, 0xfa, 0x54, 0xfa, 0x78, 0xdc, 0x5e, 0x2f, 0x9a, 0x06,
  0x00, 0x00, 0x01, 0x00, 0x22, 0x00, 0x02, 0x00, 0x02, 0x00, 0x02, 0x00, 0x02, 0x00, 0x02, 0x00,
  0x00, 0x00, 0x27, 0x30, 0x1b, 0xd8, 0xdd, 0xf8, 0x56, 0xfa, 0x94, 0xfa, 0x94, 0xfa, 0x94, 0xfa,
  0x94, 0xfa, 0x94, 0xfa, 0x94, 0xfa, 0x94, 0xfa, 0x94, 0xfa, 0x94, 0xfa, 0x94, 0xfa, 0x94, 0xfa,
  0x94, 0xfa, 0x94, 0xfa, 0x94, 0xfa, 0x94, 0xfa, 0x94, 0xfa, 0x94, 0xfa, 0x94, 0xfa, 0x94, 0xfa,
  0x94, 0xfa, 0x94, 0xfa, 0x94, 0xfa, 0x94, 0xfa, 0x94, 0xfa, 0x94, 0xfa, 0x94, 0xfa, 0x94, 0xfa,
  0x94, 0xfa, 0x94, 0xfa, 0x94, 0xfa, 0x94, 0xfa, 0x94, 0xfa, 0x74, 0xfa, 0x15, 0xeb, 0x39, 0xbd,
  0x7c, 0x9e, 0xfd, 0x6e, 0xbf, 0x27, 0xbf, 0x07, 0x9a, 0x06, 0xb3, 0x04, 0xe8, 0x01, 0x00, 0x00,
  0x22, 0x00, 0x02, 0x00, 0x01, 0x00, 0x08, 0x38, 0x1d, 0xe8, 0x9f, 0xf8, 0x56, 0xfa, 0x94, 0xfa,
  0x94, 0xfa, 0x94, 0xfa, 0x94, 0xfa, 0x94, 0xfa, 0x94, 0xfa, 0x94, 0xfa, 0x94, 0xfa, 0x94, 0xfa,
  0x94, 0xfa, 0x94, 0xfa, 0x94, 0xfa, 0x94, 0xfa, 0x94, 0xfa, 0x94, 0xfa, 0x94, 0xfa, 0x94, 0xfa,
  0x94, 0xfa, 0x94, 0xfa, 0x94, 0xfa, 0x94, 0xfa, 0x94, 0xfa, 0x94, 0xfa, 0x94, 0xfa, 0x94, 0xfa,
  0x94, 0xfa, 0x94, 0xfa, 0x94, 0xfa, 0x94, 0xfa, 0x94, 0xfa, 0x74, 0xfa, 0x54, 0xfa, 0x54, 0xfa,
  0x35, 0xeb, 0x7a, 0xb5, 0x3e, 0x57, 0xff, 0x0f, 0xfc, 0x06, 0xaf, 0x03, 0xe4, 0x00, 0x22, 0x00,
  0x02, 0x00, 0x05, 0x20, 0x32, 0x88, 0x7f, 0xf8, 0xb9, 0xf9, 0xb4, 0xfa, 0x74, 0xfa, 0x94, 0xfa,
  0x94, 0xfa, 0x94, 0xfa, 0x94, 0xfa, 0x94, 0xfa, 0x94, 0xfa, 0x94, 0xfa, 0x94, 0xfa, 0x94, 0xfa,
  0x94, 0xfa, 0x94, 0xfa, 0x74, 0xfa, 0x54, 0xfa, 0x5b, 0xae, 0x7e, 0x07, 0x92, 0x04, 0x00, 0x00,
  0x02, 0x00, 0x02, 0x00, 0x02, 0x00, 0x02, 0x00, 0x02, 0x00, 0x02, 0x00, 0x02, 0x00, 0x02, 0x00,
  0x02, 0x00, 0x02, 0x00, 0x02, 0x00, 0x02, 0x00, 0x02, 0x00, 0x02, 0x00, 0x02, 0x00, 0x02, 0x00,
  0x02, 0x00, 0x02, 0x00, 0x02, 0x00, 0x02, 0x00, 0x02, 0x00, 0x02, 0x00, 0x01, 0x00, 0x11, 0x80,
  0x3f, 0xf8, 0x7b, 0xf9, 0x94, 0xfa, 0x94, 0xfa, 0x94, 0xfa, 0x94, 0xfa, 0x94, 0xfa, 0x94, 0xfa,
  0x94, 0xfa, 0x94, 0xfa, 0x94, 0xfa, 0x94, 0xfa, 0x94, 0xfa, 0x94, 0xfa, 0x94, 0xfa, 0x94, 0xfa,
  0x74, 0xfa, 0xd6, 0xdb, 0xb8, 0xc4, 0xf9, 0xc4, 0xf9, 0xc4, 0xf9, 0xc4, 0xf9, 0xc4, 0xb9, 0xc4,
  0x96, 0xdb, 0x94, 0xfa, 0x94, 0xfa, 0x94, 0xfa, 0x94, 0xfa, 0x94, 0xfa, 0x94, 0xfa, 0x94, 0xfa,
  0x94, 0xfa, 0x94, 0xfa, 0x94, 0xfa, 0x94, 0xfa, 0x94, 0xfa, 0xb4, 0xfa, 0x37, 0xd4, 0x1b, 0x8e,
  0x18, 0x06, 0x34, 0x05, 0x6e, 0x03, 0x43, 0x00, 0x00, 0x00, 0x22, 0x00, 0x02, 0x00, 0x02, 0x00,
  0x02, 0x00, 0x02, 0x00, 0x01, 0x00, 0x25, 0x18, 0x19, 0xc0, 0x9e, 0xf8, 0x17, 0xfa, 0x94, 0xfa,
  0x94, 0xfa, 0x94, 0xfa, 0x94, 0xfa, 0x94, 0xfa, 0x94, 0xfa, 0x94, 0xfa, 0x94, 0xfa, 0x94, 0xfa,
  0x94, 0xfa, 0x94, 0xfa, 0x94, 0xfa, 0x94, 0xfa, 0x94, 0xfa, 0x94, 0xfa, 0x94, 0xfa, 0x94, 0xfa,
  0x94, 0xfa, 0x94, 0xfa, 0x94, 0xfa, 0x94, 0xfa, 0x94, 0xfa, 0x94, 0xfa, 0x94, 0xfa, 0x94, 0xfa,
  0x94, 0xfa, 0x94, 0xfa, 0x94, 0xfa, 0x94, 0xfa, 0x74, 0xfa, 0x35, 0xe3, 0x5c, 0x7e, 0xfb, 0x06,
  0xcc, 0x02, 0x00, 0x00, 0x22, 0x00, 0x02, 0x00, 0x02, 0x00, 0x02, 0x00, 0x02, 0x00, 0x02, 0x00,
  0x02, 0x00, 0x00, 0x00, 0x17, 0xb0, 0x1f, 0xf8, 0x19, 0xfa, 0x94, 0xfa, 0x94, 0xfa, 0x94, 0xfa,
  0x94, 0xfa, 0x94, 0xfa, 0x94, 0xfa, 0x94, 0xfa, 0x94, 0xfa, 0x94, 0xfa, 0x94, 0xfa, 0x94, 0xfa,
  0x94, 0xfa, 0x94, 0xfa, 0x94, 0xfa, 0x94, 0xfa, 0x94, 0xfa, 0x94, 0xfa, 0x94, 0xfa, 0x94, 0xfa,
  0x94, 0xfa, 0x94, 0xfa, 0x94, 0xfa, 0x94, 0xfa, 0x94, 0xfa, 0x94, 0xfa, 0x94, 0xfa, 0x94, 0xfa,
  0x94, 0xfa, 0x94, 0xfa, 0x74, 0xfa, 0x54, 0xfa, 0x5b, 0xae, 0x7e, 0x07, 0x92, 0x04, 0x00, 0x00,
  0x02, 0x00, 0x02, 0x00, 0x02, 0x00, 0x02, 0x00, 0x02, 0x00, 0x02, 0x00, 0x02, 0x08, 0x01, 0x08,
  0x0f, 0x78, 0x3e, 0xf0, 0x7a, 0xf9, 0x94, 0xfa, 0x94, 0xfa, 0x94, 0xfa, 0x94, 0xfa, 0x94, 0xfa,
  0x94, 0xfa, 0x94, 0xfa, 0x94, 0xfa, 0x94, 0xfa, 0x94, 0xfa, 0x94, 0xfa, 0x94, 0xfa, 0x94, 0xfa,
  0x94, 0xfa, 0x94, 0xfa, 0x94, 0xfa, 0x94, 0xfa, 0x94, 0xfa, 0x94, 0xfa, 0x94, 0xfa, 0x94, 0xfa,
  0x94, 0xfa, 0x94, 0xfa, 0x94, 0xfa, 0x94, 0xfa, 0x94, 0xfa, 0x94, 0xfa, 0x94, 0xfa, 0x94, 0xfa,
  0x94, 0xfa, 0x94, 0xfa, 0x94, 0xfa, 0x94, 0xfa, 0x94, 0xfa, 0x94, 0xfa, 0x94, 0xfa, 0x94, 0xfa,
  0x94, 0xfa, 0x94, 0xfa, 0x94, 0xfa, 0x94, 0xfa, 0x74, 0xfa, 0x76, 0xe3, 0x9f, 0x57, 0x9a, 0x06,
  0x13, 0x98, 0x7f, 0xf8, 0xb8, 0xf9, 0x94, 0xfa, 0x74, 0xfa, 0x94, 0xfa, 0x94, 0xfa, 0x94, 0xfa,
  0x94, 0xfa, 0x94, 0xfa, 0x94, 0xfa, 0x94, 0xfa, 0x94, 0xfa, 0x94, 0xfa, 0x94, 0xfa, 0x94, 0xfa,
  0x74, 0xfa, 0x15, 0xeb, 0x7c, 0x8e, 0x1f, 0x0f, 0x1c, 0xc4, 0x16, 0xfa, 0x94, 0xfa, 0x94, 0xfa,
  0x94, 0xfa, 0x94, 0xfa, 0x94, 0xfa, 0x94, 0xfa, 0x94, 0xfa, 0x94, 0xfa, 0x94, 0xfa, 0x94, 0xfa,
  0x94, 0xfa, 0xb4, 0xfa, 0x1b, 0x8e, 0xdf, 0x27, 0x9e, 0x5e, 0x36, 0xf3, 0x94, 0xfa, 0x94, 0xfa,
  0x94, 0xfa, 0x94, 0xfa, 0x94, 0xfa, 0x94, 0xfa, 0x94, 0xfa, 0x94, 0xfa, 0x94, 0xfa, 0x94, 0xfa,
  0x94, 0xfa, 0x94, 0xfa, 0x74, 0xfa, 0x94, 0xfa, 0x7a, 0xb5, 0xbf, 0x07, 0x96, 0x05, 0x00, 0x00,
  0x02, 0x00, 0x22, 0x00, 0x00, 0x00, 0x0e, 0x68, 0x1b, 0xd8, 0x5c, 0xf9, 0x55, 0xfa, 0x94, 0xfa,
  0x94, 0xfa, 0x94, 0xfa, 0x94, 0xfa, 0x94, 0xfa, 0x94, 0xfa, 0x94, 0xfa, 0x94, 0xfa, 0x94, 0xfa,
  0x94, 0xfa, 0x94, 0xfa, 0x94, 0xfa, 0x94, 0xfa, 0x94, 0xfa, 0x94, 0xfa, 0x94, 0xfa, 0x94, 0xfa,
  0x94, 0xfa, 0x94, 0xfa, 0x94, 0xfa, 0x94, 0xfa, 0x94, 0xfa, 0x94, 0xfa, 0x94, 0xfa, 0x94, 0xfa,
  0x94, 0xfa, 0x94, 0xfa, 0x94, 0xfa, 0x94, 0xfa, 0x54, 0xfa, 0x78, 0xdc, 0x5e, 0x2f, 0x9a, 0x06,
  0x00, 0x00, 0x01, 0x00, 0x22, 0x00, 0x02, 0x00, 0x02, 0x00, 0x02, 0x00, 0x02, 0x00, 0x02, 0x00,
  0x00, 0x00, 0x27, 0x30, 0x1b, 0xd8, 0xdd, 0xf8, 0x56, 0xfa, 0x94, 0xfa, 0x94, 0xfa, 0x94, 0xfa,
  0x94, 0xfa, 0x94, 0xfa, 0x94, 0xfa, 0x94, 0xfa, 0x94, 0xfa, 0x94, 0xfa, 0x94, 0xfa, 0x94, 0xfa,
  0x94, 0xfa, 0x94, 0xfa, 0x94, 0xfa, 0x94, 0xfa, 0x94, 0xfa, 0x94, 0xfa, 0x94, 0xfa, 0x94, 0xfa,
  0x94, 0xfa, 0x94, 0xfa, 0x94, 0xfa, 0x94, 0xfa, 0x94, 0xfa, 0x94, 0xfa, 0x94, 0xfa, 0x94, 0xfa,
  0x94, 0xfa, 0x94, 0xfa, 0x94, 0xfa, 0x94, 0xfa, 0x94, 0xfa, 0x94, 0xfa, 0x94, 0xfa, 0x94, 0xfa,
  0xb5, 0xf2, 0xb6, 0xd3, 0x7a, 0xb5, 0xdd, 0x6e, 0xff, 0x17, 0x7d, 0x07, 0x14, 0x05, 0xe8, 0x01,
  0x01, 0x00, 0x02, 0x00, 0x01, 0x00, 0x07, 0x38, 0x1c, 0xe0, 0x7f, 0xf8, 0x17, 0xfa, 0x94, 0xfa,
  0x94, 0xfa, 0x94, 0xfa, 0x94, 0xfa, 0x94, 0xfa, 0x94, 0xfa, 0x94, 0xfa, 0x94, 0xfa, 0x94, 0xfa,
  0x94, 0xfa, 0x94, 0xfa, 0x94, 0xfa, 0x94, 0xfa, 0x94, 0xfa, 0x94, 0xfa, 0x94, 0xfa, 0x94, 0xfa,
  0x94, 0xfa, 0x94, 0xfa, 0x94, 0xfa, 0x94, 0xfa, 0x94, 0xfa, 0x94, 0xfa, 0x94, 0xfa, 0x94, 0xfa,
  0x94, 0xfa, 0x94, 0xfa, 0x94, 0xfa, 0x94, 0xfa, 0x94, 0xfa, 0x94, 0xfa, 0x94, 0xfa, 0x94, 0xfa,
  0x74, 0xfa, 0x74, 0xfa, 0xd8, 0xc4, 0x3e, 0x57, 0xff, 0x07, 0x7a, 0x06, 0x6a, 0x02, 0x22, 0x00,
  0x22, 0x00, 0x05, 0x20, 0x32, 0x88, 0x7f, 0xf8, 0xb9, 0xf9, 0xb4, 0xfa, 0x74, 0xfa, 0x94, 0xfa,
  0x94, 0xfa, 0x94, 0xfa, 0x94, 0xfa, 0x94, 0xfa, 0x94, 0xfa, 0x94, 0xfa, 0x94, 0xfa, 0x94, 0xfa,
  0x94, 0xfa, 0x94, 0xfa, 0x74, 0xfa, 0x54, 0xfa, 0x5b, 0xae, 0x7e, 0x07, 0x92, 0x04, 0x00, 0x00,
  0x02, 0x00, 0x02, 0x00, 0x02, 0x00, 0x02, 0x00, 0x02, 0x00, 0x02, 0x00, 0x02, 0x00, 0x02, 0x00,
  0x02, 0x00, 0x02, 0x00, 0x02, 0x00, 0x02, 0x00, 0x02, 0x00, 0x02, 0x00, 0x02, 0x00, 0x02, 0x00,
  0x02, 0x00, 0x02, 0x00, 0x02, 0x00, 0x02, 0x00, 0x02, 0x00, 0x02, 0x00, 0x01, 0x00, 0x11, 0x80,
  0x3f, 0xf8, 0x7b, 0xf9, 0x94, 0xfa, 0x94, 0xfa, 0x94, 0xfa, 0x94, 0xfa, 0x94, 0xfa, 0x94, 0xfa,
  0x94, 0xfa, 0x94, 0xfa, 0x94, 0xfa, 0x94, 0xfa, 0x94, 0xfa, 0x94, 0xfa, 0x94, 0xfa, 0x94, 0xfa,
  0x94, 0xfa, 0x74, 0xfa, 0x54, 0xfa, 0x34, 0xfa, 0x34, 0xfa, 0x34, 0xfa, 0x34, 0xfa, 0x34, 0xfa,
  0x54, 0xfa, 0x94, 0xfa, 0x94, 0xfa, 0x94, 0xfa, 0x94, 0xfa, 0x94, 0xfa, 0x94, 0xfa, 0x94, 0xfa,
  0x94, 0xfa, 0x94, 0xfa, 0x94, 0xfa, 0x94, 0xfa, 0x94, 0xfa, 0xf5, 0xf2, 0xd9, 0xac, 0xdd, 0x5e,
  0x9f, 0x27, 0xdf, 0x07, 0xbb, 0x06, 0x55, 0x05, 0x6a, 0x02, 0x00, 0x00, 0x22, 0x00, 0x02, 0x00,
  0x02, 0x00, 0x02, 0x00, 0x01, 0x00, 0x25, 0x18, 0x19, 0xc0, 0x9e, 0xf8, 0x17, 0xfa, 0x94, 0xfa,
  0x94, 0xfa, 0x94, 0xfa, 0x94, 0xfa, 0x94, 0xfa, 0x94, 0xfa, 0x94, 0xfa, 0x94, 0xfa, 0x94, 0xfa,
  0x94, 0xfa, 0x94, 0xfa, 0x94, 0xfa, 0x94, 0xfa, 0x94, 0xfa, 0x94, 0xfa, 0x94, 0xfa, 0x94, 0xfa,
  0x94, 0xfa, 0x94, 0xfa, 0x94, 0xfa, 0x94, 0xfa, 0x94, 0xfa, 0x94, 0xfa, 0x94, 0xfa, 0x94, 0xfa,
  0x94, 0xfa, 0x94, 0xfa, 0x94, 0xfa, 0x94, 0xfa, 0x74, 0xfa, 0x35, 0xe3, 0x5c, 0x7e, 0xfb, 0x06,
  0xcc, 0x02, 0x00, 0x00, 0x22, 0x00, 0x02, 0x00, 0x02, 0x00, 0x02, 0x00, 0x02, 0x00, 0x02, 0x00,
  0x02, 0x00, 0x00, 0x00, 0x17, 0xb0, 0x1f, 0xf8, 0x19, 0xfa, 0x94, 0xfa, 0x94, 0xfa, 0x94, 0xfa,
  0x94, 0xfa, 0x94, 0xfa, 0x94, 0xfa, 0x94, 0xfa, 0x94, 0xfa, 0x94, 0xfa, 0x94, 0xfa, 0x94, 0xfa,
  0x94, 0xfa, 0x94, 0xfa, 0x94, 0xfa, 0x94, 0xfa, 0x94, 0xfa, 0x94, 0xfa, 0x94, 0xfa, 0x94, 0xfa,
  0x94, 0xfa, 0x94, 0xfa, 0x94, 0xfa, 0x94, 0xfa, 0x94, 0xfa, 0x94, 0xfa, 0x94, 0xfa, 0x94, 0xfa,
  0x94, 0xfa, 0x94, 0xfa, 0x74, 0xfa, 0x54, 0xfa, 0x5b, 0xae, 0x7e, 0x07, 0x92, 0x04, 0x00, 0x00,
  0x02, 0x00, 0x02, 0x00, 0x02, 0x00, 0x02, 0x00, 0x02, 0x00, 0x02, 0x00, 0x02, 0x08, 0x01, 0x08,
  0x0f, 0x78, 0x3e, 0xf0, 0x7a, 0xf9, 0x94, 0xfa, 0x94, 0xfa, 0x94, 0xfa, 0x94, 0xfa, 0x94, 0xfa,
  0x94, 0xfa, 0x94, 0xfa, 0x94, 0xfa, 0x94, 0xfa, 0x94, 0xfa, 0x94, 0xfa, 0x94, 0xfa, 0x94, 0xfa,
  0x94, 0xfa, 0x94, 0xfa, 0x94, 0xfa, 0x94, 0xfa, 0x94, 0xfa, 0x94, 0xfa, 0x94, 0xfa, 0x94, 0xfa,
  0x94, 0xfa, 0x94, 0xfa, 0x94, 0xfa, 0x94, 0xfa, 0x94, 0xfa, 0x94, 0xfa, 0x94, 0xfa, 0x94, 0xfa,
  0x94, 0xfa, 0x94, 0xfa, 0x94, 0xfa, 0x94, 0xfa, 0x94, 0xfa, 0x94, 0xfa, 0x94, 0xfa, 0x94, 0xfa,
  0x94, 0xfa, 0x94, 0xfa, 0x94, 0xfa, 0x94, 0xfa, 0x74, 0xfa, 0x76, 0xe3, 0x9f, 0x57, 0x9a, 0x06,
  0x13, 0x98, 0x7f, 0xf8, 0xb8, 0xf9, 0x94, 0xfa, 0x74, 0xfa, 0x94, 0xfa, 0x94, 0xfa, 0x94, 0xfa,
  0x94, 0xfa, 0x94, 0xfa, 0x94, 0xfa, 0x94, 0xfa, 0x94, 0xfa, 0x94, 0xfa, 0x94, 0xfa, 0x94, 0xfa,
  0x74, 0xfa, 0x15, 0xeb, 0x7c, 0x8e, 0x1f, 0x37, 0x3a, 0xcc, 0x34, 0xfa, 0x94, 0xfa, 0x94, 0xfa,
  0x94, 0xfa, 0x94, 0xfa, 0x94, 0xfa, 0x94, 0xfa, 0x94, 0xfa, 0x94, 0xfa, 0x94, 0xfa, 0x94, 0xfa,
  0x94, 0xfa, 0x74, 0xfa, 0x37, 0xcc, 0x9f, 0x57, 0x1e, 0x4f, 0x96, 0xf3, 0x74, 0xfa, 0x94, 0xfa,
  0x94, 0xfa, 0x94, 0xfa, 0x94, 0xfa, 0x94, 0xfa, 0x94, 0xfa, 0x94, 0xfa, 0x94, 0xfa, 0x94, 0xfa,
  0x94, 0xfa, 0x94, 0xfa, 0x74, 0xfa, 0x94, 0xfa, 0x7a, 0xb5, 0xbf, 0x07, 0x96, 0x05, 0x00, 0x00,
  0x02, 0x00, 0x22, 0x00, 0x00, 0x00, 0x0e, 0x68, 0x1b, 0xd8, 0x5c, 0xf9, 0x55, 0xfa, 0x94, 0xfa,
  0x94, 0xfa, 0x94, 0xfa, 0x94, 0xfa, 0x94, 0xfa, 0x94, 0xfa, 0x94, 0xfa, 0x94, 0xfa, 0x94, 0xfa,
  0x94, 0xfa, 0x94, 0xfa, 0x94, 0xfa, 0x94, 0xfa, 0x94, 0xfa, 0x94, 0xfa, 0x94, 0xfa, 0x94, 0xfa,
  0x94, 0xfa, 0x94, 0xfa, 0x94, 0xfa, 0x94, 0xfa, 0x94, 0xfa, 0x94, 0xfa, 0x94, 0xfa, 0x94, 0xfa,
  0x94, 0xfa, 0x94, 0xfa, 0x94, 0xfa, 0x94, 0xfa, 0x54, 0xfa, 0x78, 0xdc, 0x5e, 0x2f, 0x9a, 0x06,
  0x00, 0x00, 0x01, 0x00, 0x22, 0x00, 0x02, 0x00, 0x02, 0x00, 0x02, 0x00, 0x02, 0x00, 0x02, 0x00,
  0x00, 0x00, 0x27, 0x30, 0x1b, 0xd8, 0xdd, 0xf8, 0x56, 0xfa, 0x94, 0xfa, 0x94, 0xfa, 0x94, 0xfa,
  0x94, 0xfa, 0x94, 0xfa, 0x94, 0xfa, 0x94, 0xfa, 0x94, 0xfa, 0x94, 0xfa, 0x94, 0xfa, 0x94, 0xfa,
  0x94, 0xfa, 0x94, 0xfa, 0x94, 0xfa, 0x94, 0xfa, 0x94, 0xfa, 0x94, 0xfa, 0x94, 0xfa, 0x94, 0xfa,
  0x94, 0xfa, 0x94, 0xfa, 0x94, 0xfa, 0x94, 0xfa, 0x94, 0xfa, 0x94, 0xfa, 0x94, 0xfa, 0x94, 0xfa,
  0x94, 0xfa, 0x94, 0xfa, 0x94, 0xfa, 0x94, 0xfa, 0x94, 0xfa, 0x94, 0xfa, 0x74, 0xfa, 0x74, 0xfa,
  0x74, 0xfa, 0x54, 0xfa, 0x54, 0xfa, 0x17, 0xdc, 0x5c, 0x86, 0xdf, 0x27, 0x7d, 0x07, 0x31, 0x04,
  0xe4, 0x00, 0x02, 0x00, 0x02, 0x00, 0x06, 0x30, 0x1b, 0xd8, 0x5f, 0xf8, 0xb9, 0xf9, 0x94, 0xfa,
  0x74, 0xfa, 0x94, 0xfa, 0x94, 0xfa, 0x94, 0xfa, 0x94, 0xfa, 0x94, 0xfa, 0x94, 0xfa, 0x94, 0xfa,
  0x94, 0xfa, 0x94, 0xfa, 0x94, 0xfa, 0x94, 0xfa, 0x94, 0xfa, 0x94, 0xfa, 0x94, 0xfa, 0x94, 0xfa,
  0x94, 0xfa, 0x94, 0xfa, 0x94, 0xfa, 0x94, 0xfa, 0x94, 0xfa, 0x94, 0xfa, 0x94, 0xfa, 0x94, 0xfa,
  0x94, 0xfa, 0x94, 0xfa, 0x94, 0xfa, 0x94, 0xfa, 0x94, 0xfa, 0x94, 0xfa, 0x94, 0xfa, 0x94, 0xfa,
  0x94, 0xfa, 0x94, 0xfa, 0x74, 0xfa, 0x39, 0xad, 0xbf, 0x3f, 0xdf, 0x07, 0x11, 0x04, 0xe4, 0x00,
  0x22, 0x00, 0x05, 0x20, 0x32, 0x88, 0x7f, 0xf8, 0xb9, 0xf9, 0xb4, 0xfa, 0x74, 0xfa, 0x94, 0xfa,
  0x94, 0xfa, 0x94, 0xfa, 0x94, 0xfa, 0x94, 0xfa, 0x94, 0xfa, 0x94, 0xfa, 0x94, 0xfa, 0x94, 0xfa,
  0x94, 0xfa, 0x94, 0xfa, 0x74, 0xfa, 0x54, 0xfa, 0x5b, 0xae, 0x7e, 0x07, 0x92, 0x04, 0x00, 0x00,
  0x02, 0x00, 0x02, 0x00, 0x02, 0x00, 0x02, 0x00, 0x02, 0x00, 0x02, 0x00, 0x02, 0x00, 0x02, 0x00,
  0x02, 0x00, 0x02, 0x00, 0x02, 0x00, 0x02, 0x00, 0x02, 0x00, 0x02, 0x00, 0x02, 0x00, 0x02, 0x00,
  0x02, 0x00, 0x02, 0x00, 0x02, 0x00, 0x02, 0x00, 0x02, 0x00, 0x02, 0x00, 0x01, 0x00, 0x11, 0x80,
  0x3f, 0xf8, 0x7b, 0xf9, 0x94, 0xfa, 0x94, 0xfa, 0x94, 0xfa, 0x94, 0xfa, 0x94, 0xfa, 0x94, 0xfa,
  0x94, 0xfa, 0x94, 0xfa, 0x94, 0xfa, 0x94, 0xfa, 0x94, 0xfa, 0x94, 0xfa, 0x94, 0xfa, 0x94, 0xfa,
  0x94, 0xfa, 0x94, 0xfa, 0x94, 0xfa, 0x94, 0xfa, 0x94, 0xfa, 0x94, 0xfa, 0x94, 0xfa, 0x94, 0xfa,
  0x94, 0xfa, 0x94, 0xfa, 0x94, 0xfa, 0x94, 0xfa, 0x94, 0xfa, 0x94, 0xfa, 0x94, 0xfa, 0x94, 0xfa,
  0x94, 0xfa, 0x94, 0xfa, 0x94, 0xfa, 0x94, 0xfa, 0x94, 0xfa, 0xb4, 0xfa, 0x36, 0xe3, 0xf7, 0xd3,
  0x59, 0xbd, 0xbd, 0x86, 0xbf, 0x07, 0xdf, 0x07, 0xd8, 0x05, 0x0c, 0x03, 0x00, 0x00, 0x22, 0x00,
  0x02, 0x00, 0x02, 0x00, 0x01, 0x00, 0x25, 0x18, 0x19, 0xc0, 0x9e, 0xf8, 0x17, 0xfa, 0x94, 0xfa,
  0x94, 0xfa, 0x94, 0xfa, 0x94, 0xfa, 0x94, 0xfa, 0x94, 0xfa, 0x94, 0xfa, 0x94, 0xfa, 0x94, 0xfa,
  0x94, 0xfa, 0x94, 0xfa, 0x94, 0xfa, 0x94, 0xfa, 0x94, 0xfa, 0x94, 0xfa, 0x94, 0xfa, 0x94, 0xfa,
  0x94, 0xfa, 0x94, 0xfa, 0x94, 0xfa, 0x94, 0xfa, 0x94, 0xfa, 0x94, 0xfa, 0x94, 0xfa, 0x94, 0xfa,
  0x94, 0xfa, 0x94, 0xfa, 0x94, 0xfa, 0x94, 0xfa, 0x74, 0xfa, 0x35, 0xe3, 0x5c, 0x7e, 0xfb, 0x06,
  0xcc, 0x02, 0x00, 0x00, 0x22, 0x00, 0x02, 0x00, 0x02, 0x00, 0x02, 0x00, 0x02, 0x00, 0x02, 0x00,
  0x02, 0x00, 0x00, 0x00, 0x17, 0xb0, 0x1f, 0xf8, 0x19, 0xfa, 0x94, 0xfa, 0x94, 0xfa, 0x94, 0xfa,
  0x94, 0xfa, 0x94, 0xfa, 0x94, 0xfa, 0x94, 0xfa, 0x94, 0xfa, 0x94, 0xfa, 0x94, 0xfa, 0x94, 0xfa,
  0x94, 0xfa, 0x94, 0xfa, 0x94, 0xfa, 0x94, 0xfa, 0x94, 0xfa, 0x94, 0xfa, 0x94, 0xfa, 0x94, 0xfa,
  0x94, 0xfa, 0x94, 0xfa, 0x94, 0xfa, 0x94, 0xfa, 0x94, 0xfa, 0x94, 0xfa, 0x94, 0xfa, 0x94, 0xfa,
  0x94, 0xfa, 0x94, 0xfa, 0x74, 0xfa, 0x54, 0xfa, 0x5b, 0xae, 0x7e, 0x07, 0x92, 0x04, 0x00, 0x00,
  0x02, 0x00, 0x02, 0x00, 0x02, 0x00, 0x02, 0x00, 0x02, 0x00, 0x02, 0x00, 0x02, 0x08, 0x01, 0x08,
  0x0f, 0x78, 0x3e, 0xf0, 0x7a, 0xf9, 0x94, 0xfa, 0x94, 0xfa, 0x94, 0xfa, 0x94, 0xfa, 0x94, 0xfa,
  0x94, 0xfa, 0x94, 0xfa, 0x94, 0xfa, 0x94, 0xfa, 0x94, 0xfa, 0x94, 0xfa, 0x94, 0xfa, 0x94, 0xfa,
  0x94, 0xfa, 0x94, 0xfa, 0x74, 0xfa, 0x94, 0xfa, 0x94, 0xfa, 0x94, 0xfa, 0x94, 0xfa, 0x94, 0xfa,
  0x94, 0xfa, 0x94, 0xfa, 0x94, 0xfa, 0x94, 0xfa, 0x94, 0xfa, 0x94, 0xfa, 0x94, 0xfa, 0x94, 0xfa,
  0x94, 0xfa, 0x94, 0xfa, 0x94, 0xfa, 0x94, 0xfa, 0x94, 0xfa, 0x94, 0xfa, 0x94, 0xfa, 0x94, 0xfa,
  0x94, 0xfa, 0x94, 0xfa, 0x94, 0xfa, 0x94, 0xfa, 0x74, 0xfa, 0x76, 0xe3, 0x9f, 0x57, 0x9a, 0x06,
  0x13, 0x98, 0x7f, 0xf8, 0xb8, 0xf9, 0x94, 0xfa, 0x74, 0xfa, 0x94, 0xfa, 0x94, 0xfa, 0x94, 0xfa,
  0x94, 0xfa, 0x94, 0xfa, 0x94, 0xfa, 0x94, 0xfa, 0x94, 0xfa, 0x94, 0xfa, 0x94, 0xfa, 0x94, 0xfa,
  0x74, 0xfa, 0x15, 0xeb, 0x7c, 0x86, 0xdd, 0x76, 0x76, 0xdb, 0x54, 0xfa, 0x94, 0xfa, 0x94, 0xfa,
  0x94, 0xfa, 0x94, 0xfa, 0x94, 0xfa, 0x94, 0xfa, 0x94, 0xfa, 0x94, 0xfa, 0x94, 0xfa, 0x94, 0xfa,
  0x94, 0xfa, 0x74, 0xfa, 0xd5, 0xf2, 0x9c, 0x7e, 0x1e, 0x4f, 0x96, 0xf3, 0x74, 0xfa, 0x94, 0xfa,
  0x94, 0xfa, 0x94, 0xfa, 0x94, 0xfa, 0x94, 0xfa, 0x94, 0xfa, 0x94, 0xfa, 0x94, 0xfa, 0x94, 0xfa,
  0x94, 0xfa, 0x94, 0xfa, 0x74, 0xfa, 0x94, 0xfa, 0x7a, 0xb5, 0xbf, 0x07, 0x96, 0x05, 0x00, 0x00,
  0x02, 0x00, 0x22, 0x00, 0x00, 0x00, 0x0e, 0x68, 0x1b, 0xd8, 0x5c, 0xf9, 0x55, 0xfa, 0x94, 0xfa,
  0x94, 0xfa, 0x94, 0xfa, 0x94, 0xfa, 0x94, 0xfa, 0x94, 0xfa, 0x94, 0xfa, 0x94, 0xfa, 0x94, 0xfa,
  0x94, 0xfa, 0x94, 0xfa, 0x94, 0xfa, 0x94, 0xfa, 0x94, 0xfa, 0x94, 0xfa, 0x94, 0xfa, 0x94, 0xfa,
  0x94, 0xfa, 0x94, 0xfa, 0x94, 0xfa, 0x94, 0xfa, 0x94, 0xfa, 0x94, 0xfa, 0x94, 0xfa, 0x94, 0xfa,
  0x94, 0xfa, 0x94, 0xfa, 0x94, 0xfa, 0x94, 0xfa, 0x54, 0xfa, 0x78, 0xdc, 0x5e, 0x2f, 0x9a, 0x06,
  0x00, 0x00, 0x01, 0x00, 0x22, 0x00, 0x02, 0x00, 0x02, 0x00, 0x02, 0x00, 0x02, 0x00, 0x02, 0x00,
  0x00, 0x00, 0x27, 0x30, 0x1b, 0xd8, 0xdd, 0xf8, 0x56, 0xfa, 0x94, 0xfa, 0x94, 0xfa, 0x94, 0xfa,
  0x94, 0xfa, 0x94, 0xfa, 0x94, 0xfa, 0x94, 0xfa, 0x94, 0xfa, 0x94, 0xfa, 0x94, 0xfa, 0x94, 0xfa,
  0x94, 0xfa, 0x94, 0xfa, 0x94, 0xfa, 0x94, 0xfa, 0x94, 0xfa, 0x94, 0xfa, 0x94, 0xfa, 0x94, 0xfa,
  0x94, 0xfa, 0x94, 0xfa, 0x94, 0xfa, 0x94, 0xfa, 0x94, 0xfa, 0x94, 0xfa, 0x94, 0xfa, 0x94, 0xfa,
  0x94, 0xfa, 0x94, 0xfa, 0x94, 0xfa, 0x94, 0xfa, 0x94, 0xfa, 0x94, 0xfa, 0x94, 0xfa, 0x94, 0xfa,
  0x94, 0xfa, 0x94, 0xfa, 0x94, 0xfa, 0x54, 0xfa, 0x96, 0xe3, 0xbd, 0x7e, 0xff, 0x0f, 0x7a, 0x06,
  0xcb, 0x02, 0x01, 0x00, 0x22, 0x00, 0x05, 0x28, 0x17, 0xb8, 0x3f, 0xf8, 0x3b, 0xf9, 0x95, 0xfa,
  0x94, 0xfa, 0x94, 0xfa, 0x94, 0xfa, 0x94, 0xfa, 0x94, 0xfa, 0x94, 0xfa, 0x94, 0xfa, 0x94, 0xfa,
  0x94, 0xfa, 0x94, 0xfa, 0x94, 0xfa, 0x94, 0xfa, 0x94, 0xfa, 0x94, 0xfa, 0x94, 0xfa, 0x94, 0xfa,
  0x94, 0xfa, 0x94, 0xfa, 0x94, 0xfa, 0x94, 0xfa, 0x94, 0xfa, 0x94, 0xfa, 0x94, 0xfa, 0x94, 0xfa,
  0x94, 0xfa, 0x94, 0xfa, 0x94, 0xfa, 0x94, 0xfa, 0x94, 0xfa, 0x94, 0xfa, 0x94, 0xfa, 0x94, 0xfa,
  0x94, 0xfa, 0x94, 0xfa, 0x74, 0xfa, 0xf5, 0xea, 0xbc, 0x76, 0xdf, 0x17, 0xd7, 0x05, 0xc8, 0x01,
  0x22, 0x00, 0x25, 0x20, 0x32, 0x88, 0x7f, 0xf8, 0xb9, 0xf9, 0xb4, 0xfa, 0x74, 0xfa, 0x94, 0xfa,
  0x94, 0xfa, 0x94, 0xfa, 0x94, 0xfa, 0x94, 0xfa, 0x94, 0xfa, 0x94, 0xfa, 0x94, 0xfa, 0x94, 0xfa,
  0x94, 0xfa, 0x94, 0xfa, 0x74, 0xfa, 0x54, 0xfa, 0x5b, 0xae, 0x7e, 0x07, 0x92, 0x04, 0x00, 0x00,
  0x02, 0x00, 0x02, 0x00, 0x02, 0x00, 0x02, 0x00, 0x02, 0x00, 0x02, 0x00, 0x02, 0x00, 0x02, 0x00,
  0x02, 0x00, 0x02, 0x00, 0x02, 0x00, 0x02, 0x00, 0x02, 0x00, 0x02, 0x00, 0x02, 0x00, 0x02, 0x00,
  0x02, 0x00, 0x02, 0x00, 0x02, 0x00, 0x02, 0x00, 0x02, 0x00, 0x02, 0x00, 0x01, 0x00, 0x11, 0x80,
  0x3f, 0xf8, 0x7b, 0xf9, 0x94, 0xfa, 0x94, 0xfa, 0x94, 0xfa, 0x94, 0xfa, 0x94, 0xfa, 0x94, 0xfa,
  0x94, 0xfa, 0x94, 0xfa, 0x94, 0xfa, 0x94, 0xfa, 0x94, 0xfa, 0x94, 0xfa, 0x94, 0xfa, 0x94, 0xfa,
  0x94, 0xfa, 0x94, 0xfa, 0x94, 0xfa, 0x94, 0xfa, 0x94, 0xfa, 0x94, 0xfa, 0x94, 0xfa, 0x94, 0xfa,
  0x94, 0xfa, 0x94, 0xfa, 0x94, 0xfa, 0x94, 0xfa, 0x94, 0xfa, 0x94, 0xfa, 0x94, 0xfa, 0x94, 0xfa,
  0x94, 0xfa, 0x94, 0xfa, 0x94, 0xfa, 0x94, 0xfa, 0x94, 0xfa, 0x74, 0xfa, 0x54, 0xfa, 0x54, 0xfa,
  0x74, 0xfa, 0x96, 0xe3, 0xdb, 0xa5, 0x9f, 0x2f, 0xdf, 0x07, 0xf8, 0x05, 0x29, 0x02, 0x00, 0x00,
  0x22, 0x00, 0x02, 0x00, 0x01, 0x00, 0x25, 0x18, 0x19, 0xc0, 0x9e, 0xf8, 0x17, 0xfa, 0x94, 0xfa,
  0x94, 0xfa, 0x94, 0xfa, 0x94, 0xfa, 0x94, 0xfa, 0x94, 0xfa, 0x94, 0xfa, 0x94, 0xfa, 0x94, 0xfa,
  0x94, 0xfa, 0x94, 0xfa, 0x94, 0xfa, 0x94, 0xfa, 0x94, 0xfa, 0x94, 0xfa, 0x94, 0xfa, 0x94, 0xfa,
  0x94, 0xfa, 0x94, 0xfa, 0x94, 0xfa, 0x94, 0xfa, 0x94, 0xfa, 0x94, 0xfa, 0x94, 0xfa, 0x94, 0xfa,
  0x94, 0xfa, 0x94, 0xfa, 0x94, 0xfa, 0x94, 0xfa, 0x74, 0xfa, 0x35, 0xe3, 0x5c, 0x7e, 0xfb, 0x06,
  0xcc, 0x02, 0x00, 0x00, 0x22, 0x00, 0x02, 0x00, 0x02, 0x00, 0x02, 0x00, 0x02, 0x00, 0x02, 0x00,
  0x02, 0x00, 0x00, 0x00, 0x17, 0xb0, 0x1f, 0xf8, 0x19, 0xfa, 0x94, 0xfa, 0x94, 0xfa, 0x94, 0xfa,
  0x94, 0xfa, 0x94, 0xfa, 0x94, 0xfa, 0x94, 0xfa, 0x94, 0xfa, 0x94, 0xfa, 0x94, 0xfa, 0x94, 0xfa,
  0x94, 0xfa, 0x94, 0xfa, 0x94, 0xfa, 0x94, 0xfa, 0x94, 0xfa, 0x94, 0xfa, 0x94, 0xfa, 0x94, 0xfa,
  0x94, 0xfa, 0x94, 0xfa, 0x94, 0xfa, 0x94, 0xfa, 0x94, 0xfa, 0x94, 0xfa, 0x94, 0xfa, 0x94, 0xfa,
  0x94, 0xfa, 0x94, 0xfa, 0x74, 0xfa, 0x54, 0xfa, 0x5b, 0xae, 0x7e, 0x07, 0x92, 0x04, 0x00, 0x00,
  0x02, 0x00, 0x02, 0x00, 0x02, 0x00, 0x02, 0x00, 0x02, 0x00, 0x02, 0x00, 0x02, 0x08, 0x01, 0x08,
  0x0f, 0x78, 0x3e, 0xf0, 0x7a, 0xf9, 0x94, 0xfa, 0x94, 0xfa, 0x94, 0xfa, 0x94, 0xfa, 0x94, 0xfa,
  0x94, 0xfa, 0x94, 0xfa, 0x94, 0xfa, 0x94, 0xfa, 0x94, 0xfa, 0x94, 0xfa, 0x94, 0xfa, 0x94, 0xfa,
  0x74, 0xfa, 0xd5, 0xfa, 0x56, 0xe3, 0x94, 0xfa, 0x74, 0xfa, 0x94, 0xfa, 0x94, 0xfa, 0x94, 0xfa,
  0x94, 0xfa, 0x94, 0xfa, 0x94, 0xfa, 0x94, 0xfa, 0x94, 0xfa, 0x94, 0xfa, 0x94, 0xfa, 0x94, 0xfa,
  0x94, 0xfa, 0x94, 0xfa, 0x94, 0xfa, 0x94, 0xfa, 0x94, 0xfa, 0x94, 0xfa, 0x94, 0xfa, 0x94, 0xfa,
  0x94, 0xfa, 0x94, 0xfa, 0x94, 0xfa, 0x94, 0xfa, 0x74, 0xfa, 0x76, 0xe3, 0x9f, 0x57, 0x9a, 0x06,
  0x13, 0x98, 0x7f, 0xf8, 0xb8, 0xf9, 0x94, 0xfa, 0x74, 0xfa, 0x94, 0xfa, 0x94, 0xfa, 0x94, 0xfa,
  0x94, 0xfa, 0x94, 0xfa, 0x94, 0xfa, 0x94, 0xfa, 0x94, 0xfa, 0x94, 0xfa, 0x94, 0xfa, 0x94, 0xfa,
  0x54, 0xfa, 0x35, 0xe3, 0x1b, 0x86, 0xda, 0xad, 0x74, 0xfa, 0x74, 0xfa, 0x94, 0xfa, 0x94, 0xfa,
  0x94, 0xfa, 0x94, 0xfa, 0x94, 0xfa, 0x94, 0xfa, 0x94, 0xfa, 0x94, 0xfa, 0x94, 0xfa, 0x94, 0xfa,
  0x94, 0xfa, 0x94, 0xfa, 0x74, 0xfa, 0xb8, 0xb4, 0xdd, 0x66, 0x96, 0xf3, 0x74, 0xfa, 0x94, 0xfa,
  0x94, 0xfa, 0x94, 0xfa, 0x94, 0xfa, 0x94, 0xfa, 0x94, 0xfa, 0x94, 0xfa, 0x94, 0xfa, 0x94, 0xfa,
  0x94, 0xfa, 0x94, 0xfa, 0x74, 0xfa, 0x94, 0xfa, 0x7a, 0xb5, 0xbf, 0x07, 0x96, 0x05, 0x00, 0x00,
  0x02, 0x00, 0x22, 0x00, 0x00, 0x00, 0x0e, 0x68, 0x1b, 0xd8, 0x5c, 0xf9, 0x55, 0xfa, 0x94, 0xfa,
  0x94, 0xfa, 0x94, 0xfa, 0x94, 0xfa, 0x94, 0xfa, 0x94, 0xfa, 0x94, 0xfa, 0x94, 0xfa, 0x94, 0xfa,
  0x94, 0xfa, 0x94, 0xfa, 0x94, 0xfa, 0x94, 0xfa, 0x94, 0xfa, 0x94, 0xfa, 0x94, 0xfa, 0x94, 0xfa,
  0x94, 0xfa, 0x94, 0xfa, 0x94, 0xfa, 0x94, 0xfa, 0x94, 0xfa, 0x94, 0xfa, 0x94, 0xfa, 0x94, 0xfa,
  0x94, 0xfa, 0x94, 0xfa, 0x94, 0xfa, 0x94, 0xfa, 0x54, 0xfa, 0x78, 0xdc, 0x5e, 0x2f, 0x9a, 0x06,
  0x00, 0x00, 0x01, 0x00, 0x22, 0x00, 0x02, 0x00, 0x02, 0x00, 0x02, 0x00, 0x02, 0x00, 0x02, 0x00,
  0x00, 0x00, 0x27, 0x30, 0x1b, 0xd8, 0xdd, 0xf8, 0x56, 0xfa, 0x94, 0xfa, 0x94, 0xfa, 0x94, 0xfa,
  0x94, 0xfa, 0x94, 0xfa, 0x94, 0xfa, 0x94, 0xfa, 0x94, 0xfa, 0x94, 0xfa, 0x94, 0xfa, 0x94, 0xfa,
  0x94, 0xfa, 0x94, 0xfa, 0x94, 0xfa, 0x94, 0xfa, 0x94, 0xfa, 0x94, 0xfa, 0x94, 0xfa, 0x94, 0xfa,
  0x94, 0xfa, 0x94, 0xfa, 0x94, 0xfa, 0x94, 0xfa, 0x94, 0xfa, 0x94, 0xfa, 0x94, 0xfa, 0x94, 0xfa,
  0x94, 0xfa, 0x94, 0xfa, 0x94, 0xfa, 0x94, 0xfa, 0x94, 0xfa, 0x94, 0xfa, 0x94, 0xfa, 0x94, 0xfa,
  0x94, 0xfa, 0x94, 0xfa, 0x94, 0xfa, 0x94, 0xfa, 0x34, 0xfa, 0x78, 0xc4, 0x7e, 0x57, 0xbf, 0x07,
  0x31, 0x04, 0x83, 0x00, 0x22, 0x00, 0x04, 0x18, 0x12, 0x88, 0x1f, 0xf8, 0x9e, 0xf8, 0x17, 0xfa,
  0x94, 0xfa, 0x74, 0xfa, 0x94, 0xfa, 0x94, 0xfa, 0x94, 0xfa, 0x94, 0xfa, 0x94, 0xfa, 0x94, 0xfa,
  0x94, 0xfa, 0x94, 0xfa, 0x94, 0xfa, 0x94, 0xfa, 0x94, 0xfa, 0x94, 0xfa, 0x94, 0xfa, 0x94, 0xfa,
  0x94, 0xfa, 0x94, 0xfa, 0x94, 0xfa, 0x94, 0xfa, 0x94, 0xfa, 0x94, 0xfa, 0x94, 0xfa, 0x94, 0xfa,
  0x94, 0xfa, 0x94, 0xfa, 0x94, 0xfa, 0x94, 0xfa, 0x94, 0xfa, 0x94, 0xfa, 0x94, 0xfa, 0x94, 0xfa,
  0x94, 0xfa, 0x94, 0xfa, 0x94, 0xfa, 0x74, 0xfa, 0xf9, 0xa4, 0xbf, 0x37, 0x1c, 0x07, 0x8a, 0x02,
  0x22, 0x00, 0x25, 0x20, 0x32, 0x88, 0x7f, 0xf8, 0xb9, 0xf9, 0xb4, 0xfa, 0x74, 0xfa, 0x94, 0xfa,
  0x94, 0xfa, 0x94, 0xfa, 0x94, 0xfa, 0x94, 0xfa, 0x94, 0xfa, 0x94, 0xfa, 0x94, 0xfa, 0x94, 0xfa,
  0x94, 0xfa, 0x94, 0xfa, 0x74, 0xfa, 0x54, 0xfa, 0x5b, 0xae, 0x7e, 0x07, 0x92, 0x04, 0x00, 0x00,
  0x02, 0x00, 0x02, 0x00, 0x02, 0x00, 0x02, 0x00, 0x02, 0x00, 0x02, 0x00, 0x02, 0x00, 0x02, 0x00,
  0x02, 0x00, 0x02, 0x00, 0x02, 0x00, 0x02, 0x00, 0x02, 0x00, 0x02, 0x00, 0x02, 0x00, 0x02, 0x00,
  0x02, 0x00, 0x02, 0x00, 0x02, 0x00, 0x02, 0x00, 0x02, 0x00, 0x02, 0x00, 0x01, 0x00, 0x11, 0x80,
  0x3f, 0xf8, 0x7b, 0xf9, 0x94, 0xfa, 0x94, 0xfa, 0x94, 0xfa, 0x94, 0xfa, 0x94, 0xfa, 0x94, 0xfa,
  0x94, 0xfa, 0x94, 0xfa, 0x94, 0xfa, 0x94, 0xfa, 0x94, 0xfa, 0x94, 0xfa, 0x94, 0xfa, 0x94, 0xfa,
  0x94, 0xfa, 0x94, 0xfa, 0x94, 0xfa, 0x94, 0xfa, 0x94, 0xfa, 0x94, 0xfa, 0x94, 0xfa, 0x94, 0xfa,
  0x94, 0xfa, 0x94, 0xfa, 0x94, 0xfa, 0x94, 0xfa, 0x94, 0xfa, 0x94, 0xfa, 0x94, 0xfa, 0x94, 0xfa,
  0x94, 0xfa, 0x94, 0xfa, 0x94, 0xfa, 0x94, 0xfa, 0x94, 0xfa, 0x94, 0xfa, 0x94, 0xfa, 0x94, 0xfa,
  0x94, 0xfa, 0x54, 0xfa, 0x15, 0xf3, 0x9a, 0xad, 0x9f, 0x1f, 0x9e, 0x07, 0x35, 0x05, 0x00, 0x00,
  0x01, 0x00, 0x22, 0x00, 0x01, 0x00, 0x25, 0x18, 0x19, 0xc0, 0x9e, 0xf8, 0x17, 0xfa, 0x94, 0xfa,
  0x94, 0xfa, 0x94, 0xfa, 0x94, 0xfa, 0x94, 0xfa, 0x94, 0xfa, 0x94, 0xfa, 0x94, 0xfa, 0x94, 0xfa,
  0x94, 0xfa, 0x94, 0xfa, 0x94, 0xfa, 0x94, 0xfa, 0x94, 0xfa, 0x94, 0xfa, 0x94, 0xfa, 0x94, 0xfa,
  0x94, 0xfa, 0x94, 0xfa, 0x94, 0xfa, 0x94, 0xfa, 0x94, 0xfa, 0x94, 0xfa, 0x94, 0xfa, 0x94, 0xfa,
  0x94, 0xfa, 0x94, 0xfa, 0x94, 0xfa, 0x94, 0xfa, 0x74, 0xfa, 0x35, 0xe3, 0x5c, 0x7e, 0xfb, 0x06,
  0xcc, 0x02, 0x00, 0x00, 0x22, 0x00, 0x02, 0x00, 0x02, 0x00, 0x02, 0x00, 0x02, 0x00, 0x02, 0x00,
  0x02, 0x00, 0x00, 0x00, 0x17, 0xb0, 0x1f, 0xf8, 0x19, 0xfa, 0x94, 0xfa, 0x94, 0xfa, 0x94, 0xfa,
  0x94, 0xfa, 0x94, 0xfa, 0x94, 0xfa, 0x94, 0xfa, 0x94, 0xfa, 0x94, 0xfa, 0x94, 0xfa, 0x94, 0xfa,
  0x94, 0xfa, 0x94, 0xfa, 0x94, 0xfa, 0x94, 0xfa, 0x94, 0xfa, 0x94, 0xfa, 0x94, 0xfa, 0x94, 0xfa,
  0x94, 0xfa, 0x94, 0xfa, 0x94, 0xfa, 0x94, 0xfa, 0x94, 0xfa, 0x94, 0xfa, 0x94, 0xfa, 0x94, 0xfa,
  0x94, 0xfa, 0x94, 0xfa, 0x74, 0xfa, 0x54, 0xfa, 0x5b, 0xae, 0x7e, 0x07, 0x92, 0x04, 0x00, 0x00,
  0x02, 0x00, 0x02, 0x00, 0x02, 0x00, 0x02, 0x00, 0x02, 0x00, 0x02, 0x00, 0x02, 0x08, 0x01, 0x08,
  0x0f, 0x78, 0x3e, 0xf0, 0x7a, 0xf9, 0x94, 0xfa, 0x94, 0xfa, 0x94, 0xfa, 0x94, 0xfa, 0x94, 0xfa,
  0x94, 0xfa, 0x94, 0xfa, 0x94, 0xfa, 0x94, 0xfa, 0x94, 0xfa, 0x94, 0xfa, 0x94, 0xfa, 0x94, 0xfa,
  0x74, 0xfa, 0x55, 0xeb, 0x3a, 0x95, 0xb8, 0xcc, 0x54, 0xfa, 0x94, 0xfa, 0x94, 0xfa, 0x94, 0xfa,
  0x94, 0xfa, 0x94, 0xfa, 0x94, 0xfa, 0x94, 0xfa, 0x94, 0xfa, 0x94, 0xfa, 0x94, 0xfa, 0x94, 0xfa,
  0x94, 0xfa, 0x94, 0xfa, 0x94, 0xfa, 0x94, 0xfa, 0x94, 0xfa, 0x94, 0xfa, 0x94, 0xfa, 0x94, 0xfa,
  0x94, 0xfa, 0x94, 0xfa, 0x94, 0xfa, 0x94, 0xfa, 0x74, 0xfa, 0x76, 0xe3, 0x9f, 0x57, 0x9a, 0x06,
  0x13, 0x98, 0x7f, 0xf8, 0xb8, 0xf9, 0x94, 0xfa, 0x74, 0xfa, 0x94, 0xfa, 0x94, 0xfa, 0x94, 0xfa,
  0x94, 0xfa, 0x94, 0xfa, 0x94, 0xfa, 0x94, 0xfa, 0x94, 0xfa, 0x94, 0xfa, 0x94, 0xfa, 0x94, 0xfa,
  0x54, 0xfa, 0x56, 0xe3, 0xd9, 0x9c, 0x37, 0xd4, 0x54, 0xfa, 0x94, 0xfa, 0x94, 0xfa, 0x94, 0xfa,
  0x94, 0xfa, 0x94, 0xfa, 0x94, 0xfa, 0x94, 0xfa, 0x94, 0xfa, 0x94, 0xfa, 0x94, 0xfa, 0x94, 0xfa,
  0x94, 0xfa, 0x94, 0xfa, 0x74, 0xfa, 0x15, 0xeb, 0xbb, 0x95, 0x76, 0xeb, 0x74, 0xfa, 0x94, 0xfa,
  0x94, 0xfa, 0x94, 0xfa, 0x94, 0xfa, 0x94, 0xfa, 0x94, 0xfa, 0x94, 0xfa, 0x94, 0xfa, 0x94, 0xfa,
  0x94, 0xfa, 0x94, 0xfa, 0x74, 0xfa, 0x94, 0xfa, 0x7a, 0xb5, 0xbf, 0x07, 0x96, 0x05, 0x00, 0x00,
  0x02, 0x00, 0x22, 0x00, 0x00, 0x00, 0x0e, 0x68, 0x1b, 0xd8, 0x5c, 0xf9, 0x55, 0xfa, 0x94, 0xfa,
  0x94, 0xfa, 0x94, 0xfa, 0x94, 0xfa, 0x94, 0xfa, 0x94, 0xfa, 0x94, 0xfa, 0x94, 0xfa, 0x94, 0xfa,
  0x94, 0xfa, 0x94, 0xfa, 0x94, 0xfa, 0x94, 0xfa, 0x94, 0xfa, 0x94, 0xfa, 0x94, 0xfa, 0x94, 0xfa,
  0x94, 0xfa, 0x94, 0xfa, 0x94, 0xfa, 0x94, 0xfa, 0x94, 0xfa, 0x94, 0xfa, 0x94, 0xfa, 0x94, 0xfa,
  0x94, 0xfa, 0x94, 0xfa, 0x94, 0xfa, 0x94, 0xfa, 0x54, 0xfa, 0x78, 0xdc, 0x5e, 0x2f, 0x9a, 0x06,
  0x00, 0x00, 0x01, 0x00, 0x22, 0x00, 0x02, 0x00, 0x02, 0x00, 0x02, 0x00, 0x02, 0x00, 0x02, 0x00,
  0x00, 0x00, 0x27, 0x30, 0x1b, 0xd8, 0xdd, 0xf8, 0x56, 0xfa, 0x94, 0xfa, 0x94, 0xfa, 0x94, 0xfa,
  0x94, 0xfa, 0x94, 0xfa, 0x94, 0xfa, 0x94, 0xfa, 0x94, 0xfa, 0x94, 0xfa, 0x94, 0xfa, 0x94, 0xfa,
  0x94, 0xfa, 0x94, 0xfa, 0x94, 0xfa, 0x94, 0xfa, 0x94, 0xfa, 0x94, 0xfa, 0x94, 0xfa, 0x94, 0xfa,
  0x94, 0xfa, 0x94, 0xfa, 0x94, 0xfa, 0x94, 0xfa, 0x94, 0xfa, 0x94, 0xfa, 0x94, 0xfa, 0x94, 0xfa,
  0x94, 0xfa, 0x94, 0xfa, 0x94, 0xfa, 0x94, 0xfa, 0x94, 0xfa, 0x94, 0xfa, 0x94, 0xfa, 0x94, 0xfa,
  0x94, 0xfa, 0x94, 0xfa, 0x94, 0xfa, 0x94, 0xfa, 0x74, 0xfa, 0xb5, 0xf2, 0x5c, 0x8e, 0xdf, 0x0f,
  0x35, 0x05, 0xa7, 0x01, 0x02, 0x00, 0x22, 0x08, 0x0c, 0x58, 0x1e, 0xf0, 0x3f, 0xf8, 0x3c, 0xf9,
  0x75, 0xfa, 0x94, 0xfa, 0x94, 0xfa, 0x94, 0xfa, 0x94, 0xfa, 0x94, 0xfa, 0x94, 0xfa, 0x94, 0xfa,
  0x94, 0xfa, 0x94, 0xfa, 0x94, 0xfa, 0x94, 0xfa, 0x94, 0xfa, 0x94, 0xfa, 0x94, 0xfa, 0x94, 0xfa,
  0x94, 0xfa, 0x94, 0xfa, 0x94, 0xfa, 0x94, 0xfa, 0x94, 0xfa, 0x94, 0xfa, 0x94, 0xfa, 0x94, 0xfa,
  0x94, 0xfa, 0x94, 0xfa, 0x94, 0xfa, 0x94, 0xfa, 0x94, 0xfa, 0x94, 0xfa, 0x94, 0xfa, 0x94, 0xfa,
  0x94, 0xfa, 0x94, 0xfa, 0x94, 0xfa, 0x74, 0xfa, 0xb6, 0xdb, 0x9f, 0x57, 0xbf, 0x07, 0x0c, 0x03,
  0x42, 0x00, 0x25, 0x20, 0x32, 0x88, 0x7f, 0xf8, 0xb9, 0xf9, 0xb4, 0xfa, 0x74, 0xfa, 0x94, 0xfa,
  0x94, 0xfa, 0x94, 0xfa, 0x94, 0xfa, 0x94, 0xfa, 0x94, 0xfa, 0x94, 0xfa, 0x94, 0xfa, 0x94, 0xfa,
  0x94, 0xfa, 0x94, 0xfa, 0x74, 0xfa, 0x54, 0xfa, 0x5b, 0xae, 0x7e, 0x07, 0x92, 0x04, 0x00, 0x00,
  0x02, 0x00, 0x02, 0x00, 0x02, 0x00, 0x02, 0x00, 0x02, 0x00, 0x02, 0x00, 0x02, 0x00, 0x02, 0x00,
  0x02, 0x00, 0x02, 0x00, 0x02, 0x00, 0x02, 0x00, 0x02, 0x00, 0x02, 0x00, 0x02, 0x00, 0x02, 0x00,
  0x02, 0x00, 0x02, 0x00, 0x02, 0x00, 0x02, 0x00, 0x02, 0x00, 0x02, 0x00, 0x01, 0x00, 0x11, 0x80,
  0x3f, 0xf8, 0x7b, 0xf9, 0x94, 0xfa, 0x94, 0xfa, 0x94, 0xfa, 0x94, 0xfa, 0x94, 0xfa, 0x94, 0xfa,
  0x94, 0xfa, 0x94, 0xfa, 0x94, 0xfa, 0x94, 0xfa, 0x94, 0xfa, 0x94, 0xfa, 0x94, 0xfa, 0x94, 0xfa,
  0x94, 0xfa, 0x94, 0xfa, 0x94, 0xfa, 0x94, 0xfa, 0x94, 0xfa, 0x94, 0xfa, 0x94, 0xfa, 0x94, 0xfa,
  0x94, 0xfa, 0x94, 0xfa, 0x94, 0xfa, 0x94, 0xfa, 0x94, 0xfa, 0x94, 0xfa, 0x94, 0xfa, 0x94, 0xfa,
  0x94, 0xfa, 0x94, 0xfa, 0x94, 0xfa, 0x94, 0xfa, 0x94, 0xfa, 0x94, 0xfa, 0x94, 0xfa, 0x94, 0xfa,
  0x94, 0xfa, 0x94, 0xfa, 0x74, 0xfa, 0x35, 0xf3, 0x1b, 0x96, 0xff, 0x07, 0xdb, 0x06, 0x8b, 0x02,
  0x00, 0x00, 0x22, 0x00, 0x01, 0x00, 0x25, 0x18, 0x19, 0xc0, 0x9e, 0xf8, 0x17, 0xfa, 0x94, 0xfa,
  0x94, 0xfa, 0x94, 0xfa, 0x94, 0xfa, 0x94, 0xfa, 0x94, 0xfa, 0x94, 0xfa, 0x94, 0xfa, 0x94, 0xfa,
  0x94, 0xfa, 0x94, 0xfa, 0x94, 0xfa, 0x94, 0xfa, 0x94, 0xfa, 0x94, 0xfa, 0x94, 0xfa, 0x94, 0xfa,
  0x94, 0xfa, 0x94, 0xfa, 0x94, 0xfa, 0x94, 0xfa, 0x94, 0xfa, 0x94, 0xfa, 0x94, 0xfa, 0x94, 0xfa,
  0x94, 0xfa, 0x94, 0xfa, 0x94, 0xfa, 0x94, 0xfa, 0x74, 0xfa, 0x35, 0xe3, 0x5c, 0x7e, 0xfb, 0x06,
  0xcc, 0x02, 0x00, 0x00, 0x22, 0x00, 0x02, 0x00, 0x02, 0x00, 0x02, 0x00, 0x02, 0x00, 0x02, 0x00,
  0x02, 0x00, 0x00, 0x00, 0x17, 0xb0, 0x1f, 0xf8, 0x19, 0xfa, 0x94, 0xfa, 0x94, 0xfa, 0x94, 0xfa,
  0x94, 0xfa, 0x94, 0xfa, 0x94, 0xfa, 0x94, 0xfa, 0x94, 0xfa, 0x94, 0xfa, 0x94, 0xfa, 0x94, 0xfa,
  0x94, 0xfa, 0x94, 0xfa, 0x94, 0xfa, 0x94, 0xfa, 0x94, 0xfa, 0x94, 0xfa, 0x94, 0xfa, 0x94, 0xfa,
  0x94, 0xfa, 0x94, 0xfa, 0x94, 0xfa, 0x94, 0xfa, 0x94, 0xfa, 0x94, 0xfa, 0x94, 0xfa, 0x94, 0xfa,
  0x94, 0xfa, 0x94, 0xfa, 0x74, 0xfa, 0x54, 0xfa, 0x5b, 0xae, 0x7e, 0x07, 0x92, 0x04, 0x00, 0x00,
  0x02, 0x00, 0x02, 0x00, 0x02, 0x00, 0x02, 0x00, 0x02, 0x00, 0x02, 0x00, 0x02, 0x08, 0x01, 0x08,
  0x0f, 0x78, 0x3e, 0xf0, 0x7a, 0xf9, 0x94, 0xfa, 0x94, 0xfa, 0x94, 0xfa, 0x94, 0xfa, 0x94, 0xfa,
  0x94, 0xfa, 0x94, 0xfa, 0x94, 0xfa, 0x94, 0xfa, 0x94, 0xfa, 0x94, 0xfa, 0x94, 0xfa, 0x94, 0xfa,
  0x74, 0xfa, 0x75, 0xeb, 0x3c, 0x66, 0x9d, 0x86, 0xd6, 0xea, 0x74, 0xfa, 0x94, 0xfa, 0x94, 0xfa,
  0x94, 0xfa, 0x94, 0xfa, 0x94, 0xfa, 0x94, 0xfa, 0x94, 0xfa, 0x94, 0xfa, 0x94, 0xfa, 0x94, 0xfa,
  0x94, 0xfa, 0x94, 0xfa, 0x94, 0xfa, 0x94, 0xfa, 0x94, 0xfa, 0x94, 0xfa, 0x94, 0xfa, 0x94, 0xfa,
  0x94, 0xfa, 0x94, 0xfa, 0x94, 0xfa, 0x94, 0xfa, 0x74, 0xfa, 0x76, 0xe3, 0x9f, 0x57, 0x9a, 0x06,
  0x13, 0x98, 0x7f, 0xf8, 0xb8, 0xf9, 0x94, 0xfa, 0x74, 0xfa, 0x94, 0xfa, 0x94, 0xfa, 0x94, 0xfa,
  0x94, 0xfa, 0x94, 0xfa, 0x94, 0xfa, 0x94, 0xfa, 0x94, 0xfa, 0x94, 0xfa, 0x94, 0xfa, 0x94, 0xfa,
  0x74, 0xfa, 0xf5, 0xf2, 0x76, 0xdb, 0xd5, 0xf2, 0x74, 0xfa, 0x94, 0xfa, 0x94, 0xfa, 0x94, 0xfa,
  0x94, 0xfa, 0x94, 0xfa, 0x94, 0xfa, 0x94, 0xfa, 0x94, 0xfa, 0x94, 0xfa, 0x94, 0xfa, 0x94, 0xfa,
  0x94, 0xfa, 0x94, 0xfa, 0x94, 0xfa, 0x74, 0xfa, 0xd7, 0xd3, 0xf5, 0xf2, 0x74, 0xfa, 0x94, 0xfa,
  0x94, 0xfa, 0x94, 0xfa, 0x94, 0xfa, 0x94, 0xfa, 0x94, 0xfa, 0x94, 0xfa, 0x94, 0xfa, 0x94, 0xfa,
  0x94, 0xfa, 0x94, 0xfa, 0x74, 0xfa, 0x94, 0xfa, 0x7a, 0xb5, 0xbf, 0x07, 0x96, 0x05, 0x00, 0x00,
  0x02, 0x00, 0x22, 0x00, 0x00, 0x00, 0x0e, 0x68, 0x1b, 0xd8, 0x5c, 0xf9, 0x55, 0xfa, 0x94, 0xfa,
  0x94, 0xfa, 0x94, 0xfa, 0x94, 0xfa, 0x94, 0xfa, 0x94, 0xfa, 0x94, 0xfa, 0x94, 0xfa, 0x94, 0xfa,
  0x94, 0xfa, 0x94, 0xfa, 0x94, 0xfa, 0x94, 0xfa, 0x94, 0xfa, 0x94, 0xfa, 0x94, 0xfa, 0x94, 0xfa,
  0x94, 0xfa, 0x94, 0xfa, 0x94, 0xfa, 0x94, 0xfa, 0x94, 0xfa, 0x94, 0xfa, 0x94, 0xfa, 0x94, 0xfa,
  0x94, 0xfa, 0x94, 0xfa, 0x94, 0xfa, 0x94, 0xfa, 0x54, 0xfa, 0x98, 0xdc, 0x5e, 0x2f, 0x59, 0x06,
  0x00, 0x00, 0x01, 0x00, 0x22, 0x00, 0x02, 0x00, 0x02, 0x00, 0x02, 0x00, 0x02, 0x00, 0x02, 0x00,
  0x00, 0x00, 0x27, 0x30, 0x1b, 0xd8, 0xdd, 0xf8, 0x56, 0xfa, 0x94, 0xfa, 0x94, 0xfa, 0x94, 0xfa,
  0x94, 0xfa, 0x94, 0xfa, 0x94, 0xfa, 0x94, 0xfa, 0x94, 0xfa, 0x94, 0xfa, 0x94, 0xfa, 0x94, 0xfa,
  0x94, 0xfa, 0x94, 0xfa, 0x94, 0xfa, 0x94, 0xfa, 0x94, 0xfa, 0x94, 0xfa, 0x74, 0xfa, 0x74, 0xfa,
  0x74, 0xfa, 0x74, 0xfa, 0x74, 0xfa, 0x74, 0xfa, 0x74, 0xfa, 0x94, 0xfa, 0x94, 0xfa, 0x94, 0xfa,
  0x94, 0xfa, 0x94, 0xfa, 0x94, 0xfa, 0x94, 0xfa, 0x94, 0xfa, 0x94, 0xfa, 0x94, 0xfa, 0x94, 0xfa,
  0x94, 0xfa, 0x94, 0xfa, 0x94, 0xfa, 0x94, 0xfa, 0x94, 0xfa, 0x54, 0xfa, 0xd9, 0xac, 0x9f, 0x3f,
  0x39, 0x06, 0x8a, 0x02, 0x01, 0x00, 0x22, 0x00, 0x06, 0x30, 0x17, 0xb8, 0x1f, 0xf8, 0x5f, 0xf8,
  0x9b, 0xf9, 0x55, 0xfa, 0x94, 0xfa, 0x94, 0xfa, 0x74, 0xfa, 0x94, 0xfa, 0x94, 0xfa, 0x94, 0xfa,
  0x94, 0xfa, 0x94, 0xfa, 0x94, 0xfa, 0x94, 0xfa, 0x94, 0xfa, 0x94, 0xfa, 0x94, 0xfa, 0x94, 0xfa,
  0x94, 0xfa, 0x94, 0xfa, 0x94, 0xfa, 0x94, 0xfa, 0x94, 0xfa, 0x94, 0xfa, 0x94, 0xfa, 0x94, 0xfa,
  0x94, 0xfa, 0x94, 0xfa, 0x94, 0xfa, 0x94, 0xfa, 0x94, 0xfa, 0x94, 0xfa, 0x94, 0xfa, 0x94, 0xfa,
  0x94, 0xfa, 0x94, 0xfa, 0x94, 0xfa, 0x74, 0xfa, 0x15, 0xf3, 0x1e, 0x67, 0xdf, 0x0f, 0x6e, 0x03,
  0x83, 0x00, 0x25, 0x20, 0x32, 0x88, 0x7f, 0xf8, 0xb9, 0xf9, 0xb4, 0xfa, 0x74, 0xfa, 0x94, 0xfa,
  0x94, 0xfa, 0x94, 0xfa, 0x94, 0xfa, 0x94, 0xfa, 0x94, 0xfa, 0x94, 0xfa, 0x94, 0xfa, 0x94, 0xfa,
  0x94, 0xfa, 0x94, 0xfa, 0x74, 0xfa, 0x54, 0xfa, 0x5b, 0xae, 0x7e, 0x07, 0x92, 0x04, 0x00, 0x00,
  0x02, 0x00, 0x02, 0x00, 0x02, 0x00, 0x02, 0x00, 0x02, 0x00, 0x02, 0x00, 0x02, 0x00, 0x02, 0x00,
  0x02, 0x00, 0x02, 0x00, 0x02, 0x00, 0x02, 0x00, 0x02, 0x00, 0x02, 0x00, 0x02, 0x00, 0x02, 0x00,
  0x02, 0x00, 0x02, 0x00, 0x02, 0x00, 0x02, 0x00, 0x02, 0x00, 0x02, 0x00, 0x01, 0x00, 0x11, 0x80,
  0x3f, 0xf8, 0x7b, 0xf9, 0x94, 0xfa, 0x94, 0xfa, 0x94, 0xfa, 0x94, 0xfa, 0x94, 0xfa, 0x94, 0xfa,
  0x94, 0xfa, 0x94, 0xfa, 0x94, 0xfa, 0x94, 0xfa, 0x94, 0xfa, 0x94, 0xfa, 0x94, 0xfa, 0x94, 0xfa,
  0x94, 0xfa, 0x94, 0xfa, 0x94, 0xfa, 0x94, 0xfa, 0x94, 0xfa, 0x94, 0xfa, 0x94, 0xfa, 0x94, 0xfa,
  0x94, 0xfa, 0x94, 0xfa, 0x94, 0xfa, 0x94, 0xfa, 0x94, 0xfa, 0x94, 0xfa, 0x94, 0xfa, 0x94, 0xfa,
  0x94, 0xfa, 0x94, 0xfa, 0x94, 0xfa, 0x94, 0xfa, 0x94, 0xfa, 0x94, 0xfa, 0x94, 0xfa, 0x94, 0xfa,
  0x94, 0xfa, 0x94, 0xfa, 0x94, 0xfa, 0x54, 0xfa, 0x37, 0xd4, 0x1e, 0x4f, 0x7e, 0x07, 0xd3, 0x04,
  0x00, 0x00, 0x22, 0x00, 0x01, 0x00, 0x25, 0x18, 0x19, 0xc0, 0x9e, 0xf8, 0x17, 0xfa, 0x94, 0xfa,
  0x94, 0xfa, 0x94, 0xfa, 0x94, 0xfa, 0x94, 0xfa, 0x94, 0xfa, 0x94, 0xfa, 0x94, 0xfa, 0x94, 0xfa,
  0x94, 0xfa, 0x94, 0xfa, 0x94, 0xfa, 0x94, 0xfa, 0x94, 0xfa, 0x94, 0xfa, 0x94, 0xfa, 0x94, 0xfa,
  0x94, 0xfa, 0x94, 0xfa, 0x94, 0xfa, 0x94, 0xfa, 0x94, 0xfa, 0x94, 0xfa, 0x94, 0xfa, 0x94, 0xfa,
  0x94, 0xfa, 0x94, 0xfa, 0x94, 0xfa, 0x94, 0xfa, 0x74, 0xfa, 0x35, 0xe3, 0x5c, 0x7e, 0xdb, 0x06,
  0x4a, 0x02, 0x00, 0x00, 0x22, 0x00, 0x02, 0x00, 0x02, 0x00, 0x02, 0x00, 0x02, 0x00, 0x02, 0x00,
  0x02, 0x00, 0x00, 0x00, 0x17, 0xb0, 0x1f, 0xf8, 0x19, 0xfa, 0x94, 0xfa, 0x94, 0xfa, 0x94, 0xfa,
  0x94, 0xfa, 0x94, 0xfa, 0x94, 0xfa, 0x94, 0xfa, 0x94, 0xfa, 0x94, 0xfa, 0x94, 0xfa, 0x94, 0xfa,
  0x94, 0xfa, 0x94, 0xfa, 0x94, 0xfa, 0x94, 0xfa, 0x94, 0xfa, 0x94, 0xfa, 0x94, 0xfa, 0x94, 0xfa,
  0x94, 0xfa, 0x94, 0xfa, 0x94, 0xfa, 0x94, 0xfa, 0x94, 0xfa, 0x94, 0xfa, 0x94, 0xfa, 0x94, 0xfa,
  0x94, 0xfa, 0x94, 0xfa, 0x74, 0xfa, 0x54, 0xfa, 0x5b, 0xae, 0x3d, 0x07, 0x31, 0x04, 0x00, 0x00,
  0x02, 0x00, 0x02, 0x00, 0x02, 0x00, 0x02, 0x00, 0x02, 0x00, 0x02, 0x00, 0x02, 0x08, 0x01, 0x08,
  0x0f, 0x78, 0x3e, 0xf0, 0x7a, 0xf9, 0x94, 0xfa, 0x94, 0xfa, 0x94, 0xfa, 0x94, 0xfa, 0x94, 0xfa,
  0x94, 0xfa, 0x94, 0xfa, 0x94, 0xfa, 0x94, 0xfa, 0x94, 0xfa, 0x94, 0xfa, 0x94, 0xfa, 0x94, 0xfa,
  0x74, 0xfa, 0x55, 0xeb, 0x5c, 0x6e, 0x1f, 0x67, 0xbc, 0xd2, 0x15, 0xfa, 0xb4, 0xfa, 0x74, 0xfa,
  0x94, 0xfa, 0x94, 0xfa, 0x94, 0xfa, 0x94, 0xfa, 0x94, 0xfa, 0x94, 0xfa, 0x94, 0xfa, 0x94, 0xfa,
  0x94, 0xfa, 0x94, 0xfa, 0x94, 0xfa, 0x94, 0xfa, 0x94, 0xfa, 0x94, 0xfa, 0x94, 0xfa, 0x94, 0xfa,
  0x94, 0xfa, 0x94, 0xfa, 0x94, 0xfa, 0x94, 0xfa, 0x74, 0xfa, 0x76, 0xe3, 0x9f, 0x57, 0x9a, 0x06,
  0x13, 0x98, 0x7f, 0xf8, 0xb8, 0xf9, 0x94, 0xfa, 0x74, 0xfa, 0x94, 0xfa, 0x94, 0xfa, 0x94, 0xfa,
  0x94, 0xfa, 0x94, 0xfa, 0x94, 0xfa, 0x94, 0xfa, 0x94, 0xfa, 0x94, 0xfa, 0x94, 0xfa, 0x94, 0xfa,
  0x94, 0xfa, 0x94, 0xfa, 0x94, 0xfa, 0x94, 0xfa, 0x94, 0xfa, 0x94, 0xfa, 0x94, 0xfa, 0x94, 0xfa,
  0x94, 0xfa, 0x94, 0xfa, 0x94, 0xfa, 0x94, 0xfa, 0x94, 0xfa, 0x94, 0xfa, 0x94, 0xfa, 0x94, 0xfa,
  0x94, 0xfa, 0x94, 0xfa, 0x94, 0xfa, 0x74, 0xfa, 0x94, 0xfa, 0x94, 0xfa, 0x94, 0xfa, 0x94, 0xfa,
  0x94, 0xfa, 0x94, 0xfa, 0x94, 0xfa, 0x94, 0xfa, 0x94, 0xfa, 0x94, 0xfa, 0x94, 0xfa, 0x94, 0xfa,
  0x94, 0xfa, 0x94, 0xfa, 0x74, 0xfa, 0x94, 0xfa, 0x7a, 0xb5, 0xbf, 0x07, 0x76, 0x05, 0x00, 0x00,
  0x02, 0x00, 0x22, 0x00, 0x00, 0x00, 0x0e, 0x68, 0x1b, 0xd8, 0x5c, 0xf9, 0x55, 0xfa, 0x94, 0xfa,
  0x94, 0xfa, 0x94, 0xfa, 0x94, 0xfa, 0x94, 0xfa, 0x94, 0xfa, 0x94, 0xfa, 0x94, 0xfa, 0x94, 0xfa,
  0x94, 0xfa, 0x94, 0xfa, 0x94, 0xfa, 0x94, 0xfa, 0x94, 0xfa, 0x94, 0xfa, 0x94, 0xfa, 0x94, 0xfa,
  0x74, 0xfa, 0x74, 0xfa, 0x74, 0xfa, 0x74, 0xfa, 0x74, 0xfa, 0x74, 0xfa, 0x74, 0xfa, 0x74, 0xfa,
  0x74, 0xfa, 0x74, 0xfa, 0x74, 0xfa, 0x74, 0xfa, 0x54, 0xfa, 0x78, 0xdc, 0x5b, 0x26, 0x92, 0x04,
  0x00, 0x00, 0x22, 0x00, 0x02, 0x00, 0x02, 0x00, 0x02, 0x00, 0x02, 0x00, 0x02, 0x00, 0x02, 0x00,
  0x00, 0x00, 0x27, 0x30, 0x1b, 0xd8, 0xdd, 0xf8, 0x56, 0xfa, 0x94, 0xfa, 0x94, 0xfa, 0x94, 0xfa,
  0x94, 0xfa, 0x94, 0xfa, 0x94, 0xfa, 0x94, 0xfa, 0x94, 0xfa, 0x94, 0xfa, 0x94, 0xfa, 0x94, 0xfa,
  0x94, 0xfa, 0x94, 0xfa, 0x94, 0xfa, 0x74, 0xfa, 0x54, 0xfa, 0x74, 0xfa, 0x94, 0xfa, 0x94, 0xfa,
  0x94, 0xfa, 0x94, 0xfa, 0x94, 0xfa, 0x94, 0xfa, 0x94, 0xfa, 0x94, 0xfa, 0x94, 0xfa, 0x94, 0xfa,
  0x94, 0xfa, 0x94, 0xfa, 0x94, 0xfa, 0x94, 0xfa, 0x94, 0xfa, 0x94, 0xfa, 0x94, 0xfa, 0x94, 0xfa,
  0x94, 0xfa, 0x94, 0xfa, 0x94, 0xfa, 0x94, 0xfa, 0x94, 0xfa, 0x54, 0xfa, 0xb6, 0xd3, 0x7e, 0x5f,
  0xfc, 0x06, 0x0c, 0x03, 0x01, 0x00, 0x22, 0x00, 0x02, 0x10, 0x0d, 0x60, 0x1b, 0xd8, 0x1f, 0xf8,
  0x5f, 0xf8, 0x5c, 0xf9, 0x17, 0xfa, 0x74, 0xfa, 0x94, 0xfa, 0x94, 0xfa, 0x94, 0xfa, 0x74, 0xfa,
  0x74, 0xfa, 0x94, 0xfa, 0x94, 0xfa, 0x94, 0xfa, 0x94, 0xfa, 0x94, 0xfa, 0x94, 0xfa, 0x94, 0xfa,
  0x94, 0xfa, 0x94, 0xfa, 0x94, 0xfa, 0x94, 0xfa, 0x94, 0xfa, 0x94, 0xfa, 0x94, 0xfa, 0x94, 0xfa,
  0x94, 0xfa, 0x94, 0xfa, 0x94, 0xfa, 0x94, 0xfa, 0x94, 0xfa, 0x94, 0xfa, 0x94, 0xfa, 0x94, 0xfa,
  0x94, 0xfa, 0x94, 0xfa, 0x94, 0xfa, 0x94, 0xfa, 0xd5, 0xfa, 0x7c, 0x76, 0xbf, 0x17, 0x8f, 0x03,
  0xa3, 0x08, 0x25, 0x20, 0x32, 0x88, 0x7f, 0xf8, 0xb9, 0xf9, 0xb4, 0xfa, 0x74, 0xfa, 0x94, 0xfa,
  0x94, 0xfa, 0x94, 0xfa, 0x94, 0xfa, 0x94, 0xfa, 0x94, 0xfa, 0x94, 0xfa, 0x94, 0xfa, 0x94, 0xfa,
  0x94, 0xfa, 0x94, 0xfa, 0x74, 0xfa, 0x54, 0xfa, 0x5b, 0xae, 0x7e, 0x07, 0x92, 0x04, 0x00, 0x00,
  0x02, 0x00, 0x02, 0x00, 0x02, 0x00, 0x02, 0x00, 0x02, 0x00, 0x02, 0x00, 0x02, 0x00, 0x02, 0x00,
  0x02, 0x00, 0x02, 0x00, 0x02, 0x00, 0x02, 0x00, 0x02, 0x00, 0x02, 0x00, 0x02, 0x00, 0x02, 0x00,
  0x02, 0x00, 0x02, 0x00, 0x02, 0x00, 0x02, 0x00, 0x02, 0x00, 0x02, 0x00, 0x01, 0x00, 0x11, 0x80,
  0x3f, 0xf8, 0x7b, 0xf9, 0x94, 0xfa, 0x94, 0xfa, 0x94, 0xfa, 0x94, 0xfa, 0x94, 0xfa, 0x94, 0xfa,
  0x94, 0xfa, 0x94, 0xfa, 0x94, 0xfa, 0x94, 0xfa, 0x94, 0xfa, 0x94, 0xfa, 0x94, 0xfa, 0x94, 0xfa,
  0x94, 0xfa, 0x94, 0xfa, 0x94, 0xfa, 0x94, 0xfa, 0x94, 0xfa, 0x94, 0xfa, 0x94, 0xfa, 0x94, 0xfa,
  0x94, 0xfa, 0x94, 0xfa, 0x94, 0xfa, 0x94, 0xfa, 0x94, 0xfa, 0x94, 0xfa, 0x94, 0xfa, 0x94, 0xfa,
  0x94, 0xfa, 0x94, 0xfa, 0x94, 0xfa, 0x94, 0xfa, 0x94, 0xfa, 0x94, 0xfa, 0x94, 0xfa, 0x94, 0xfa,
  0x94, 0xfa, 0x94, 0xfa, 0x94, 0xfa, 0x74, 0xfa, 0xf5, 0xf2, 0xfb, 0x9d, 0xff, 0x07, 0x18, 0x06,
  0x00, 0x00, 0x01, 0x00, 0x21, 0x00, 0x25, 0x18, 0x19, 0xc0, 0x9e, 0xf8, 0x17, 0xfa, 0x94, 0xfa,
  0x94, 0xfa, 0x94, 0xfa, 0x94, 0xfa, 0x94, 0xfa, 0x94, 0xfa, 0x94, 0xfa, 0x94, 0xfa, 0x94, 0xfa,
  0x94, 0xfa, 0x94, 0xfa, 0x94, 0xfa, 0x94, 0xfa, 0x94, 0xfa, 0x94, 0xfa, 0x94, 0xfa, 0x94, 0xfa,
  0x74, 0xfa, 0x74, 0xfa, 0x74, 0xfa, 0x74, 0xfa, 0x74, 0xfa, 0x74, 0xfa, 0x74, 0xfa, 0x74, 0xfa,
  0x74, 0xfa, 0x74, 0xfa, 0x74, 0xfa, 0x94, 0xfa, 0x74, 0xfa, 0x56, 0xe3, 0xda, 0x75, 0x96, 0x05,
  0xe5, 0x00, 0x01, 0x00, 0x22, 0x00, 0x02, 0x00, 0x02, 0x00, 0x02, 0x00, 0x02, 0x00, 0x02, 0x00,
  0x02, 0x00, 0x00, 0x00, 0x17, 0xb0, 0x1f, 0xf8, 0x19, 0xfa, 0x94, 0xfa, 0x94, 0xfa, 0x94, 0xfa,
  0x94, 0xfa, 0x94, 0xfa, 0x94, 0xfa, 0x94, 0xfa, 0x94, 0xfa, 0x94, 0xfa, 0x94, 0xfa, 0x94, 0xfa,
  0x94, 0xfa, 0x94, 0xfa, 0x94, 0xfa, 0x94, 0xfa, 0x94, 0xfa, 0x94, 0xfa, 0x94, 0xfa, 0x74, 0xfa,
  0x74, 0xfa, 0x74, 0xfa, 0x74, 0xfa, 0x74, 0xfa, 0x74, 0xfa, 0x74, 0xfa, 0x74, 0xfa, 0x74, 0xfa,
  0x74, 0xfa, 0x94, 0xfa, 0x74, 0xfa, 0x94, 0xfa, 0xda, 0xad, 0xf8, 0x05, 0x8b, 0x02, 0x00, 0x00,
  0x22, 0x00, 0x02, 0x00, 0x02, 0x00, 0x02, 0x00, 0x02, 0x00, 0x02, 0x00, 0x02, 0x08, 0x01, 0x08,
  0x0f, 0x78, 0x3e, 0xf0, 0x7a, 0xf9, 0x94, 0xfa, 0x94, 0xfa, 0x94, 0xfa, 0x94, 0xfa, 0x94, 0xfa,
  0x94, 0xfa, 0x94, 0xfa, 0x94, 0xfa, 0x94, 0xfa, 0x94, 0xfa, 0x94, 0xfa, 0x94, 0xfa, 0x94, 0xfa,
  0x74, 0xfa, 0x55, 0xeb, 0x5c, 0x6e, 0x1f, 0x5f, 0x3f, 0xca, 0x7b, 0xf9, 0x75, 0xfa, 0x94, 0xfa,
  0x94, 0xfa, 0x94, 0xfa, 0x94, 0xfa, 0x94, 0xfa, 0x94, 0xfa, 0x94, 0xfa, 0x94, 0xfa, 0x94, 0xfa,
  0x94, 0xfa, 0x94, 0xfa, 0x94, 0xfa, 0x94, 0xfa, 0x94, 0xfa, 0x94, 0xfa, 0x94, 0xfa, 0x94, 0xfa,
  0x94, 0xfa, 0x94, 0xfa, 0x94, 0xfa, 0x94, 0xfa, 0x74, 0xfa, 0x76, 0xe3, 0x9f, 0x57, 0x9a, 0x06,
  0x13, 0x98, 0x7f, 0xf8, 0xb8, 0xf9, 0x94, 0xfa, 0x74, 0xfa, 0x94, 0xfa, 0x94, 0xfa, 0x94, 0xfa,
  0x94, 0xfa, 0x94, 0xfa, 0x94, 0xfa, 0x94, 0xfa, 0x94, 0xfa, 0x94, 0xfa, 0x94, 0xfa, 0x94, 0xfa,
  0x94, 0xfa, 0x94, 0xfa, 0x74, 0xfa, 0x94, 0xfa, 0x94, 0xfa, 0x94, 0xfa, 0x94, 0xfa, 0x94, 0xfa,
  0x94, 0xfa, 0x94, 0xfa, 0x94, 0xfa, 0x94, 0xfa, 0x94, 0xfa, 0x94, 0xfa, 0x94, 0xfa, 0x94, 0xfa,
  0x94, 0xfa, 0x94, 0xfa, 0x94, 0xfa, 0x94, 0xfa, 0x74, 0xfa, 0x74, 0xfa, 0x94, 0xfa, 0x94, 0xfa,
  0x94, 0xfa, 0x94, 0xfa, 0x94, 0xfa, 0x94, 0xfa, 0x94, 0xfa, 0x94, 0xfa, 0x94, 0xfa, 0x94, 0xfa,
  0x94, 0xfa, 0x94, 0xfa, 0x74, 0xfa, 0x94, 0xfa, 0x7a, 0xb5, 0xbe, 0x07, 0x55, 0x05, 0x00, 0x00,
  0x02, 0x00, 0x22, 0x00, 0x00, 0x00, 0x0e, 0x68, 0x1b, 0xd8, 0x5c, 0xf9, 0x55, 0xfa, 0x94, 0xfa,
  0x94, 0xfa, 0x94, 0xfa, 0x94, 0xfa, 0x94, 0xfa, 0x94, 0xfa, 0x94, 0xfa, 0x94, 0xfa, 0x94, 0xfa,
  0x94, 0xfa, 0x94, 0xfa, 0x94, 0xfa, 0x94, 0xfa, 0x94, 0xfa, 0x74, 0xfa, 0x34, 0xfa, 0x74, 0xfa,
  0x94, 0xfa, 0x94, 0xfa, 0x94, 0xfa, 0x94, 0xfa, 0x94, 0xfa, 0x94, 0xfa, 0x94, 0xfa, 0x94, 0xfa,
  0x94, 0xfa, 0x94, 0xfa, 0x94, 0xfa, 0x94, 0xfa, 0x94, 0xfa, 0x33, 0xc3, 0xb0, 0x03, 0x66, 0x01,
  0x01, 0x00, 0x22, 0x00, 0x02, 0x00, 0x02, 0x00, 0x02, 0x00, 0x02, 0x00, 0x02, 0x00, 0x02, 0x00,
  0x00, 0x00, 0x27, 0x30, 0x1b, 0xd8, 0xdd, 0xf8, 0x56, 0xfa, 0x94, 0xfa, 0x94, 0xfa, 0x94, 0xfa,
  0x94, 0xfa, 0x94, 0xfa, 0x94, 0xfa, 0x94, 0xfa, 0x94, 0xfa, 0x94, 0xfa, 0x94, 0xfa, 0x94, 0xfa,
  0x94, 0xfa, 0x94, 0xfa, 0x74, 0xfa, 0xd5, 0xfa, 0xb6, 0xd3, 0x36, 0xe3, 0x36, 0xfa, 0x36, 0xfa,
  0x36, 0xfa, 0x36, 0xfa, 0x36, 0xfa, 0x36, 0xfa, 0x36, 0xfa, 0x36, 0xfa, 0x75, 0xfa, 0x94, 0xfa,
  0x94, 0xfa, 0x94, 0xfa, 0x94, 0xfa, 0x94, 0xfa, 0x94, 0xfa, 0x94, 0xfa, 0x94, 0xfa, 0x94, 0xfa,
  0x94, 0xfa, 0x94, 0xfa, 0x94, 0xfa, 0x94, 0xfa, 0x94, 0xfa, 0x74, 0xfa, 0x15, 0xeb, 0x3e, 0x77,
  0x7e, 0x07, 0x6e, 0x03, 0x00, 0x00, 0x22, 0x00, 0x02, 0x00, 0x04, 0x18, 0x11, 0x80, 0x1b, 0xd8,
  0x1f, 0xf8, 0x1f, 0xf8, 0xde, 0xf8, 0x9b, 0xf9, 0x17, 0xfa, 0x55, 0xfa, 0x94, 0xfa, 0x94, 0xfa,
  0x94, 0xfa, 0x94, 0xfa, 0x94, 0xfa, 0x94, 0xfa, 0x94, 0xfa, 0x74, 0xfa, 0x74, 0xfa, 0x94, 0xfa,
  0x94, 0xfa, 0x94, 0xfa, 0x94, 0xfa, 0x94, 0xfa, 0x94, 0xfa, 0x94, 0xfa, 0x94, 0xfa, 0x94, 0xfa,
  0x94, 0xfa, 0x94, 0xfa, 0x94, 0xfa, 0x94, 0xfa, 0x94, 0xfa, 0x94, 0xfa, 0x94, 0xfa, 0x94, 0xfa,
  0x94, 0xfa, 0x94, 0xfa, 0x94, 0xfa, 0x94, 0xfa, 0xb4, 0xfa, 0x1b, 0x7e, 0xbf, 0x1f, 0xaf, 0x03,
  0xa3, 0x08, 0x25, 0x20, 0x32, 0x88, 0x7f, 0xf8, 0xb9, 0xf9, 0xb4, 0xfa, 0x74, 0xfa, 0x94, 0xfa,
  0x94, 0xfa, 0x94, 0xfa, 0x94, 0xfa, 0x94, 0xfa, 0x94, 0xfa, 0x94, 0xfa, 0x94, 0xfa, 0x94, 0xfa,
  0x94, 0xfa, 0x94, 0xfa, 0x74, 0xfa, 0x54, 0xfa, 0x5b, 0xae, 0x7e, 0x07, 0x92, 0x04, 0x00, 0x00,
  0x02, 0x00, 0x02, 0x00, 0x02, 0x00, 0x02, 0x00, 0x02, 0x00, 0x02, 0x00, 0x02, 0x00, 0x02, 0x00,
  0x02, 0x00, 0x02, 0x00, 0x02, 0x00, 0x02, 0x00, 0x02, 0x00, 0x02, 0x00, 0x02, 0x00, 0x02, 0x00,
  0x02, 0x00, 0x02, 0x00, 0x02, 0x00, 0x02, 0x00, 0x02, 0x00, 0x02, 0x00, 0x01, 0x00, 0x11, 0x80,
  0x3f, 0xf8, 0x7b, 0xf9, 0x94, 0xfa, 0x94, 0xfa, 0x94, 0xfa, 0x94, 0xfa, 0x94, 0xfa, 0x94, 0xfa,
  0x94, 0xfa, 0x94, 0xfa, 0x94, 0xfa, 0x94, 0xfa, 0x94, 0xfa, 0x94, 0xfa, 0x94, 0xfa, 0x94, 0xfa,
  0x94, 0xfa, 0x94, 0xfa, 0x94, 0xfa, 0x94, 0xfa, 0x94, 0xfa, 0x94, 0xfa, 0x94, 0xfa, 0x94, 0xfa,
  0x94, 0xfa, 0x94, 0xfa, 0x94, 0xfa, 0x94, 0xfa, 0x94, 0xfa, 0x94, 0xfa, 0x94, 0xfa, 0x94, 0xfa,
  0x94, 0xfa, 0x94, 0xfa, 0x94, 0xfa, 0x94, 0xfa, 0x94, 0xfa, 0x94, 0xfa, 0x94, 0xfa, 0x94, 0xfa,
  0x94, 0xfa, 0x94, 0xfa, 0x94, 0xfa, 0x74, 0xfa, 0x74, 0xfa, 0x19, 0xcd, 0xdf, 0x07, 0x9a, 0x06,
  0xe5, 0x00, 0x01, 0x00, 0x21, 0x00, 0x05, 0x18, 0x19, 0xc0, 0x9e, 0xf8, 0x17, 0xfa, 0x94, 0xfa,
  0x94, 0xfa, 0x94, 0xfa, 0x94, 0xfa, 0x94, 0xfa, 0x94, 0xfa, 0x94, 0xfa, 0x94, 0xfa, 0x94, 0xfa,
  0x94, 0xfa, 0x94, 0xfa, 0x94, 0xfa, 0x94, 0xfa, 0x94, 0xfa, 0x74, 0xfa, 0x54, 0xfa, 0x54, 0xfa,
  0x94, 0xfa, 0x94, 0xfa, 0x94, 0xfa, 0x94, 0xfa, 0x94, 0xfa, 0x94, 0xfa, 0x94, 0xfa, 0x94, 0xfa,
  0x94, 0xfa, 0x94, 0xfa, 0x94, 0xfa, 0xb4, 0xfa, 0x94, 0xfa, 0xd4, 0xe2, 0x91, 0x53, 0xeb, 0x02,
  0x00, 0x00, 0x02, 0x00, 0x02, 0x00, 0x02, 0x00, 0x02, 0x00, 0x02, 0x00, 0x02, 0x00, 0x02, 0x00,
  0x02, 0x00, 0x00, 0x00, 0x17, 0xb0, 0x1f, 0xf8, 0x19, 0xfa, 0x94, 0xfa, 0x94, 0xfa, 0x94, 0xfa,
  0x94, 0xfa, 0x94, 0xfa, 0x94, 0xfa, 0x94, 0xfa, 0x94, 0xfa, 0x94, 0xfa, 0x94, 0xfa, 0x94, 0xfa,
  0x94, 0xfa, 0x94, 0xfa, 0x94, 0xfa, 0x74, 0xfa, 0x54, 0xfa, 0x54, 0xfa, 0x94, 0xfa, 0x94, 0xfa,
  0x94, 0xfa, 0x94, 0xfa, 0x94, 0xfa, 0x94, 0xfa, 0x94, 0xfa, 0x94, 0xfa, 0x94, 0xfa, 0x94, 0xfa,
  0x94, 0xfa, 0x94, 0xfa, 0x94, 0xfa, 0x74, 0xea, 0xb2, 0x8b, 0x2d, 0x03, 0x01, 0x00, 0x02, 0x00,
  0x02, 0x00, 0x02, 0x00, 0x02, 0x00, 0x02, 0x00, 0x02, 0x00, 0x02, 0x00, 0x02, 0x08, 0x01, 0x08,
  0x0f, 0x78, 0x3e, 0xf0, 0x7a, 0xf9, 0x94, 0xfa, 0x94, 0xfa, 0x94, 0xfa, 0x94, 0xfa, 0x94, 0xfa,
  0x94, 0xfa, 0x94, 0xfa, 0x94, 0xfa, 0x94, 0xfa, 0x94, 0xfa, 0x94, 0xfa, 0x94, 0xfa, 0x94, 0xfa,
  0x74, 0xfa, 0x55, 0xeb, 0x5c, 0x6e, 0x1f, 0x67, 0x3f, 0xca, 0x9f, 0xf8, 0xd9, 0xf9, 0x74, 0xfa,
  0x94, 0xfa, 0x94, 0xfa, 0x94, 0xfa, 0x94, 0xfa, 0x94, 0xfa, 0x94, 0xfa, 0x94, 0xfa, 0x94, 0xfa,
  0x94, 0xfa, 0x94, 0xfa, 0x94, 0xfa, 0x94, 0xfa, 0x94, 0xfa, 0x94, 0xfa, 0x94, 0xfa, 0x94, 0xfa,
  0x94, 0xfa, 0x94, 0xfa, 0x94, 0xfa, 0x94, 0xfa, 0x74, 0xfa, 0x76, 0xe3, 0x9f, 0x57, 0x9a, 0x06,
  0x13, 0x98, 0x7f, 0xf8, 0xb8, 0xf9, 0x94, 0xfa, 0x74, 0xfa, 0x94, 0xfa, 0x94, 0xfa, 0x94, 0xfa,
  0x94, 0xfa, 0x94, 0xfa, 0x94, 0xfa, 0x94, 0xfa, 0x94, 0xfa, 0x94, 0xfa, 0x94, 0xfa, 0x94, 0xfa,
  0x94, 0xfa, 0x94, 0xfa, 0x94, 0xfa, 0x94, 0xfa, 0x94, 0xfa, 0x94, 0xfa, 0x94, 0xfa, 0x94, 0xfa,
  0x94, 0xfa, 0x94, 0xfa, 0x94, 0xfa, 0x94, 0xfa, 0x94, 0xfa, 0x94, 0xfa, 0x94, 0xfa, 0x94, 0xfa,
  0x94, 0xfa, 0x94, 0xfa, 0x94, 0xfa, 0x94, 0xfa, 0x94, 0xfa, 0x94, 0xfa, 0x94, 0xfa, 0x94, 0xfa,
  0x94, 0xfa, 0x94, 0xfa, 0x94, 0xfa, 0x94, 0xfa, 0x94, 0xfa, 0x94, 0xfa, 0x94, 0xfa, 0x94, 0xfa,
  0x94, 0xfa, 0x94, 0xfa, 0x74, 0xfa, 0x94, 0xf2, 0x9a, 0xb5, 0x9e, 0x07, 0x14, 0x05, 0x00, 0x00,
  0x02, 0x00, 0x22, 0x00, 0x00, 0x00, 0x0e, 0x68, 0x1b, 0xd8, 0x5c, 0xf9, 0x55, 0xfa, 0x94, 0xfa,
  0x94, 0xfa, 0x94, 0xfa, 0x94, 0xfa, 0x94, 0xfa, 0x94, 0xfa, 0x94, 0xfa, 0x94, 0xfa, 0x94, 0xfa,
  0x94, 0xfa, 0x94, 0xfa, 0x94, 0xfa, 0x94, 0xfa, 0x74, 0xfa, 0x36, 0xe3, 0x17, 0xcc, 0xd7, 0xea,
  0x17, 0xfa, 0x17, 0xfa, 0x17, 0xfa, 0x17, 0xfa, 0x17, 0xfa, 0x17, 0xfa, 0x17, 0xfa, 0x17, 0xfa,
  0x17, 0xfa, 0x17, 0xfa, 0x17, 0xfa, 0x16, 0xf2, 0xd0, 0xc1, 0xe9, 0x70, 0x00, 0x00, 0x01, 0x00,
  0x02, 0x00, 0x02, 0x00, 0x02, 0x00, 0x02, 0x00, 0x02, 0x00, 0x02, 0x00, 0x02, 0x00, 0x02, 0x00,
  0x00, 0x00, 0x27, 0x30, 0x1b, 0xd8, 0xdd, 0xf8, 0x56, 0xfa, 0x94, 0xfa, 0x94, 0xfa, 0x94, 0xfa,
  0x94, 0xfa, 0x94, 0xfa, 0x94, 0xfa, 0x94, 0xfa, 0x94, 0xfa, 0x94, 0xfa, 0x94, 0xfa, 0x94, 0xfa,
  0x94, 0xfa, 0x94, 0xfa, 0x74, 0xfa, 0xd6, 0xe3, 0xbd, 0x76, 0x3d, 0x9d, 0x5d, 0xf9, 0xfd, 0xf8,
  0xfd, 0xf8, 0xfd, 0xf8, 0xfd, 0xf8, 0xfd, 0xf8, 0xfd, 0xf8, 0x1d, 0xf9, 0x9b, 0xf9, 0x36, 0xfa,
  0x94, 0xfa, 0x94, 0xfa, 0x94, 0xfa, 0x94, 0xfa, 0x94, 0xfa, 0x94, 0xfa, 0x94, 0xfa, 0x94, 0xfa,
  0x94, 0xfa, 0x94, 0xfa, 0x94, 0xfa, 0x94, 0xfa, 0x94, 0xfa, 0x74, 0xfa, 0xb5, 0xfa, 0xfd, 0x86,
  0xbe, 0x07, 0xaf, 0x03, 0x00, 0x00, 0x22, 0x00, 0x02, 0x00, 0x01, 0x00, 0x03, 0x10, 0x0f, 0x78,
  0x18, 0xc0, 0x1e, 0xf0, 0x1f, 0xf8, 0x3f, 0xf8, 0xde, 0xf8, 0x5c, 0xf9, 0xba, 0xf9, 0xf8, 0xf9,
  0x36, 0xfa, 0x55, 0xfa, 0x75, 0xfa, 0x94, 0xfa, 0x94, 0xfa, 0x94, 0xfa, 0x94, 0xfa, 0x94, 0xfa,
  0x94, 0xfa, 0x94, 0xfa, 0x94, 0xfa, 0x94, 0xfa, 0x94, 0xfa, 0x94, 0xfa, 0x94, 0xfa, 0x94, 0xfa,
  0x94, 0xfa, 0x94, 0xfa, 0x94, 0xfa, 0x94, 0xfa, 0x94, 0xfa, 0x94, 0xfa, 0x94, 0xfa, 0x94, 0xfa,
  0x94, 0xfa, 0x94, 0xfa, 0x94, 0xfa, 0x94, 0xfa, 0xb4, 0xfa, 0xfb, 0x7d, 0xbf, 0x1f, 0xaf, 0x03,
  0xa3, 0x08, 0x25, 0x20, 0x32, 0x88, 0x7f, 0xf8, 0xb9, 0xf9, 0xb4, 0xfa, 0x74, 0xfa, 0x94, 0xfa,
  0x94, 0xfa, 0x94, 0xfa, 0x94, 0xfa, 0x94, 0xfa, 0x94, 0xfa, 0x94, 0xfa, 0x94, 0xfa, 0x94, 0xfa,
  0x94, 0xfa, 0x94, 0xfa, 0x74, 0xfa, 0x54, 0xfa, 0x5b, 0xae, 0x7e, 0x07, 0x92, 0x04, 0x00, 0x00,
  0x02, 0x00, 0x02, 0x00, 0x02, 0x00, 0x02, 0x00, 0x02, 0x00, 0x02, 0x00, 0x02, 0x00, 0x02, 0x00,
  0x02, 0x00, 0x02, 0x00, 0x02, 0x00, 0x02, 0x00, 0x02, 0x00, 0x02, 0x00, 0x02, 0x00, 0x02, 0x00,
  0x02, 0x00, 0x02, 0x00, 0x02, 0x00, 0x02, 0x00, 0x02, 0x00, 0x02, 0x00, 0x01, 0x00, 0x11, 0x80,
  0x3f, 0xf8, 0x7b, 0xf9, 0x94, 0xfa, 0x94, 0xfa, 0x94, 0xfa, 0x94, 0xfa, 0x94, 0xfa, 0x94, 0xfa,
  0x94, 0xfa, 0x94, 0xfa, 0x94, 0xfa, 0x94, 0xfa, 0x94, 0xfa, 0x94, 0xfa, 0x94, 0xfa, 0x94, 0xfa,
  0x94, 0xfa, 0x94, 0xfa, 0x94, 0xfa, 0x94, 0xfa, 0x94, 0xfa, 0x94, 0xfa, 0x94, 0xfa, 0x94, 0xfa,
  0x94, 0xfa, 0x94, 0xfa, 0x94, 0xfa, 0x94, 0xfa, 0x94, 0xfa, 0x94, 0xfa, 0x94, 0xfa, 0x94, 0xfa,
  0x94, 0xfa, 0x94, 0xfa, 0x94, 0xfa, 0x94, 0xfa, 0x94, 0xfa, 0x94, 0xfa, 0x94, 0xfa, 0x94, 0xfa,
  0x94, 0xfa, 0x94, 0xfa, 0x94, 0xfa, 0x94, 0xfa, 0x54, 0xfa, 0x57, 0xdc, 0x3e, 0x37, 0xbb, 0x06,
  0xa8, 0x01, 0x00, 0x00, 0x21, 0x00, 0x05, 0x18, 0x19, 0xc0, 0x9e, 0xf8, 0x17, 0xfa, 0x94, 0xfa,
  0x94, 0xfa, 0x94, 0xfa, 0x94, 0xfa, 0x94, 0xfa, 0x94, 0xfa, 0x94, 0xfa, 0x94, 0xfa, 0x94, 0xfa,
  0x94, 0xfa, 0x94, 0xfa, 0x94, 0xfa, 0x94, 0xfa, 0x74, 0xfa, 0xd5, 0xf2, 0xf7, 0xd3, 0x57, 0xdb,
  0x37, 0xfa, 0x17, 0xfa, 0x17, 0xfa, 0x17, 0xfa, 0x17, 0xfa, 0x17, 0xfa, 0x17, 0xfa, 0x17, 0xfa,
  0x17, 0xfa, 0x17, 0xfa, 0x17, 0xfa, 0x17, 0xfa, 0xf3, 0xd9, 0x6c, 0x91, 0x01, 0x18, 0x00, 0x00,
  0x22, 0x00, 0x02, 0x00, 0x02, 0x00, 0x02, 0x00, 0x02, 0x00, 0x02, 0x00, 0x02, 0x00, 0x02, 0x00,
  0x02, 0x00, 0x00, 0x00, 0x17, 0xb0, 0x1f, 0xf8, 0x19, 0xfa, 0x94, 0xfa, 0x94, 0xfa, 0x94, 0xfa,
  0x94, 0xfa, 0x94, 0xfa, 0x94, 0xfa, 0x94, 0xfa, 0x94, 0xfa, 0x94, 0xfa, 0x94, 0xfa, 0x94, 0xfa,
  0x94, 0xfa, 0x94, 0xfa, 0x94, 0xfa, 0xb4, 0xfa, 0xb6, 0xd3, 0xd7, 0xd3, 0x57, 0xfa, 0x17, 0xfa,
  0x17, 0xfa, 0x17, 0xfa, 0x17, 0xfa, 0x17, 0xfa, 0x17, 0xfa, 0x17, 0xfa, 0x17, 0xfa, 0x17, 0xfa,
  0x17, 0xfa, 0x17, 0xfa, 0x15, 0xe2, 0x8d, 0x99, 0x05, 0x40, 0x00, 0x00, 0x02, 0x00, 0x02, 0x00,
  0x02, 0x00, 0x02, 0x00, 0x02, 0x00, 0x02, 0x00, 0x02, 0x00, 0x02, 0x00, 0x02, 0x08, 0x01, 0x08,
  0x0f, 0x78, 0x3e, 0xf0, 0x7a, 0xf9, 0x94, 0xfa, 0x94, 0xfa, 0x94, 0xfa, 0x94, 0xfa, 0x94, 0xfa,
  0x94, 0xfa, 0x94, 0xfa, 0x94, 0xfa, 0x94, 0xfa, 0x94, 0xfa, 0x94, 0xfa, 0x94, 0xfa, 0x94, 0xfa,
  0x74, 0xfa, 0x55, 0xeb, 0x5c, 0x6e, 0x1f, 0x57, 0x3e, 0xc2, 0x1f, 0xf8, 0xde, 0xf8, 0xf8, 0xf9,
  0x94, 0xfa, 0x94, 0xfa, 0x94, 0xfa, 0x94, 0xfa, 0x94, 0xfa, 0x94, 0xfa, 0x94, 0xfa, 0x94, 0xfa,
  0x94, 0xfa, 0x94, 0xfa, 0x94, 0xfa, 0x94, 0xfa, 0x94, 0xfa, 0x94, 0xfa, 0x94, 0xfa, 0x94, 0xfa,
  0x94, 0xfa, 0x94, 0xfa, 0x94, 0xfa, 0x94, 0xfa, 0x74, 0xfa, 0x76, 0xe3, 0x9f, 0x57, 0x9a, 0x06,
  0x13, 0x98, 0x5f, 0xf8, 0xb8, 0xf9, 0x94, 0xfa, 0x74, 0xfa, 0x94, 0xfa, 0x94, 0xfa, 0x94, 0xfa,
  0x94, 0xfa, 0x94, 0xfa, 0x94, 0xfa, 0x94, 0xfa, 0x94, 0xfa, 0x94, 0xfa, 0x94, 0xfa, 0x94, 0xfa,
  0x94, 0xfa, 0x94, 0xfa, 0x94, 0xfa, 0x94, 0xfa, 0x94, 0xfa, 0x94, 0xfa, 0x94, 0xfa, 0x94, 0xfa,
  0x94, 0xfa, 0x94, 0xfa, 0x94, 0xfa, 0x94, 0xfa, 0x94, 0xfa, 0x94, 0xfa, 0x94, 0xfa, 0x94, 0xfa,
  0x94, 0xfa, 0x94, 0xfa, 0x94, 0xfa, 0x94, 0xfa, 0x94, 0xfa, 0x94, 0xfa, 0x94, 0xfa, 0x94, 0xfa,
  0x94, 0xfa, 0x94, 0xfa, 0x94, 0xfa, 0x94, 0xfa, 0x94, 0xfa, 0x94, 0xfa, 0x94, 0xfa, 0x94, 0xfa,
  0x94, 0xfa, 0x94, 0xfa, 0x74, 0xfa, 0x94, 0xf2, 0x9a, 0xad, 0x7e, 0x07, 0xb3, 0x04, 0x00, 0x00,
  0x22, 0x00, 0x02, 0x00, 0x00, 0x00, 0x0e, 0x68, 0x1b, 0xd8, 0x5c, 0xf9, 0x55, 0xfa, 0x94, 0xfa,
  0x94, 0xfa, 0x94, 0xfa, 0x94, 0xfa, 0x94, 0xfa, 0x94, 0xfa, 0x94, 0xfa, 0x94, 0xfa, 0x94, 0xfa,
  0x94, 0xfa, 0x94, 0xfa, 0x94, 0xfa, 0x94, 0xfa, 0x74, 0xfa, 0xb9, 0xac, 0xdd, 0x66, 0x9e, 0xbb,
  0x1e, 0xf9, 0xde, 0xf8, 0xde, 0xf8, 0xde, 0xf8, 0xde, 0xf8, 0xde, 0xf8, 0xde, 0xf8, 0xde, 0xf8,
  0xde, 0xf8, 0xde, 0xf8, 0xdd, 0xf8, 0xd9, 0xd8, 0x88, 0x50, 0x00, 0x00, 0x02, 0x00, 0x22, 0x00,
  0x02, 0x00, 0x02, 0x00, 0x02, 0x00, 0x02, 0x00, 0x02, 0x00, 0x02, 0x00, 0x02, 0x00, 0x02, 0x00,
  0x00, 0x00, 0x27, 0x30, 0x1b, 0xd8, 0xdd, 0xf8, 0x56, 0xfa, 0x94, 0xfa, 0x94, 0xfa, 0x94, 0xfa,
  0x94, 0xfa, 0x94, 0xfa, 0x94, 0xfa, 0x94, 0xfa, 0x94, 0xfa, 0x94, 0xfa, 0x94, 0xfa, 0x94, 0xfa,
  0x94, 0xfa, 0x94, 0xfa, 0x74, 0xfa, 0x37, 0xdc, 0xbf, 0x2f, 0xfe, 0x65, 0xfa, 0xc8, 0x1a, 0xc8,
  0x1a, 0xc8, 0x1a, 0xc8, 0x1a, 0xc8, 0x1a, 0xd0, 0x1d, 0xe8, 0x1f, 0xf8, 0x3f, 0xf8, 0xba, 0xf9,
  0x94, 0xfa, 0x94, 0xfa, 0x94, 0xfa, 0x94, 0xfa, 0x94, 0xfa, 0x94, 0xfa, 0x94, 0xfa, 0x94, 0xfa,
  0x94, 0xfa, 0x94, 0xfa, 0x94, 0xfa, 0x94, 0xfa, 0x94, 0xfa, 0x74, 0xfa, 0x94, 0xfa, 0xbd, 0x86,
  0xbf, 0x07, 0xaf, 0x03, 0x00, 0x00, 0x22, 0x00, 0x02, 0x00, 0x02, 0x00, 0x01, 0x00, 0x00, 0x00,
  0x0a, 0x48, 0x13, 0x98, 0x18, 0xc0, 0x1d, 0xe8, 0x1f, 0xf8, 0x1f, 0xf8, 0x3f, 0xf8, 0x9e, 0xf8,
  0xfd, 0xf8, 0x3d, 0xf9, 0x7c, 0xf9, 0x9b, 0xf9, 0xb9, 0xf9, 0xd8, 0xf9, 0x17, 0xfa, 0x36, 0xfa,
  0x55, 0xfa, 0x75, 0xfa, 0x74, 0xfa, 0x94, 0xfa, 0x94, 0xfa, 0x94, 0xfa, 0x94, 0xfa, 0x94, 0xfa,
  0x94, 0xfa, 0x94, 0xfa, 0x94, 0xfa, 0x94, 0xfa, 0x94, 0xfa, 0x94, 0xfa, 0x94, 0xfa, 0x94, 0xfa,
  0x94, 0xfa, 0x94, 0xfa, 0x94, 0xfa, 0x94, 0xfa, 0xb4, 0xfa, 0xfb, 0x85, 0xbf, 0x1f, 0xaf, 0x03,
  0xa3, 0x08, 0x25, 0x20, 0x32, 0x88, 0x7f, 0xf8, 0xb9, 0xf9, 0xb4, 0xfa, 0x74, 0xfa, 0x94, 0xfa,
  0x94, 0xfa, 0x94, 0xfa, 0x94, 0xfa, 0x94, 0xfa, 0x94, 0xfa, 0x94, 0xfa, 0x94, 0xfa, 0x94, 0xfa,
  0x94, 0xfa, 0x94, 0xfa, 0x74, 0xfa, 0x54, 0xfa, 0x5b, 0xae, 0x7e, 0x07, 0x92, 0x04, 0x00, 0x00,
  0x02, 0x00, 0x02, 0x00, 0x02, 0x00, 0x02, 0x00, 0x02, 0x00, 0x02, 0x00, 0x02, 0x00, 0x02, 0x00,
  0x02, 0x00, 0x02, 0x00, 0x02, 0x00, 0x02, 0x00, 0x02, 0x00, 0x02, 0x00, 0x02, 0x00, 0x02, 0x00,
  0x02, 0x00, 0x02, 0x00, 0x02, 0x00, 0x02, 0x00, 0x02, 0x00, 0x02, 0x00, 0x01, 0x00, 0x11, 0x80,
  0x3f, 0xf8, 0x7b, 0xf9, 0x94, 0xfa, 0x94, 0xfa, 0x94, 0xfa, 0x94, 0xfa, 0x94, 0xfa, 0x94, 0xfa,
  0x94, 0xfa, 0x94, 0xfa, 0x94, 0xfa, 0x94, 0xfa, 0x94, 0xfa, 0x94, 0xfa, 0x94, 0xfa, 0x94, 0xfa,
  0x94, 0xfa, 0x94, 0xfa, 0x94, 0xfa, 0x94, 0xfa, 0x74, 0xfa, 0x74, 0xfa, 0x74, 0xfa, 0x74, 0xfa,
  0x74, 0xfa, 0x74, 0xfa, 0x74, 0xfa, 0x74, 0xfa, 0x94, 0xfa, 0x94, 0xfa, 0x94, 0xfa, 0x94, 0xfa,
  0x94, 0xfa, 0x94, 0xfa, 0x94, 0xfa, 0x94, 0xfa, 0x94, 0xfa, 0x94, 0xfa, 0x94, 0xfa, 0x94, 0xfa,
  0x94, 0xfa, 0x94, 0xfa, 0x94, 0xfa, 0x94, 0xfa, 0x74, 0xfa, 0xd6, 0xdb, 0xdd, 0x56, 0xbb, 0x06,
  0xe8, 0x01, 0x00, 0x00, 0x21, 0x00, 0x05, 0x18, 0x19, 0xc0, 0x9e, 0xf8, 0x17, 0xfa, 0x94, 0xfa,
  0x94, 0xfa, 0x94, 0xfa, 0x94, 0xfa, 0x94, 0xfa, 0x94, 0xfa, 0x94, 0xfa, 0x94, 0xfa, 0x94, 0xfa,
  0x94, 0xfa, 0x94, 0xfa, 0x94, 0xfa, 0x94, 0xfa, 0x74, 0xfa, 0x96, 0xe3, 0xbd, 0x76, 0x3e, 0x8d,
  0xbe, 0xf9, 0xde, 0xf8, 0xde, 0xf8, 0xde, 0xf8, 0xde, 0xf8, 0xde, 0xf8, 0xde, 0xf8, 0xde, 0xf8,
  0xde, 0xf8, 0xde, 0xf8, 0xde, 0xf8, 0xdb, 0xe8, 0xae, 0x80, 0x21, 0x00, 0x02, 0x00, 0x02, 0x00,
  0x02, 0x00, 0x02, 0x00, 0x02, 0x00, 0x02, 0x00, 0x02, 0x00, 0x02, 0x00, 0x02, 0x00, 0x02, 0x00,
  0x02, 0x00, 0x00, 0x00, 0x17, 0xb0, 0x1f, 0xf8, 0x19, 0xfa, 0x94, 0xfa, 0x94, 0xfa, 0x94, 0xfa,
  0x94, 0xfa, 0x94, 0xfa, 0x94, 0xfa, 0x94, 0xfa, 0x94, 0xfa, 0x94, 0xfa, 0x94, 0xfa, 0x94, 0xfa,
  0x94, 0xfa, 0x94, 0xfa, 0x94, 0xfa, 0x35, 0xf3, 0x1b, 0x7e, 0x9e, 0x86, 0xde, 0xe9, 0xde, 0xf8,
  0xde, 0xf8, 0xde, 0xf8, 0xde, 0xf8, 0xde, 0xf8, 0xde, 0xf8, 0xde, 0xf8, 0xde, 0xf8, 0xde, 0xf8,
  0xde, 0xf8, 0xdc, 0xf0, 0xb3, 0xa8, 0x42, 0x20, 0x01, 0x00, 0x02, 0x00, 0x02, 0x00, 0x02, 0x00,
  0x02, 0x00, 0x02, 0x00, 0x02, 0x00, 0x02, 0x00, 0x02, 0x00, 0x02, 0x00, 0x02, 0x08, 0x01, 0x08,
  0x0f, 0x78, 0x3e, 0xf0, 0x7a, 0xf9, 0x94, 0xfa, 0x94, 0xfa, 0x94, 0xfa, 0x94, 0xfa, 0x94, 0xfa,
  0x94, 0xfa, 0x94, 0xfa, 0x94, 0xfa, 0x94, 0xfa, 0x94, 0xfa, 0x94, 0xfa, 0x94, 0xfa, 0x94, 0xfa,
  0x74, 0xfa, 0x55, 0xeb, 0x5c, 0x6e, 0x1d, 0x2f, 0x37, 0x9a, 0x1d, 0xf0, 0x1f, 0xf8, 0x1d, 0xf9,
  0x37, 0xfa, 0x94, 0xfa, 0x94, 0xfa, 0x94, 0xfa, 0x94, 0xfa, 0x94, 0xfa, 0x94, 0xfa, 0x94, 0xfa,
  0x94, 0xfa, 0x94, 0xfa, 0x94, 0xfa, 0x94, 0xfa, 0x94, 0xfa, 0x94, 0xfa, 0x94, 0xfa, 0x94, 0xfa,
  0x94, 0xfa, 0x94, 0xfa, 0x94, 0xfa, 0x94, 0xfa, 0x74, 0xfa, 0x76, 0xe3, 0x9f, 0x57, 0x9a, 0x06,
  0x13, 0x90, 0x5f, 0xf8, 0x99, 0xf9, 0xb4, 0xfa, 0x74, 0xfa, 0x94, 0xfa, 0x94, 0xfa, 0x94, 0xfa,
  0x94, 0xfa, 0x94, 0xfa, 0x94, 0xfa, 0x94, 0xfa, 0x94, 0xfa, 0x94, 0xfa, 0x94, 0xfa, 0x94, 0xfa,
  0x94, 0xfa, 0x94, 0xfa, 0x94, 0xfa, 0x94, 0xfa, 0x94, 0xfa, 0x94, 0xfa, 0x94, 0xfa, 0x94, 0xfa,
  0x94, 0xfa, 0x94, 0xfa, 0x94, 0xfa, 0x94, 0xfa, 0x94, 0xfa, 0x94, 0xfa, 0x94, 0xfa, 0x94, 0xfa,
  0x94, 0xfa, 0x94, 0xfa, 0x94, 0xfa, 0x94, 0xfa, 0x94, 0xfa, 0x94, 0xfa, 0x94, 0xfa, 0x94, 0xfa,
  0x94, 0xfa, 0x94, 0xfa, 0x94, 0xfa, 0x94, 0xfa, 0x94, 0xfa, 0x94, 0xfa, 0x94, 0xfa, 0x94, 0xfa,
  0x94, 0xfa, 0x94, 0xfa, 0x74, 0xfa, 0xb4, 0xf2, 0xba, 0xa5, 0x5d, 0x07, 0x11, 0x04, 0x00, 0x00,
  0x22, 0x00, 0x02, 0x00, 0x00, 0x00, 0x0e, 0x68, 0x1b, 0xd8, 0x5c, 0xf9, 0x55, 0xfa, 0x94, 0xfa,
  0x94, 0xfa, 0x94, 0xfa, 0x94, 0xfa, 0x94, 0xfa, 0x94, 0xfa, 0x94, 0xfa, 0x94, 0xfa, 0x94, 0xfa,
  0x94, 0xfa, 0x94, 0xfa, 0x94, 0xfa, 0x94, 0xfa, 0x74, 0xfa, 0x3a, 0x95, 0xbf, 0x37, 0xdb, 0x83,
  0xd9, 0xc0, 0x39, 0xc0, 0x19, 0xc0, 0x19, 0xc0, 0x19, 0xc0, 0x19, 0xc0, 0x19, 0xc0, 0x19, 0xc0,
  0x19, 0xc0, 0x19, 0xc0, 0x17, 0xb8, 0x11, 0x80, 0x00, 0x00, 0x02, 0x00, 0x02, 0x00, 0x02, 0x00,
  0x02, 0x00, 0x02, 0x00, 0x02, 0x00, 0x02, 0x00, 0x02, 0x00, 0x02, 0x00, 0x02, 0x00, 0x02, 0x00,
  0x00, 0x00, 0x27, 0x30, 0x1b, 0xd8, 0xdd, 0xf8, 0x56, 0xfa, 0x94, 0xfa, 0x94, 0xfa, 0x94, 0xfa,
  0x94, 0xfa, 0x94, 0xfa, 0x94, 0xfa, 0x94, 0xfa, 0x94, 0xfa, 0x94, 0xfa, 0x94, 0xfa, 0x94, 0xfa,
  0x94, 0xfa, 0x94, 0xfa, 0x74, 0xfa, 0x37, 0xdc, 0xbf, 0x37, 0xd9, 0x2d, 0xed, 0x60, 0x0c, 0x60,
  0x2c, 0x60, 0x0c, 0x60, 0x0c, 0x60, 0x0d, 0x68, 0x12, 0x88, 0x1a, 0xd0, 0x1f, 0xf8, 0x7c, 0xf9,
  0x75, 0xfa, 0x94, 0xfa, 0x94, 0xfa, 0x94, 0xfa, 0x94, 0xfa, 0x94, 0xfa, 0x94, 0xfa, 0x94, 0xfa,
  0x94, 0xfa, 0x94, 0xfa, 0x94, 0xfa, 0x94, 0xfa, 0x94, 0xfa, 0x74, 0xfa, 0x94, 0xfa, 0x9d, 0x8e,
  0xbf, 0x07, 0xaf, 0x03, 0x00, 0x00, 0x22, 0x00, 0x02, 0x00, 0x02, 0x00, 0x02, 0x00, 0x02, 0x00,
  0x00, 0x00, 0x00, 0x00, 0x0a, 0x48, 0x11, 0x80, 0x15, 0xa8, 0x17, 0xb8, 0x19, 0xc8, 0x1c, 0xe0,
  0x1e, 0xf0, 0x1f, 0xf8, 0x1f, 0xf8, 0x1f, 0xf8, 0x3f, 0xf8, 0x7e, 0xf8, 0xbe, 0xf8, 0xfe, 0xf8,
  0x3d, 0xf9, 0x5c, 0xf9, 0x9b, 0xf9, 0xba, 0xf9, 0x37, 0xfa, 0x74, 0xfa, 0x94, 0xfa, 0x94, 0xfa,
  0x94, 0xfa, 0x94, 0xfa, 0x94, 0xfa, 0x94, 0xfa, 0x94, 0xfa, 0x94, 0xfa, 0x94, 0xfa, 0x94, 0xfa,
  0x94, 0xfa, 0x94, 0xfa, 0x94, 0xfa, 0x94, 0xfa, 0xb4, 0xfa, 0xfb, 0x85, 0xbf, 0x1f, 0xaf, 0x03,
  0xa3, 0x08, 0x25, 0x20, 0x32, 0x88, 0x7f, 0xf8, 0xb9, 0xf9, 0xb4, 0xfa, 0x74, 0xfa, 0x94, 0xfa,
  0x94, 0xfa, 0x94, 0xfa, 0x94, 0xfa, 0x94, 0xfa, 0x94, 0xfa, 0x94, 0xfa, 0x94, 0xfa, 0x94, 0xfa,
  0x94, 0xfa, 0x94, 0xfa, 0x74, 0xfa, 0x54, 0xfa, 0x5b, 0xae, 0x9e, 0x07, 0xd3, 0x04, 0x00, 0x00,
  0x02, 0x00, 0x02, 0x00, 0x02, 0x00, 0x02, 0x00, 0x02, 0x00, 0x02, 0x00, 0x02, 0x00, 0x02, 0x00,
  0x02, 0x00, 0x02, 0x00, 0x02, 0x00, 0x02, 0x00, 0x02, 0x00, 0x02, 0x00, 0x02, 0x00, 0x02, 0x00,
  0x02, 0x00, 0x02, 0x00, 0x02, 0x00, 0x02, 0x00, 0x02, 0x00, 0x02, 0x00, 0x01, 0x00, 0x11, 0x80,
  0x3f, 0xf8, 0x7b, 0xf9, 0x94, 0xfa, 0x94, 0xfa, 0x94, 0xfa, 0x94, 0xfa, 0x94, 0xfa, 0x94, 0xfa,
  0x94, 0xfa, 0x94, 0xfa, 0x94, 0xfa, 0x94, 0xfa, 0x94, 0xfa, 0x94, 0xfa, 0x94, 0xfa, 0x94, 0xfa,
  0x94, 0xfa, 0x74, 0xfa, 0x54, 0xfa, 0x74, 0xfa, 0x94, 0xfa, 0x94, 0xfa, 0x94, 0xfa, 0x94, 0xfa,
  0x94, 0xfa, 0x94, 0xfa, 0x94, 0xfa, 0x94, 0xfa, 0x94, 0xfa, 0x94, 0xfa, 0x94, 0xfa, 0x94, 0xfa,
  0x94, 0xfa, 0x94, 0xfa, 0x94, 0xfa, 0x94, 0xfa, 0x94, 0xfa, 0x94, 0xfa, 0x94, 0xfa, 0x94, 0xfa,
  0x94, 0xfa, 0x94, 0xfa, 0x94, 0xfa, 0x94, 0xfa, 0x74, 0xfa, 0x96, 0xe3, 0x9d, 0x5e, 0xbb, 0x06,
  0xe9, 0x01, 0x00, 0x00, 0x21, 0x00, 0x05, 0x18, 0x19, 0xc0, 0x9e, 0xf8, 0x17, 0xfa, 0x94, 0xfa,
  0x94, 0xfa, 0x94, 0xfa, 0x94, 0xfa, 0x94, 0xfa, 0x94, 0xfa, 0x94, 0xfa, 0x94, 0xfa, 0x94, 0xfa,
  0x94, 0xfa, 0x94, 0xfa, 0x94, 0xfa, 0x94, 0xfa, 0x74, 0xfa, 0xd7, 0xdb, 0xbf, 0x4f, 0xde, 0x4d,
  0xb9, 0xc1, 0x19, 0xc0, 0x19, 0xc0, 0x19, 0xc0, 0x19, 0xc0, 0x19, 0xc0, 0x19, 0xc0, 0x19, 0xc0,
  0x19, 0xc0, 0x19, 0xc0, 0x18, 0xc0, 0x13, 0x98, 0x06, 0x28, 0x01, 0x00, 0x02, 0x00, 0x02, 0x00,
  0x02, 0x00, 0x02, 0x00, 0x02, 0x00, 0x02, 0x00, 0x02, 0x00, 0x02, 0x00, 0x02, 0x00, 0x02, 0x00,
  0x02, 0x00, 0x00, 0x00, 0x17, 0xb0, 0x1f, 0xf8, 0x19, 0xfa, 0x94, 0xfa, 0x94, 0xfa, 0x94, 0xfa,
  0x94, 0xfa, 0x94, 0xfa, 0x94, 0xfa, 0x94, 0xfa, 0x94, 0xfa, 0x94, 0xfa, 0x94, 0xfa, 0x94, 0xfa,
  0x94, 0xfa, 0x94, 0xfa, 0x74, 0xfa, 0x76, 0xf3, 0xdd, 0x56, 0x7f, 0x4f, 0xba, 0xb1, 0x19, 0xc8,
  0x19, 0xc0, 0x19, 0xc0, 0x19, 0xc0, 0x19, 0xc0, 0x19, 0xc0, 0x19, 0xc0, 0x19, 0xc0, 0x19, 0xc0,
  0x18, 0xc0, 0x15, 0xa0, 0x0b, 0x50, 0x00, 0x00, 0x02, 0x00, 0x02, 0x00, 0x02, 0x00, 0x02, 0x00,
  0x02, 0x00, 0x02, 0x00, 0x02, 0x00, 0x02, 0x00, 0x02, 0x00, 0x02, 0x00, 0x02, 0x08, 0x01, 0x08,
  0x0f, 0x78, 0x3e, 0xf0, 0x7a, 0xf9, 0x94, 0xfa, 0x94, 0xfa, 0x94, 0xfa, 0x94, 0xfa, 0x94, 0xfa,
  0x94, 0xfa, 0x94, 0xfa, 0x94, 0xfa, 0x94, 0xfa, 0x94, 0xfa, 0x94, 0xfa, 0x94, 0xfa, 0x94, 0xfa,
  0x74, 0xfa, 0x55, 0xeb, 0x5c, 0x6e, 0x1c, 0x07, 0x2c, 0x4a, 0x16, 0xb0, 0x3f, 0xf8, 0x3f, 0xf8,
  0x3c, 0xf9, 0x56, 0xfa, 0x94, 0xfa, 0x94, 0xfa, 0x94, 0xfa, 0x94, 0xfa, 0x94, 0xfa, 0x94, 0xfa,
  0x94, 0xfa, 0x94, 0xfa, 0x94, 0xfa, 0x94, 0xfa, 0x94, 0xfa, 0x94, 0xfa, 0x94, 0xfa, 0x94, 0xfa,
  0x94, 0xfa, 0x94, 0xfa, 0x94, 0xfa, 0x94, 0xfa, 0x74, 0xfa, 0x76, 0xe3, 0x9f, 0x57, 0x9a, 0x06,
  0x32, 0x90, 0x5f, 0xf8, 0x7a, 0xf9, 0x94, 0xfa, 0x74, 0xfa, 0x94, 0xfa, 0x94, 0xfa, 0x94, 0xfa,
  0x94, 0xfa, 0x94, 0xfa, 0x94, 0xfa, 0x94, 0xfa, 0x94, 0xfa, 0x94, 0xfa, 0x94, 0xfa, 0x94, 0xfa,
  0x94, 0xfa, 0x94, 0xfa, 0x94, 0xfa, 0x94, 0xfa, 0x94, 0xfa, 0x94, 0xfa, 0x94, 0xfa, 0x94, 0xfa,
  0x94, 0xfa, 0x94, 0xfa, 0x94, 0xfa, 0x94, 0xfa, 0x94, 0xfa, 0x94, 0xfa, 0x94, 0xfa, 0x94, 0xfa,
  0x94, 0xfa, 0x94, 0xfa, 0x94, 0xfa, 0x94, 0xfa, 0x94, 0xfa, 0x94, 0xfa, 0x94, 0xfa, 0x94, 0xfa,
  0x94, 0xfa, 0x94, 0xfa, 0x94, 0xfa, 0x94, 0xfa, 0x94, 0xfa, 0x94, 0xfa, 0x94, 0xfa, 0x94, 0xfa,
  0x94, 0xfa, 0x94, 0xfa, 0x74, 0xfa, 0xd5, 0xea, 0xdb, 0x95, 0x1c, 0x07, 0x0d, 0x03, 0x00, 0x00,
  0x22, 0x00, 0x02, 0x00, 0x00, 0x00, 0x0e, 0x68, 0x1b, 0xd8, 0x5c, 0xf9, 0x55, 0xfa, 0x94, 0xfa,
  0x94, 0xfa, 0x94, 0xfa, 0x94, 0xfa, 0x94, 0xfa, 0x94, 0xfa, 0x94, 0xfa, 0x94, 0xfa, 0x94, 0xfa,
  0x94, 0xfa, 0x94, 0xfa, 0x94, 0xfa, 0x94, 0xfa, 0x74, 0xfa, 0x3a, 0x95, 0x9f, 0x2f, 0xd2, 0x3b,
  0xcb, 0x58, 0x2b, 0x50, 0x2b, 0x50, 0x2b, 0x50, 0x2b, 0x50, 0x2b, 0x50, 0x2b, 0x50, 0x2b, 0x50,
  0x2b, 0x50, 0x2b, 0x50, 0x28, 0x40, 0x21, 0x00, 0x22, 0x00, 0x22, 0x00, 0x22, 0x00, 0x22, 0x00,
  0x22, 0x00, 0x22, 0x00, 0x22, 0x00, 0x22, 0x00, 0x22, 0x00, 0x02, 0x00, 0x02, 0x00, 0x02, 0x00,
  0x00, 0x00, 0x27, 0x30, 0x1b, 0xd8, 0xdd, 0xf8, 0x56, 0xfa, 0x94, 0xfa, 0x94, 0xfa, 0x94, 0xfa,
  0x94, 0xfa, 0x94, 0xfa, 0x94, 0xfa, 0x94, 0xfa, 0x94, 0xfa, 0x94, 0xfa, 0x94, 0xfa, 0x94, 0xfa,
  0x94, 0xfa, 0x94, 0xfa, 0x74, 0xfa, 0x37, 0xdc, 0xbf, 0x37, 0xd7, 0x05, 0xe3, 0x00, 0x00, 0x00,
  0x20, 0x00, 0x00, 0x00, 0x00, 0x00, 0x00, 0x00, 0x00, 0x00, 0x13, 0x90, 0x1e, 0xf0, 0x5d, 0xf9,
  0x55, 0xfa, 0x94, 0xfa, 0x74, 0xfa, 0x94, 0xfa, 0x94, 0xfa, 0x94, 0xfa, 0x94, 0xfa, 0x94, 0xfa,
  0x94, 0xfa, 0x94, 0xfa, 0x94, 0xfa, 0x94, 0xfa, 0x94, 0xfa, 0x74, 0xfa, 0x94, 0xfa, 0x9d, 0x8e,
  0xbf, 0x07, 0xaf, 0x03, 0x00, 0x00, 0x22, 0x00, 0x02, 0x00, 0x02, 0x00, 0x02, 0x00, 0x02, 0x00,
  0x22, 0x00, 0x22, 0x00, 0x20, 0x00, 0x20, 0x00, 0x23, 0x00, 0x28, 0x38, 0x2c, 0x58, 0x2f, 0x78,
  0x12, 0x90, 0x14, 0x98, 0x15, 0xa8, 0x16, 0xb0, 0x18, 0xb8, 0x1a, 0xc8, 0x1c, 0xd8, 0x1e, 0xf0,
  0x1f, 0xf8, 0x1f, 0xf8, 0x1f, 0xf8, 0x5f, 0xf8, 0x3c, 0xf9, 0x36, 0xfa, 0x94, 0xfa, 0x94, 0xfa,
  0x94, 0xfa, 0x94, 0xfa, 0x94, 0xfa, 0x94, 0xfa, 0x94, 0xfa, 0x94, 0xfa, 0x94, 0xfa, 0x94, 0xfa,
  0x94, 0xfa, 0x94, 0xfa, 0x94, 0xfa, 0x94, 0xfa, 0xb4, 0xfa, 0xfb, 0x85, 0xbf, 0x1f, 0xaf, 0x03,
  0xa3, 0x08, 0x25, 0x20, 0x32, 0x88, 0x7f, 0xf8, 0xb9, 0xf9, 0xb4, 0xfa, 0x74, 0xfa, 0x94, 0xfa,
  0x94, 0xfa, 0x94, 0xfa, 0x94, 0xfa, 0x94, 0xfa, 0x94, 0xfa, 0x94, 0xfa, 0x94, 0xfa, 0x94, 0xfa,
  0x94, 0xfa, 0x94, 0xfa, 0x74, 0xfa, 0x54, 0xfa, 0x1b, 0xb6, 0xff, 0x07, 0x96, 0x05, 0x02, 0x00,
  0x00, 0x00, 0x02, 0x00, 0x02, 0x00, 0x02, 0x00, 0x02, 0x00, 0x02, 0x00, 0x02, 0x00, 0x02, 0x00,
  0x02, 0x00, 0x02, 0x00, 0x02, 0x00, 0x02, 0x00, 0x02, 0x00, 0x02, 0x00, 0x02, 0x00, 0x02, 0x00,
  0x02, 0x00, 0x02, 0x00, 0x22, 0x00, 0x02, 0x00, 0x02, 0x00, 0x02, 0x00, 0x01, 0x00, 0x11, 0x80,
  0x3f, 0xf8, 0x7b, 0xf9, 0x94, 0xfa, 0x94, 0xfa, 0x94, 0xfa, 0x94, 0xfa, 0x94, 0xfa, 0x94, 0xfa,
  0x94, 0xfa, 0x94, 0xfa, 0x94, 0xfa, 0x94, 0xfa, 0x94, 0xfa, 0x94, 0xfa, 0x94, 0xfa, 0x94, 0xfa,
  0x94, 0xfa, 0x36, 0xeb, 0x97, 0xd3, 0xb6, 0xf2, 0x16, 0xfa, 0x16, 0xfa, 0x16, 0xfa, 0x16, 0xfa,
  0x16, 0xfa, 0x16, 0xfa, 0x16, 0xfa, 0x16, 0xfa, 0x55, 0xfa, 0x94, 0xfa, 0x94, 0xfa, 0x94, 0xfa,
  0x94, 0xfa, 0x94, 0xfa, 0x94, 0xfa, 0x94, 0xfa, 0x94, 0xfa, 0x94, 0xfa, 0x94, 0xfa, 0x94, 0xfa,
  0x94, 0xfa, 0x94, 0xfa, 0x94, 0xfa, 0x94, 0xfa, 0x74, 0xfa, 0x96, 0xe3, 0x9d, 0x66, 0xbb, 0x06,
  0xe9, 0x01, 0x00, 0x00, 0x21, 0x00, 0x05, 0x18, 0x19, 0xc0, 0x9e, 0xf8, 0x17, 0xfa, 0x94, 0xfa,
  0x94, 0xfa, 0x94, 0xfa, 0x94, 0xfa, 0x94, 0xfa, 0x94, 0xfa, 0x94, 0xfa, 0x94, 0xfa, 0x94, 0xfa,
  0x94, 0xfa, 0x94, 0xfa, 0x94, 0xfa, 0x94, 0xfa, 0x74, 0xfa, 0xd6, 0xdb, 0x9f, 0x4f, 0xd9, 0x25,
  0xac, 0x51, 0x2b, 0x50, 0x2b, 0x50, 0x2b, 0x50, 0x2b, 0x50, 0x2b, 0x50, 0x2b, 0x50, 0x2b, 0x50,
  0x2b, 0x50, 0x2b, 0x50, 0x29, 0x48, 0x24, 0x18, 0x21, 0x00, 0x22, 0x00, 0x22, 0x00, 0x22, 0x00,
  0x22, 0x00, 0x22, 0x00, 0x22, 0x00, 0x22, 0x00, 0x22, 0x00, 0x22, 0x00, 0x02, 0x00, 0x02, 0x00,
  0x02, 0x00, 0x00, 0x00, 0x17, 0xb0, 0x1f, 0xf8, 0x19, 0xfa, 0x94, 0xfa, 0x94, 0xfa, 0x94, 0xfa,
  0x94, 0xfa, 0x94, 0xfa, 0x94, 0xfa, 0x94, 0xfa, 0x94, 0xfa, 0x94, 0xfa, 0x94, 0xfa, 0x94, 0xfa,
  0x94, 0xfa, 0x94, 0xfa, 0x74, 0xfa, 0x75, 0xf3, 0xdd, 0x56, 0x7e, 0x27, 0xad, 0x49, 0x2b, 0x58,
  0x2b, 0x50, 0x2b, 0x50, 0x2b, 0x50, 0x2b, 0x50, 0x2b, 0x50, 0x2b, 0x50, 0x2b, 0x50, 0x2b, 0x50,
  0x2a, 0x48, 0x26, 0x28, 0x20, 0x00, 0x22, 0x00, 0x22, 0x00, 0x22, 0x00, 0x22, 0x00, 0x22, 0x00,
  0x22, 0x00, 0x22, 0x00, 0x22, 0x00, 0x22, 0x00, 0x02, 0x00, 0x02, 0x00, 0x02, 0x08, 0x01, 0x08,
  0x0f, 0x78, 0x3e, 0xf0, 0x7a, 0xf9, 0x94, 0xfa, 0x94, 0xfa, 0x94, 0xfa, 0x94, 0xfa, 0x94, 0xfa,
  0x94, 0xfa, 0x94, 0xfa, 0x94, 0xfa, 0x94, 0xfa, 0x94, 0xfa, 0x94, 0xfa, 0x94, 0xfa, 0x94, 0xfa,
  0x74, 0xfa, 0x55, 0xeb, 0x5c, 0x6e, 0x1c, 0x07, 0x29, 0x02, 0x0b, 0x58, 0x39, 0xc0, 0x1f, 0xf8,
  0x5f, 0xf8, 0x7b, 0xf9, 0x55, 0xfa, 0x94, 0xfa, 0x94, 0xfa, 0x94, 0xfa, 0x94, 0xfa, 0x94, 0xfa,
  0x94, 0xfa, 0x94, 0xfa, 0x94, 0xfa, 0x94, 0xfa, 0x94, 0xfa, 0x94, 0xfa, 0x94, 0xfa, 0x94, 0xfa,
  0x94, 0xfa, 0x94, 0xfa, 0x94, 0xfa, 0x94, 0xfa, 0x74, 0xfa, 0x76, 0xe3, 0x9f, 0x57, 0x9a, 0x06,
  0x11, 0x80, 0x3f, 0xf8, 0x5b, 0xf9, 0x94, 0xfa, 0x94, 0xfa, 0x94, 0xfa, 0x94, 0xfa, 0x94, 0xfa,
  0x94, 0xfa, 0x94, 0xfa, 0x94, 0xfa, 0x94, 0xfa, 0x94, 0xfa, 0x94, 0xfa, 0x94, 0xfa, 0x94, 0xfa,
  0x94, 0xfa, 0x94, 0xfa, 0x94, 0xfa, 0x94, 0xfa, 0x94, 0xfa, 0x94, 0xfa, 0x94, 0xfa, 0x94, 0xfa,
  0x94, 0xfa, 0x74, 0xfa, 0x54, 0xfa, 0x74, 0xfa, 0x94, 0xfa, 0x94, 0xfa, 0x94, 0xfa, 0x94, 0xfa,
  0x94, 0xfa, 0x94, 0xfa, 0x94, 0xfa, 0x94, 0xfa, 0x94, 0xfa, 0x94, 0xfa, 0x94, 0xfa, 0x94, 0xfa,
  0x94, 0xfa, 0x94, 0xfa, 0x94, 0xfa, 0x94, 0xfa, 0x94, 0xfa, 0x94, 0xfa, 0x94, 0xfa, 0x94, 0xfa,
  0x94, 0xfa, 0x94, 0xfa, 0x74, 0xfa, 0x35, 0xeb, 0x3c, 0x7e, 0xdb, 0x06, 0xa8, 0x01, 0x00, 0x00,
  0x22, 0x00, 0x02, 0x00, 0x00, 0x00, 0x0e, 0x68, 0x1b, 0xd8, 0x5c, 0xf9, 0x55, 0xfa, 0x94, 0xfa,
  0x94, 0xfa, 0x94, 0xfa, 0x94, 0xfa, 0x94, 0xfa, 0x94, 0xfa, 0x94, 0xfa, 0x94, 0xfa, 0x94, 0xfa,
  0x94, 0xfa, 0x94, 0xfa, 0x94, 0xfa, 0x94, 0xfa, 0x74, 0xfa, 0x3a, 0x95, 0x9f, 0x2f, 0xaf, 0x03,
  0x60, 0x00, 0x00, 0x00, 0x00, 0x00, 0x00, 0x00, 0x00, 0x00, 0x00, 0x00, 0x00, 0x00, 0x00, 0x00,
  0x00, 0x00, 0x00, 0x00, 0x00, 0x00, 0x00, 0x00, 0x00, 0x00, 0x00, 0x00, 0x00, 0x00, 0x00, 0x00,
  0x00, 0x00, 0x00, 0x00, 0x00, 0x00, 0x00, 0x00, 0x00, 0x00, 0x02, 0x00, 0x02, 0x00, 0x02, 0x00,
  0x00, 0x00, 0x27, 0x30, 0x1b, 0xd8, 0xdd, 0xf8, 0x56, 0xfa, 0x94, 0xfa, 0x94, 0xfa, 0x94, 0xfa,
  0x94, 0xfa, 0x94, 0xfa, 0x94, 0xfa, 0x94, 0xfa, 0x94, 0xfa, 0x94, 0xfa, 0x94, 0xfa, 0x94, 0xfa,
  0x94, 0xfa, 0x94, 0xfa, 0x74, 0xfa, 0x37, 0xdc, 0xbf, 0x37, 0xf8, 0x05, 0xe4, 0x00, 0x22, 0x00,
  0x22, 0x00, 0x22, 0x00, 0x22, 0x00, 0x22, 0x00, 0x20, 0x00, 0x2f, 0x78, 0x1c, 0xe0, 0x5d, 0xf9,
  0x55, 0xfa, 0x94, 0xfa, 0x74, 0xfa, 0x94, 0xfa, 0x94, 0xfa, 0x94, 0xfa, 0x94, 0xfa, 0x94, 0xfa,
  0x94, 0xfa, 0x94, 0xfa, 0x94, 0xfa, 0x94, 0xfa, 0x94, 0xfa, 0x74, 0xfa, 0x94, 0xfa, 0x9d, 0x8e,
  0xbf, 0x07, 0xaf, 0x03, 0x00, 0x00, 0x22, 0x00, 0x02, 0x00, 0x02, 0x00, 0x02, 0x00, 0x02, 0x00,
  0x01, 0x00, 0x00, 0x00, 0x00, 0x00, 0x00, 0x00, 0x00, 0x00, 0x00, 0x00, 0x00, 0x00, 0x00, 0x00,
  0x00, 0x00, 0x00, 0x00, 0x02, 0x10, 0x06, 0x30, 0x09, 0x48, 0x0c, 0x60, 0x0f, 0x70, 0x11, 0x88,
  0x13, 0x98, 0x14, 0xa0, 0x19, 0xc8, 0x1e, 0xf8, 0x1e, 0xf8, 0xf8, 0xf9, 0x94, 0xfa, 0x94, 0xfa,
  0x94, 0xfa, 0x94, 0xfa, 0x94, 0xfa, 0x94, 0xfa, 0x94, 0xfa, 0x94, 0xfa, 0x94, 0xfa, 0x94, 0xfa,
  0x94, 0xfa, 0x94, 0xfa, 0x94, 0xfa, 0x94, 0xfa, 0xb4, 0xfa, 0xfb, 0x85, 0xbf, 0x1f, 0xaf, 0x03,
  0xa3, 0x08, 0x25, 0x20, 0x32, 0x88, 0x7f, 0xf8, 0xb9, 0xf9, 0xb4, 0xfa, 0x74, 0xfa, 0x94, 0xfa,
  0x94, 0xfa, 0x94, 0xfa, 0x94, 0xfa, 0x94, 0xfa, 0x94, 0xfa, 0x94, 0xfa, 0x94, 0xfa, 0x94, 0xfa,
  0x94, 0xfa, 0x94, 0xfa, 0x94, 0xfa, 0x54, 0xfa, 0x7a, 0xbd, 0xbf, 0x07, 0x3c, 0x07, 0x72, 0x04,
  0x05, 0x01, 0x00, 0x00, 0x00, 0x00, 0x00, 0x00, 0x00, 0x00, 0x00, 0x00, 0x00, 0x00, 0x00, 0x00,
  0x00, 0x00, 0x00, 0x00, 0x00, 0x00, 0x00, 0x00, 0x00, 0x00, 0x00, 0x00, 0x00, 0x00, 0x00, 0x00,
  0x00, 0x00, 0x00, 0x00, 0x00, 0x00, 0x02, 0x00, 0x02, 0x00, 0x02, 0x00, 0x01, 0x00, 0x11, 0x80,
  0x3f, 0xf8, 0x7b, 0xf9, 0x94, 0xfa, 0x94, 0xfa, 0x94, 0xfa, 0x94, 0xfa, 0x94, 0xfa, 0x94, 0xfa,
  0x94, 0xfa, 0x94, 0xfa, 0x94, 0xfa, 0x94, 0xfa, 0x94, 0xfa, 0x94, 0xfa, 0x94, 0xfa, 0x94, 0xfa,
  0x74, 0xfa, 0x7a, 0xbd, 0xdd, 0x66, 0x3e, 0xdc, 0x7e, 0xf8, 0xfe, 0xf8, 0xfe, 0xf8, 0xfe, 0xf8,
  0xfe, 0xf8, 0xfe, 0xf8, 0xfe, 0xf8, 0xfe, 0xf8, 0x3d, 0xf9, 0xf8, 0xf9, 0x94, 0xfa, 0x94, 0xfa,
  0x94, 0xfa, 0x94, 0xfa, 0x94, 0xfa, 0x94, 0xfa, 0x94, 0xfa, 0x94, 0xfa, 0x94, 0xfa, 0x94, 0xfa,
  0x94, 0xfa, 0x94, 0xfa, 0x94, 0xfa, 0x94, 0xfa, 0x74, 0xfa, 0x96, 0xe3, 0x9d, 0x66, 0xbb, 0x06,
  0xe9, 0x01, 0x00, 0x00, 0x21, 0x00, 0x05, 0x18, 0x19, 0xc0, 0x9e, 0xf8, 0x17, 0xfa, 0x94, 0xfa,
  0x94, 0xfa, 0x94, 0xfa, 0x94, 0xfa, 0x94, 0xfa, 0x94, 0xfa, 0x94, 0xfa, 0x94, 0xfa, 0x94, 0xfa,
  0x94, 0xfa, 0x94, 0xfa, 0x94, 0xfa, 0x94, 0xfa, 0x74, 0xfa, 0xd6, 0xd3, 0x9f, 0x4f, 0xd7, 0x05,
  0x86, 0x01, 0x00, 0x00, 0x00, 0x00, 0x00, 0x00, 0x00, 0x00, 0x00, 0x00, 0x00, 0x00, 0x00, 0x00,
  0x00, 0x00, 0x00, 0x00, 0x00, 0x00, 0x00, 0x00, 0x00, 0x00, 0x00, 0x00, 0x00, 0x00, 0x00, 0x00,
  0x00, 0x00, 0x00, 0x00, 0x00, 0x00, 0x00, 0x00, 0x00, 0x00, 0x01, 0x00, 0x02, 0x00, 0x02, 0x00,
  0x02, 0x00, 0x00, 0x00, 0x17, 0xb0, 0x1f, 0xf8, 0x19, 0xfa, 0x94, 0xfa, 0x94, 0xfa, 0x94, 0xfa,
  0x94, 0xfa, 0x94, 0xfa, 0x94, 0xfa, 0x94, 0xfa, 0x94, 0xfa, 0x94, 0xfa, 0x94, 0xfa, 0x94, 0xfa,
  0x94, 0xfa, 0x94, 0xfa, 0x74, 0xfa, 0x75, 0xf3, 0xdd, 0x56, 0x7d, 0x0f, 0x86, 0x01, 0x00, 0x00,
  0x00, 0x00, 0x00, 0x00, 0x00, 0x00, 0x00, 0x00, 0x00, 0x00, 0x00, 0x00, 0x00, 0x00, 0x00, 0x00,
  0x00, 0x00, 0x00, 0x00, 0x00, 0x00, 0x00, 0x00, 0x00, 0x00, 0x00, 0x00, 0x00, 0x00, 0x00, 0x00,
  0x00, 0x00, 0x00, 0x00, 0x00, 0x00, 0x01, 0x00, 0x02, 0x00, 0x02, 0x00, 0x02, 0x08, 0x01, 0x08,
  0x0f, 0x78, 0x3e, 0xf0, 0x7a, 0xf9, 0x94, 0xfa, 0x94, 0xfa, 0x94, 0xfa, 0x94, 0xfa, 0x94, 0xfa,
  0x94, 0xfa, 0x94, 0xfa, 0x94, 0xfa, 0x94, 0xfa, 0x94, 0xfa, 0x94, 0xfa, 0x94, 0xfa, 0x94, 0xfa,
  0x74, 0xfa, 0x55, 0xeb, 0x5c, 0x6e, 0x1c, 0x07, 0x2a, 0x0a, 0x00, 0x00, 0x2d, 0x68, 0x1a, 0xd0,
  0x1f, 0xf8, 0x7f, 0xf8, 0xba, 0xf9, 0x74, 0xfa, 0x94, 0xfa, 0x94, 0xfa, 0x94, 0xfa, 0x94, 0xfa,
  0x94, 0xfa, 0x94, 0xfa, 0x94, 0xfa, 0x94, 0xfa, 0x94, 0xfa, 0x94, 0xfa, 0x94, 0xfa, 0x94, 0xfa,
  0x94, 0xfa, 0x94, 0xfa, 0x94, 0xfa, 0x94, 0xfa, 0x74, 0xfa, 0x76, 0xe3, 0x9f, 0x57, 0x9a, 0x06,
  0x10, 0x78, 0x3f, 0xf8, 0xfd, 0xf8, 0x75, 0xfa, 0x94, 0xfa, 0x94, 0xfa, 0x94, 0xfa, 0x94, 0xfa,
  0x94, 0xfa, 0x94, 0xfa, 0x94, 0xfa, 0x94, 0xfa, 0x94, 0xfa, 0x94, 0xfa, 0x94, 0xfa, 0x94, 0xfa,
  0x94, 0xfa, 0x94, 0xfa, 0x94, 0xfa, 0x94, 0xfa, 0x94, 0xfa, 0x94, 0xfa, 0x94, 0xfa, 0x94, 0xfa,
  0x74, 0xfa, 0x94, 0xfa, 0xb8, 0xc4, 0xda, 0xcb, 0x37, 0xfa, 0x74, 0xfa, 0x94, 0xfa, 0x94, 0xfa,
  0x94, 0xfa, 0x94, 0xfa, 0x94, 0xfa, 0x94, 0xfa, 0x94, 0xfa, 0x94, 0xfa, 0x94, 0xfa, 0x94, 0xfa,
  0x94, 0xfa, 0x94, 0xfa, 0x94, 0xfa, 0x94, 0xfa, 0x94, 0xfa, 0x94, 0xfa, 0x94, 0xfa, 0x94, 0xfa,
  0x94, 0xfa, 0x94, 0xfa, 0x74, 0xfa, 0xd6, 0xe3, 0xbd, 0x56, 0x59, 0x06, 0x00, 0x00, 0x01, 0x00,
  0x22, 0x00, 0x02, 0x00, 0x00, 0x00, 0x0e, 0x68, 0x1b, 0xd8, 0x5c, 0xf9, 0x55, 0xfa, 0x94, 0xfa,
  0x94, 0xfa, 0x94, 0xfa, 0x94, 0xfa, 0x94, 0xfa, 0x94, 0xfa, 0x94, 0xfa, 0x94, 0xfa, 0x94, 0xfa,
  0x94, 0xfa, 0x94, 0xfa, 0x94, 0xfa, 0x94, 0xfa, 0x74, 0xfa, 0x5a, 0x95, 0xbf, 0x2f, 0xf7, 0x0d,
  0xb3, 0x04, 0xd3, 0x04, 0xb3, 0x04, 0xb3, 0x04, 0xb3, 0x04, 0xb3, 0x04, 0xb3, 0x04, 0xb3, 0x04,
  0xb3, 0x04, 0xb3, 0x04, 0xb3, 0x04, 0xb3, 0x04, 0xb3, 0x04, 0xb3, 0x04, 0xb3, 0x04, 0xb3, 0x04,
  0xb3, 0x04, 0xb3, 0x04, 0x92, 0x04, 0x11, 0x04, 0x6a, 0x02, 0x01, 0x00, 0x02, 0x00, 0x02, 0x00,
  0x00, 0x00, 0x27, 0x30, 0x1b, 0xd8, 0xdd, 0xf8, 0x56, 0xfa, 0x94, 0xfa, 0x94, 0xfa, 0x94, 0xfa,
  0x94, 0xfa, 0x94, 0xfa, 0x94, 0xfa, 0x94, 0xfa, 0x94, 0xfa, 0x94, 0xfa, 0x94, 0xfa, 0x94, 0xfa,
  0x94, 0xfa, 0x94, 0xfa, 0x74, 0xfa, 0x37, 0xdc, 0xbf, 0x37, 0xd7, 0x05, 0xe4, 0x00, 0x00, 0x00,
  0x00, 0x00, 0x00, 0x00, 0x00, 0x00, 0x00, 0x00, 0x00, 0x00, 0x0e, 0x70, 0x1b, 0xd8, 0x5d, 0xf9,
  0x55, 0xfa, 0x94, 0xfa, 0x94, 0xfa, 0x94, 0xfa, 0x94, 0xfa, 0x94, 0xfa, 0x94, 0xfa, 0x94, 0xfa,
  0x94, 0xfa, 0x94, 0xfa, 0x94, 0xfa, 0x94, 0xfa, 0x94, 0xfa, 0x74, 0xfa, 0x94, 0xfa, 0x9d, 0x8e,
  0xbf, 0x07, 0xaf, 0x03, 0x00, 0x00, 0x22, 0x00, 0x02, 0x00, 0x02, 0x00, 0x22, 0x00, 0x22, 0x00,
  0xa7, 0x01, 0x30, 0x04, 0xb3, 0x04, 0xb3, 0x04, 0xb3, 0x04, 0xb3, 0x04, 0xb3, 0x04, 0xb3, 0x04,
  0xb3, 0x04, 0xb3, 0x04, 0xb3, 0x04, 0xb3, 0x04, 0xb3, 0x04, 0xb3, 0x04, 0xb2, 0x04, 0xb2, 0x04,
  0xd2, 0x04, 0xd1, 0x14, 0xb6, 0x64, 0xdd, 0x94, 0x5e, 0xb4, 0xf8, 0xea, 0x74, 0xfa, 0x94, 0xfa,
  0x94, 0xfa, 0x94, 0xfa, 0x94, 0xfa, 0x94, 0xfa, 0x94, 0xfa, 0x94, 0xfa, 0x94, 0xfa, 0x94, 0xfa,
  0x94, 0xfa, 0x94, 0xfa, 0x94, 0xfa, 0x94, 0xfa, 0xb4, 0xfa, 0xfb, 0x85, 0xbf, 0x1f, 0xaf, 0x03,
  0xa3, 0x08, 0x25, 0x20, 0x32, 0x88, 0x7f, 0xf8, 0xb9, 0xf9, 0xb4, 0xfa, 0x74, 0xfa, 0x94, 0xfa,
  0x94, 0xfa, 0x94, 0xfa, 0x94, 0xfa, 0x94, 0xfa, 0x94, 0xfa, 0x94, 0xfa, 0x94, 0xfa, 0x94, 0xfa,
  0x94, 0xfa, 0x94, 0xfa, 0x94, 0xfa, 0x54, 0xfa, 0xf7, 0xdb, 0xdd, 0x6e, 0xff, 0x07, 0x5d, 0x07,
  0xdb, 0x06, 0x38, 0x06, 0xd7, 0x05, 0xd7, 0x05, 0xd7, 0x05, 0xd7, 0x05, 0xd7, 0x05, 0xd7, 0x05,
  0xd7, 0x05, 0xd7, 0x05, 0xd7, 0x05, 0xd7, 0x05, 0xd7, 0x05, 0xd7, 0x05, 0xd7, 0x05, 0xb6, 0x05,
  0x96, 0x05, 0x14, 0x05, 0xcc, 0x02, 0x63, 0x00, 0x02, 0x00, 0x02, 0x00, 0x01, 0x00, 0x11, 0x80,
  0x3f, 0xf8, 0x7b, 0xf9, 0x94, 0xfa, 0x94, 0xfa, 0x94, 0xfa, 0x94, 0xfa, 0x94, 0xfa, 0x94, 0xfa,
  0x94, 0xfa, 0x94, 0xfa, 0x94, 0xfa, 0x94, 0xfa, 0x94, 0xfa, 0x94, 0xfa, 0x94, 0xfa, 0x74, 0xfa,
  0x54, 0xfa, 0x1b, 0xa6, 0xbf, 0x07, 0xbc, 0xa4, 0x1a, 0xc8, 0x1a, 0xc8, 0x1a, 0xc8, 0x1a, 0xc8,
  0x1a, 0xc8, 0x1a, 0xc8, 0x1c, 0xe0, 0x1f, 0xf8, 0x1f, 0xf8, 0x1d, 0xf9, 0x75, 0xfa, 0x94, 0xfa,
  0x94, 0xfa, 0x94, 0xfa, 0x94, 0xfa, 0x94, 0xfa, 0x94, 0xfa, 0x94, 0xfa, 0x94, 0xfa, 0x94, 0xfa,
  0x94, 0xfa, 0x94, 0xfa, 0x94, 0xfa, 0x94, 0xfa, 0x74, 0xfa, 0x96, 0xe3, 0x9d, 0x66, 0xbb, 0x06,
  0xe9, 0x01, 0x00, 0x00, 0x21, 0x00, 0x05, 0x18, 0x19, 0xc0, 0x9e, 0xf8, 0x17, 0xfa, 0x94, 0xfa,
  0x94, 0xfa, 0x94, 0xfa, 0x94, 0xfa, 0x94, 0xfa, 0x94, 0xfa, 0x94, 0xfa, 0x94, 0xfa, 0x94, 0xfa,
  0x94, 0xfa, 0x94, 0xfa, 0x94, 0xfa, 0x94, 0xfa, 0x74, 0xfa, 0xd7, 0xd3, 0xbf, 0x4f, 0xfb, 0x06,
  0xf4, 0x04, 0xb3, 0x04, 0xb3, 0x04, 0xb3, 0x04, 0xb3, 0x04, 0xb3, 0x04, 0xb3, 0x04, 0xb3, 0x04,
  0xb3, 0x04, 0xb3, 0x04, 0xb3, 0x04, 0xb3, 0x04, 0xb3, 0x04, 0xb3, 0x04, 0xb3, 0x04, 0xb3, 0x04,
  0xb3, 0x04, 0xb3, 0x04, 0xb3, 0x04, 0x72, 0x04, 0x2d, 0x03, 0xc4, 0x00, 0x01, 0x00, 0x02, 0x00,
  0x02, 0x00, 0x00, 0x00, 0x17, 0xb0, 0x1f, 0xf8, 0x19, 0xfa, 0x94, 0xfa, 0x94, 0xfa, 0x94, 0xfa,
  0x94, 0xfa, 0x94, 0xfa, 0x94, 0xfa, 0x94, 0xfa, 0x94, 0xfa, 0x94, 0xfa, 0x94, 0xfa, 0x94, 0xfa,
  0x94, 0xfa, 0x94, 0xfa, 0x74, 0xfa, 0x76, 0xf3, 0xdd, 0x56, 0x9e, 0x0f, 0x14, 0x05, 0xb3, 0x04,
  0xd3, 0x04, 0xb3, 0x04, 0xb3, 0x04, 0xb3, 0x04, 0xb3, 0x04, 0xb3, 0x04, 0xb3, 0x04, 0xb3, 0x04,
  0xb3, 0x04, 0xb3, 0x04, 0xb3, 0x04, 0xb3, 0x04, 0xb3, 0x04, 0xb3, 0x04, 0xb3, 0x04, 0xb3, 0x04,
  0xb3, 0x04, 0x92, 0x04, 0x6e, 0x03, 0x87, 0x01, 0x01, 0x00, 0x02, 0x00, 0x02, 0x08, 0x01, 0x08,
  0x0f, 0x78, 0x3e, 0xf0, 0x7a, 0xf9, 0x94, 0xfa, 0x94, 0xfa, 0x94, 0xfa, 0x94, 0xfa, 0x94, 0xfa,
  0x94, 0xfa, 0x94, 0xfa, 0x94, 0xfa, 0x94, 0xfa, 0x94, 0xfa, 0x94, 0xfa, 0x94, 0xfa, 0x94, 0xfa,
  0x74, 0xfa, 0x55, 0xeb, 0x5c, 0x6e, 0x1c, 0x07, 0x2a, 0x02, 0x00, 0x00, 0x22, 0x08, 0x10, 0x78,
  0x1c, 0xd8, 0x1f, 0xf8, 0xbe, 0xf8, 0xf9, 0xf9, 0x74, 0xfa, 0x94, 0xfa, 0x94, 0xfa, 0x94, 0xfa,
  0x94, 0xfa, 0x94, 0xfa, 0x94, 0xfa, 0x94, 0xfa, 0x94, 0xfa, 0x94, 0xfa, 0x94, 0xfa, 0x94, 0xfa,
  0x94, 0xfa, 0x94, 0xfa, 0x94, 0xfa, 0x94, 0xfa, 0x74, 0xfa, 0x76, 0xe3, 0x9f, 0x57, 0x9a, 0x06,
  0x0d, 0x68, 0x1f, 0xf8, 0xbf, 0xf8, 0x36, 0xfa, 0x94, 0xfa, 0x94, 0xfa, 0x94, 0xfa, 0x94, 0xfa,
  0x94, 0xfa, 0x94, 0xfa, 0x94, 0xfa, 0x94, 0xfa, 0x94, 0xfa, 0x94, 0xfa, 0x94, 0xfa, 0x94, 0xfa,
  0x94, 0xfa, 0x94, 0xfa, 0x94, 0xfa, 0x94, 0xfa, 0x94, 0xfa, 0x94, 0xfa, 0x94, 0xfa, 0x94, 0xfa,
  0x54, 0xfa, 0xf7, 0xd3, 0xdd, 0x66, 0xdf, 0xbc, 0xdc, 0xf8, 0x56, 0xfa, 0x94, 0xfa, 0x94, 0xfa,
  0x94, 0xfa, 0x94, 0xfa, 0x94, 0xfa, 0x94, 0xfa, 0x94, 0xfa, 0x94, 0xfa, 0x94, 0xfa, 0x94, 0xfa,
  0x94, 0xfa, 0x94, 0xfa, 0x94, 0xfa, 0x94, 0xfa, 0x94, 0xfa, 0x94, 0xfa, 0x94, 0xfa, 0x94, 0xfa,
  0x94, 0xfa, 0x94, 0xfa, 0x54, 0xfa, 0xd8, 0xdc, 0x1d, 0x27, 0xb2, 0x04, 0x00, 0x00, 0x22, 0x00,
  0x02, 0x00, 0x02, 0x00, 0x00, 0x00, 0x0e, 0x68, 0x1b, 0xd8, 0x5c, 0xf9, 0x55, 0xfa, 0x94, 0xfa,
  0x94, 0xfa, 0x94, 0xfa, 0x94, 0xfa, 0x94, 0xfa, 0x94, 0xfa, 0x94, 0xfa, 0x94, 0xfa, 0x94, 0xfa,
  0x94, 0xfa, 0x94, 0xfa, 0x94, 0xfa, 0x94, 0xfa, 0x74, 0xfa, 0xd9, 0xa4, 0x3e, 0x3f, 0xfd, 0x36,
  0xdd, 0x36, 0xdd, 0x2e, 0xdd, 0x2e, 0xdd, 0x2e, 0xdd, 0x2e, 0xdd, 0x2e, 0xdd, 0x2e, 0xdd, 0x2e,
  0xdd, 0x2e, 0xdd, 0x2e, 0xdd, 0x2e, 0xdd, 0x2e, 0xdd, 0x2e, 0xdd, 0x2e, 0xdd, 0x2e, 0xdd, 0x36,
  0xdd, 0x36, 0x1d, 0x27, 0x5d, 0x07, 0x5d, 0x07, 0x18, 0x06, 0x0d, 0x03, 0x00, 0x00, 0x02, 0x00,
  0x00, 0x00, 0x27, 0x30, 0x1b, 0xd8, 0xdd, 0xf8, 0x56, 0xfa, 0x94, 0xfa, 0x94, 0xfa, 0x94, 0xfa,
  0x94, 0xfa, 0x94, 0xfa, 0x94, 0xfa, 0x94, 0xfa, 0x94, 0xfa, 0x94, 0xfa, 0x94, 0xfa, 0x94, 0xfa,
  0x94, 0xfa, 0x94, 0xfa, 0x74, 0xfa, 0x37, 0xdc, 0xdf, 0x37, 0x59, 0x06, 0x8a, 0x02, 0x4a, 0x02,
  0x4a, 0x02, 0x4a, 0x02, 0x4a, 0x02, 0x4a, 0x02, 0x49, 0x02, 0x51, 0x5a, 0x7d, 0xaa, 0x5c, 0xea,
  0x74, 0xfa, 0x94, 0xfa, 0x94, 0xfa, 0x94, 0xfa, 0x94, 0xfa, 0x94, 0xfa, 0x94, 0xfa, 0x94, 0xfa,
  0x94, 0xfa, 0x94, 0xfa, 0x94, 0xfa, 0x94, 0xfa, 0x94, 0xfa, 0x74, 0xfa, 0x94, 0xfa, 0x9d, 0x8e,
  0xbf, 0x07, 0xaf, 0x03, 0x00, 0x00, 0x22, 0x00, 0x02, 0x00, 0x02, 0x00, 0x01, 0x00, 0x87, 0x11,
  0x16, 0x2d, 0xdd, 0x36, 0xdd, 0x2e, 0xdd, 0x2e, 0xdd, 0x2e, 0xdd, 0x2e, 0xdd, 0x2e, 0xdd, 0x36,
  0xdd, 0x36, 0xdd, 0x36, 0xdd, 0x36, 0xdd, 0x36, 0xdd, 0x36, 0xdd, 0x36, 0xdd, 0x2e, 0xdd, 0x2e,
  0xdd, 0x36, 0xdd, 0x36, 0xdd, 0x2e, 0xbd, 0x26, 0x7b, 0x95, 0x16, 0xeb, 0x74, 0xfa, 0x94, 0xfa,
  0x94, 0xfa, 0x94, 0xfa, 0x94, 0xfa, 0x94, 0xfa, 0x94, 0xfa, 0x94, 0xfa, 0x94, 0xfa, 0x94, 0xfa,
  0x94, 0xfa, 0x94, 0xfa, 0x94, 0xfa, 0x94, 0xfa, 0xb4, 0xfa, 0xfb, 0x85, 0xbf, 0x1f, 0x8f, 0x03,
  0xa3, 0x08, 0x25, 0x20, 0x32, 0x88, 0x5f, 0xf8, 0x99, 0xf9, 0xb4, 0xfa, 0x74, 0xfa, 0x94, 0xfa,
  0x94, 0xfa, 0x94, 0xfa, 0x94, 0xfa, 0x94, 0xfa, 0x94, 0xfa, 0x94, 0xfa, 0x94, 0xfa, 0x94, 0xfa,
  0x94, 0xfa, 0x94, 0xfa, 0x94, 0xfa, 0x74, 0xfa, 0x94, 0xfa, 0x57, 0xdc, 0xdb, 0x9d, 0x7c, 0x66,
  0xbd, 0x56, 0xbd, 0x4e, 0x9c, 0x4e, 0x9c, 0x4e, 0x9c, 0x4e, 0x9c, 0x4e, 0x9c, 0x4e, 0x9c, 0x4e,
  0x9c, 0x4e, 0x9c, 0x4e, 0x9c, 0x4e, 0x9c, 0x4e, 0x9c, 0x4e, 0x9c, 0x4e, 0x9c, 0x4e, 0xbd, 0x46,
  0x5e, 0x17, 0x9e, 0x07, 0xdb, 0x06, 0x4a, 0x02, 0x22, 0x00, 0x22, 0x00, 0x01, 0x00, 0x11, 0x80,
  0x3f, 0xf8, 0x7b, 0xf9, 0x94, 0xfa, 0x94, 0xfa, 0x94, 0xfa, 0x94, 0xfa, 0x94, 0xfa, 0x94, 0xfa,
  0x94, 0xfa, 0x94, 0xfa, 0x94, 0xfa, 0x94, 0xfa, 0x94, 0xfa, 0x94, 0xfa, 0x94, 0xfa, 0x74, 0xfa,
  0x54, 0xfa, 0x1b, 0xa6, 0xbf, 0x07, 0xb5, 0x4c, 0x0c, 0x60, 0x0c, 0x60, 0x0c, 0x60, 0x0c, 0x60,
  0x0c, 0x60, 0x0c, 0x60, 0x0f, 0x78, 0x16, 0xb0, 0x1f, 0xf8, 0x9e, 0xf8, 0x56, 0xfa, 0x94, 0xfa,
  0x94, 0xfa, 0x94, 0xfa, 0x94, 0xfa, 0x94, 0xfa, 0x94, 0xfa, 0x94, 0xfa, 0x94, 0xfa, 0x94, 0xfa,
  0x94, 0xfa, 0x94, 0xfa, 0x94, 0xfa, 0x94, 0xfa, 0x74, 0xfa, 0x96, 0xe3, 0x9d, 0x66, 0xbb, 0x06,
  0xe9, 0x01, 0x00, 0x00, 0x21, 0x00, 0x05, 0x18, 0x19, 0xc0, 0x9e, 0xf8, 0x17, 0xfa, 0x94, 0xfa,
  0x94, 0xfa, 0x94, 0xfa, 0x94, 0xfa, 0x94, 0xfa, 0x94, 0xfa, 0x94, 0xfa, 0x94, 0xfa, 0x94, 0xfa,
  0x94, 0xfa, 0x94, 0xfa, 0x94, 0xfa, 0x94, 0xfa, 0x74, 0xfa, 0x96, 0xdb, 0xdd, 0x5e, 0x1e, 0x2f,
  0xdd, 0x36, 0xdd, 0x36, 0xdd, 0x2e, 0xdd, 0x2e, 0xdd, 0x2e, 0xdd, 0x2e, 0xdd, 0x2e, 0xdd, 0x2e,
  0xdd, 0x2e, 0xdd, 0x2e, 0xdd, 0x2e, 0xdd, 0x2e, 0xdd, 0x2e, 0xdd, 0x2e, 0xdd, 0x2e, 0xdd, 0x2e,
  0xdd, 0x36, 0xfd, 0x2e, 0x3d, 0x17, 0x7d, 0x07, 0xfc, 0x06, 0xb2, 0x04, 0x00, 0x00, 0x02, 0x00,
  0x22, 0x00, 0x00, 0x00, 0x17, 0xb0, 0x1f, 0xf8, 0x19, 0xfa, 0x94, 0xfa, 0x94, 0xfa, 0x94, 0xfa,
  0x94, 0xfa, 0x94, 0xfa, 0x94, 0xfa, 0x94, 0xfa, 0x94, 0xfa, 0x94, 0xfa, 0x94, 0xfa, 0x94, 0xfa,
  0x94, 0xfa, 0x94, 0xfa, 0x94, 0xfa, 0x35, 0xf3, 0x1c, 0x6e, 0x3e, 0x2f, 0xdd, 0x36, 0xdd, 0x36,
  0xdd, 0x2e, 0xdd, 0x2e, 0xdd, 0x2e, 0xdd, 0x2e, 0xdd, 0x2e, 0xdd, 0x2e, 0xdd, 0x2e, 0xdd, 0x2e,
  0xdd, 0x2e, 0xdd, 0x2e, 0xdd, 0x2e, 0xdd, 0x2e, 0xdd, 0x2e, 0xdd, 0x2e, 0xdd, 0x36, 0xdd, 0x2e,
  0x3d, 0x1f, 0x5d, 0x07, 0x3d, 0x07, 0xd3, 0x04, 0x66, 0x01, 0x01, 0x00, 0x22, 0x08, 0x01, 0x08,
  0x0f, 0x78, 0x3e, 0xf0, 0x7a, 0xf9, 0x94, 0xfa, 0x94, 0xfa, 0x94, 0xfa, 0x94, 0xfa, 0x94, 0xfa,
  0x94, 0xfa, 0x94, 0xfa, 0x94, 0xfa, 0x94, 0xfa, 0x94, 0xfa, 0x94, 0xfa, 0x94, 0xfa, 0x94, 0xfa,
  0x74, 0xfa, 0x55, 0xeb, 0x5c, 0x6e, 0x1c, 0x07, 0x2a, 0x02, 0x00, 0x00, 0x21, 0x00, 0x05, 0x20,
  0x12, 0x90, 0x1d, 0xe8, 0x1f, 0xf8, 0xfe, 0xf8, 0x18, 0xfa, 0x94, 0xfa, 0x94, 0xfa, 0x94, 0xfa,
  0x94, 0xfa, 0x94, 0xfa, 0x94, 0xfa, 0x94, 0xfa, 0x94, 0xfa, 0x94, 0xfa, 0x94, 0xfa, 0x94, 0xfa,
  0x94, 0xfa, 0x94, 0xfa, 0x94, 0xfa, 0x94, 0xfa, 0x74, 0xfa, 0x76, 0xe3, 0x9f, 0x57, 0x9a, 0x06,
  0x0b, 0x50, 0x1d, 0xe8, 0x7f, 0xf8, 0xb9, 0xf9, 0x94, 0xfa, 0x74, 0xfa, 0x94, 0xfa, 0x94, 0xfa,
  0x94, 0xfa, 0x94, 0xfa, 0x94, 0xfa, 0x94, 0xfa, 0x94, 0xfa, 0x94, 0xfa, 0x94, 0xfa, 0x94, 0xfa,
  0x94, 0xfa, 0x94, 0xfa, 0x94, 0xfa, 0x94, 0xfa, 0x94, 0xfa, 0x94, 0xfa, 0x94, 0xfa, 0x94, 0xfa,
  0x34, 0xfa, 0xba, 0xb5, 0xdf, 0x26, 0x1f, 0xd4, 0x1f, 0xf8, 0x18, 0xfa, 0x94, 0xfa, 0x94, 0xfa,
  0x94, 0xfa, 0x94, 0xfa, 0x94, 0xfa, 0x94, 0xfa, 0x94, 0xfa, 0x94, 0xfa, 0x94, 0xfa, 0x94, 0xfa,
  0x94, 0xfa, 0x94, 0xfa, 0x94, 0xfa, 0x94, 0xfa, 0x94, 0xfa, 0x94, 0xfa, 0x94, 0xfa, 0x94, 0xfa,
  0x94, 0xfa, 0x74, 0xfa, 0x94, 0xf2, 0x9a, 0xb5, 0x1c, 0x07, 0x4a, 0x02, 0x00, 0x00, 0x22, 0x00,
  0x02, 0x00, 0x02, 0x00, 0x00, 0x00, 0x0e, 0x68, 0x1b, 0xd8, 0x5c, 0xf9, 0x55, 0xfa, 0x94, 0xfa,
  0x94, 0xfa, 0x94, 0xfa, 0x94, 0xfa, 0x94, 0xfa, 0x94, 0xfa, 0x94, 0xfa, 0x94, 0xfa, 0x94, 0xfa,
  0x94, 0xfa, 0x94, 0xfa, 0x94, 0xfa, 0x94, 0xfa, 0x74, 0xfa, 0x56, 0xeb, 0x57, 0xe4, 0x78, 0xe4,
  0x98, 0xe4, 0x98, 0xe4, 0x98, 0xe4, 0x98, 0xe4, 0x98, 0xe4, 0x98, 0xe4, 0x98, 0xe4, 0x98, 0xe4,
  0x98, 0xe4, 0x98, 0xe4, 0x98, 0xe4, 0x98, 0xe4, 0x98, 0xe4, 0x98, 0xe4, 0x98, 0xe4, 0x98, 0xe4,
  0x98, 0xe4, 0xb8, 0xdc, 0x9a, 0xb5, 0x5e, 0x47, 0x9e, 0x07, 0xd3, 0x04, 0x00, 0x00, 0x02, 0x00,
  0x00, 0x00, 0x27, 0x30, 0x1b, 0xd8, 0xdd, 0xf8, 0x56, 0xfa, 0x94, 0xfa, 0x94, 0xfa, 0x94, 0xfa,
  0x94, 0xfa, 0x94, 0xfa, 0x94, 0xfa, 0x94, 0xfa, 0x94, 0xfa, 0x94, 0xfa, 0x94, 0xfa, 0x94, 0xfa,
  0x94, 0xfa, 0x94, 0xfa, 0x74, 0xfa, 0x37, 0xdc, 0xdf, 0x37, 0xbe, 0x07, 0x1c, 0x07, 0x1c, 0x07,
  0x1c, 0x07, 0x1c, 0x07, 0x1c, 0x07, 0x1c, 0x07, 0x1c, 0x07, 0x1d, 0x1f, 0x3d, 0x76, 0x98, 0xd3,
  0x74, 0xfa, 0x94, 0xfa, 0x94, 0xfa, 0x94, 0xfa, 0x94, 0xfa, 0x94, 0xfa, 0x94, 0xfa, 0x94, 0xfa,
  0x94, 0xfa, 0x94, 0xfa, 0x94, 0xfa, 0x94, 0xfa, 0x94, 0xfa, 0x74, 0xfa, 0x94, 0xfa, 0x9d, 0x8e,
  0x9e, 0x07, 0xaf, 0x03, 0x00, 0x00, 0x22, 0x00, 0x02, 0x00, 0x22, 0x18, 0x2a, 0x79, 0x52, 0xd2,
  0xf6, 0xdb, 0xb8, 0xe4, 0x98, 0xe4, 0x98, 0xe4, 0x98, 0xe4, 0x98, 0xe4, 0x98, 0xe4, 0x98, 0xe4,
  0x98, 0xe4, 0x98, 0xe4, 0x98, 0xe4, 0x98, 0xe4, 0x98, 0xe4, 0x98, 0xe4, 0x98, 0xe4, 0x98, 0xe4,
  0x98, 0xe4, 0x98, 0xe4, 0x98, 0xe4, 0x77, 0xe4, 0x96, 0xeb, 0x94, 0xfa, 0x94, 0xfa, 0x94, 0xfa,
  0x94, 0xfa, 0x94, 0xfa, 0x94, 0xfa, 0x94, 0xfa, 0x94, 0xfa, 0x94, 0xfa, 0x94, 0xfa, 0x94, 0xfa,
  0x94, 0xfa, 0x94, 0xfa, 0x94, 0xfa, 0x94, 0xfa, 0xb4, 0xfa, 0xfb, 0x7d, 0xbf, 0x1f, 0x6e, 0x03,
  0xa3, 0x08, 0x25, 0x20, 0x32, 0x88, 0x5f, 0xf8, 0x99, 0xf9, 0xb4, 0xfa, 0x74, 0xfa, 0x94, 0xfa,
  0x94, 0xfa, 0x94, 0xfa, 0x94, 0xfa, 0x94, 0xfa, 0x94, 0xfa, 0x94, 0xfa, 0x94, 0xfa, 0x94, 0xfa,
  0x94, 0xfa, 0x94, 0xfa, 0x94, 0xfa, 0x94, 0xfa, 0x74, 0xfa, 0x74, 0xfa, 0xf5, 0xf2, 0x76, 0xe3,
  0xd6, 0xe3, 0xf7, 0xe3, 0xf7, 0xe3, 0xf7, 0xe3, 0xf7, 0xe3, 0xf7, 0xe3, 0xf7, 0xe3, 0xf7, 0xe3,
  0xf7, 0xe3, 0xf7, 0xe3, 0xf7, 0xe3, 0xf7, 0xe3, 0xf7, 0xe3, 0xf7, 0xe3, 0x17, 0xe4, 0x37, 0xe4,
  0x39, 0xc5, 0x5e, 0x47, 0xbf, 0x07, 0x8e, 0x03, 0x82, 0x00, 0x22, 0x00, 0x01, 0x00, 0x11, 0x80,
  0x3f, 0xf8, 0x7b, 0xf9, 0x94, 0xfa, 0x94, 0xfa, 0x94, 0xfa, 0x94, 0xfa, 0x94, 0xfa, 0x94, 0xfa,
  0x94, 0xfa, 0x94, 0xfa, 0x94, 0xfa, 0x94, 0xfa, 0x94, 0xfa, 0x94, 0xfa, 0x94, 0xfa, 0x74, 0xfa,
  0x54, 0xfa, 0x1b, 0xa6, 0xbf, 0x07, 0xb2, 0x04, 0x00, 0x00, 0x00, 0x00, 0x00, 0x00, 0x00, 0x00,
  0x00, 0x00, 0x00, 0x00, 0x00, 0x00, 0x0a, 0x50, 0x1d, 0xe8, 0x9f, 0xf8, 0x36, 0xfa, 0x94, 0xfa,
  0x94, 0xfa, 0x94, 0xfa, 0x94, 0xfa, 0x94, 0xfa, 0x94, 0xfa, 0x94, 0xfa, 0x94, 0xfa, 0x94, 0xfa,
  0x94, 0xfa, 0x94, 0xfa, 0x94, 0xfa, 0x94, 0xfa, 0x74, 0xfa, 0x96, 0xe3, 0x9d, 0x66, 0xbb, 0x06,
  0xe9, 0x01, 0x00, 0x00, 0x21, 0x00, 0x05, 0x18, 0x19, 0xc0, 0x9e, 0xf8, 0x17, 0xfa, 0x94, 0xfa,
  0x94, 0xfa, 0x94, 0xfa, 0x94, 0xfa, 0x94, 0xfa, 0x94, 0xfa, 0x94, 0xfa, 0x94, 0xfa, 0x94, 0xfa,
  0x94, 0xfa, 0x94, 0xfa, 0x94, 0xfa, 0x94, 0xfa, 0x74, 0xfa, 0xd5, 0xfa, 0x17, 0xe4, 0x77, 0xe4,
  0x98, 0xe4, 0x98, 0xe4, 0x98, 0xe4, 0x98, 0xe4, 0x98, 0xe4, 0x98, 0xe4, 0x98, 0xe4, 0x98, 0xe4,
  0x98, 0xe4, 0x98, 0xe4, 0x98, 0xe4, 0x98, 0xe4, 0x98, 0xe4, 0x98, 0xe4, 0x98, 0xe4, 0x98, 0xe4,
  0x98, 0xe4, 0x98, 0xe4, 0x19, 0xcd, 0xbd, 0x7e, 0xff, 0x07, 0xf7, 0x05, 0x05, 0x01, 0x01, 0x00,
  0x22, 0x00, 0x00, 0x00, 0x17, 0xb0, 0x1f, 0xf8, 0x19, 0xfa, 0x94, 0xfa, 0x94, 0xfa, 0x94, 0xfa,
  0x94, 0xfa, 0x94, 0xfa, 0x94, 0xfa, 0x94, 0xfa, 0x94, 0xfa, 0x94, 0xfa, 0x94, 0xfa, 0x94, 0xfa,
  0x94, 0xfa, 0x94, 0xfa, 0x94, 0xfa, 0xb4, 0xfa, 0xd6, 0xe3, 0x77, 0xe4, 0x78, 0xe4, 0x98, 0xe4,
  0x98, 0xe4, 0x98, 0xe4, 0x98, 0xe4, 0x98, 0xe4, 0x98, 0xe4, 0x98, 0xe4, 0x98, 0xe4, 0x98, 0xe4,
  0x98, 0xe4, 0x98, 0xe4, 0x98, 0xe4, 0x98, 0xe4, 0x98, 0xe4, 0x98, 0xe4, 0x98, 0xe4, 0x98, 0xe4,
  0xd8, 0xdc, 0x5c, 0x8e, 0xdf, 0x17, 0x39, 0x06, 0xab, 0x02, 0x00, 0x00, 0x22, 0x08, 0x01, 0x08,
  0x0f, 0x78, 0x3e, 0xf0, 0x7a, 0xf9, 0x94, 0xfa, 0x94, 0xfa, 0x94, 0xfa, 0x94, 0xfa, 0x94, 0xfa,
  0x94, 0xfa, 0x94, 0xfa, 0x94, 0xfa, 0x94, 0xfa, 0x94, 0xfa, 0x94, 0xfa, 0x94, 0xfa, 0x94, 0xfa,
  0x74, 0xfa, 0x55, 0xeb, 0x5c, 0x6e, 0x1c, 0x07, 0x2a, 0x02, 0x00, 0x00, 0x22, 0x00, 0x00, 0x00,
  0x07, 0x38, 0x15, 0xa8, 0x1e, 0xf0, 0x1f, 0xf8, 0x1d, 0xf9, 0x37, 0xfa, 0x94, 0xfa, 0x94, 0xfa,
  0x94, 0xfa, 0x94, 0xfa, 0x94, 0xfa, 0x94, 0xfa, 0x94, 0xfa, 0x94, 0xfa, 0x94, 0xfa, 0x94, 0xfa,
  0x94, 0xfa, 0x94, 0xfa, 0x94, 0xfa, 0x94, 0xfa, 0x74, 0xfa, 0x76, 0xe3, 0x9f, 0x57, 0x9a, 0x06,
  0x08, 0x38, 0x18, 0xb8, 0x3f, 0xf8, 0x3c, 0xf9, 0x74, 0xfa, 0x94, 0xfa, 0x94, 0xfa, 0x94, 0xfa,
  0x94, 0xfa, 0x94, 0xfa, 0x94, 0xfa, 0x94, 0xfa, 0x94, 0xfa, 0x94, 0xfa, 0x94, 0xfa, 0x94, 0xfa,
  0x94, 0xfa, 0x94, 0xfa, 0x94, 0xfa, 0x94, 0xfa, 0x94, 0xfa, 0x94, 0xfa, 0x94, 0xfa, 0x74, 0xfa,
  0x94, 0xf2, 0xbc, 0x96, 0x1b, 0x06, 0x9c, 0xda, 0x1f, 0xf8, 0xba, 0xf9, 0x74, 0xfa, 0x94, 0xfa,
  0x94, 0xfa, 0x94, 0xfa, 0x94, 0xfa, 0x94, 0xfa, 0x94, 0xfa, 0x94, 0xfa, 0x94, 0xfa, 0x94, 0xfa,
  0x94, 0xfa, 0x94, 0xfa, 0x94, 0xfa, 0x94, 0xfa, 0x94, 0xfa, 0x94, 0xfa, 0x94, 0xfa, 0x94, 0xfa,
  0x94, 0xfa, 0x74, 0xfa, 0x96, 0xeb, 0x3c, 0x76, 0x38, 0x06, 0x01, 0x00, 0x01, 0x00, 0x22, 0x00,
  0x02, 0x00, 0x02, 0x00, 0x00, 0x00, 0x0e, 0x68, 0x1b, 0xd8, 0x5c, 0xf9, 0x55, 0xfa, 0x94, 0xfa,
  0x94, 0xfa, 0x94, 0xfa, 0x94, 0xfa, 0x94, 0xfa, 0x94, 0xfa, 0x94, 0xfa, 0x94, 0xfa, 0x94, 0xfa,
  0x94, 0xfa, 0x94, 0xfa, 0x94, 0xfa, 0x94, 0xfa, 0x94, 0xfa, 0x74, 0xfa, 0x74, 0xfa, 0x74, 0xfa,
  0x54, 0xfa, 0x54, 0xfa, 0x54, 0xfa, 0x54, 0xfa, 0x54, 0xfa, 0x54, 0xfa, 0x54, 0xfa, 0x54, 0xfa,
  0x54, 0xfa, 0x54, 0xfa, 0x54, 0xfa, 0x54, 0xfa, 0x54, 0xfa, 0x54, 0xfa, 0x54, 0xfa, 0x54, 0xfa,
  0x74, 0xfa, 0x54, 0xfa, 0xd5, 0xf2, 0x3c, 0xa6, 0xdf, 0x07, 0x55, 0x05, 0x00, 0x00, 0x02, 0x00,
  0x00, 0x00, 0x27, 0x30, 0x1b, 0xd8, 0xdd, 0xf8, 0x56, 0xfa, 0x94, 0xfa, 0x94, 0xfa, 0x94, 0xfa,
  0x94, 0xfa, 0x94, 0xfa, 0x94, 0xfa, 0x94, 0xfa, 0x94, 0xfa, 0x94, 0xfa, 0x94, 0xfa, 0x94, 0xfa,
  0x94, 0xfa, 0x94, 0xfa, 0x94, 0xfa, 0x35, 0xf3, 0x39, 0xb5, 0x7a, 0xb5, 0x7a, 0xb5, 0x7a, 0xb5,
  0x7a, 0xb5, 0x7a, 0xb5, 0x7a, 0xb5, 0x7a, 0xb5, 0x7a, 0xb5, 0x59, 0xbd, 0x77, 0xdc, 0xf5, 0xf2,
  0x74, 0xfa, 0x94, 0xfa, 0x94, 0xfa, 0x94, 0xfa, 0x94, 0xfa, 0x94, 0xfa, 0x94, 0xfa, 0x94, 0xfa,
  0x94, 0xfa, 0x94, 0xfa, 0x94, 0xfa, 0x94, 0xfa, 0x94, 0xfa, 0x74, 0xfa, 0x94, 0xfa, 0x9d, 0x8e,
  0x7e, 0x07, 0x8e, 0x03, 0x00, 0x00, 0x22, 0x00, 0x01, 0x08, 0x87, 0x48, 0x32, 0xda, 0x94, 0xfa,
  0x74, 0xfa, 0x54, 0xfa, 0x54, 0xfa, 0x54, 0xfa, 0x54, 0xfa, 0x54, 0xfa, 0x54, 0xfa, 0x54, 0xfa,
  0x54, 0xfa, 0x54, 0xfa, 0x54, 0xfa, 0x54, 0xfa, 0x54, 0xfa, 0x54, 0xfa, 0x54, 0xfa, 0x54, 0xfa,
  0x54, 0xfa, 0x54, 0xfa, 0x54, 0xfa, 0x54, 0xfa, 0x74, 0xfa, 0x94, 0xfa, 0x94, 0xfa, 0x94, 0xfa,
  0x94, 0xfa, 0x94, 0xfa, 0x94, 0xfa, 0x94, 0xfa, 0x94, 0xfa, 0x94, 0xfa, 0x94, 0xfa, 0x94, 0xfa,
  0x94, 0xfa, 0x94, 0xfa, 0x94, 0xfa, 0x94, 0xfa, 0xb4, 0xfa, 0x1c, 0x7e, 0xbf, 0x1f, 0x2d, 0x03,
  0x62, 0x08, 0x24, 0x20, 0x31, 0x88, 0x5f, 0xf8, 0x7a, 0xf9, 0x94, 0xfa, 0x74, 0xfa, 0x94, 0xfa,
  0x94, 0xfa, 0x94, 0xfa, 0x94, 0xfa, 0x94, 0xfa, 0x94, 0xfa, 0x94, 0xfa, 0x94, 0xfa, 0x94, 0xfa,
  0x94, 0xfa, 0x94, 0xfa, 0x94, 0xfa, 0x94, 0xfa, 0x94, 0xfa, 0x74, 0xfa, 0x74, 0xfa, 0x74, 0xfa,
  0x74, 0xfa, 0x74, 0xfa, 0x74, 0xfa, 0x74, 0xfa, 0x74, 0xfa, 0x74, 0xfa, 0x74, 0xfa, 0x74, 0xfa,
  0x74, 0xfa, 0x74, 0xfa, 0x74, 0xfa, 0x74, 0xfa, 0x74, 0xfa, 0x74, 0xfa, 0x74, 0xfa, 0x74, 0xfa,
  0xd4, 0xf2, 0xdb, 0x7d, 0x9e, 0x1f, 0xd0, 0x03, 0xa3, 0x00, 0x22, 0x00, 0x01, 0x00, 0x11, 0x80,
  0x3f, 0xf8, 0x7b, 0xf9, 0x94, 0xfa, 0x94, 0xfa, 0x94, 0xfa, 0x94, 0xfa, 0x94, 0xfa, 0x94, 0xfa,
  0x94, 0xfa, 0x94, 0xfa, 0x94, 0xfa, 0x94, 0xfa, 0x94, 0xfa, 0x94, 0xfa, 0x94, 0xfa, 0x74, 0xfa,
  0x54, 0xfa, 0x1b, 0xa6, 0xbf, 0x07, 0xb3, 0x04, 0x00, 0x00, 0x02, 0x00, 0x02, 0x00, 0x02, 0x00,
  0x02, 0x00, 0x02, 0x00, 0x01, 0x00, 0x06, 0x30, 0x1a, 0xd0, 0x9f, 0xf8, 0x36, 0xfa, 0x94, 0xfa,
  0x94, 0xfa, 0x94, 0xfa, 0x94, 0xfa, 0x94, 0xfa, 0x94, 0xfa, 0x94, 0xfa, 0x94, 0xfa, 0x94, 0xfa,
  0x94, 0xfa, 0x94, 0xfa, 0x94, 0xfa, 0x94, 0xfa, 0x74, 0xfa, 0x96, 0xe3, 0x9d, 0x66, 0xbb, 0x06,
  0xe9, 0x01, 0x00, 0x00, 0x21, 0x00, 0x05, 0x18, 0x19, 0xc0, 0x9e, 0xf8, 0x17, 0xfa, 0x94, 0xfa,
  0x94, 0xfa, 0x94, 0xfa, 0x94, 0xfa, 0x94, 0xfa, 0x94, 0xfa, 0x94, 0xfa, 0x94, 0xfa, 0x94, 0xfa,
  0x94, 0xfa, 0x94, 0xfa, 0x94, 0xfa, 0x94, 0xfa, 0x94, 0xfa, 0x94, 0xfa, 0x74, 0xfa, 0x74, 0xfa,
  0x54, 0xfa, 0x54, 0xfa, 0x54, 0xfa, 0x54, 0xfa, 0x54, 0xfa, 0x54, 0xfa, 0x54, 0xfa, 0x54, 0xfa,
  0x54, 0xfa, 0x54, 0xfa, 0x54, 0xfa, 0x54, 0xfa, 0x54, 0xfa, 0x54, 0xfa, 0x54, 0xfa, 0x54, 0xfa,
  0x54, 0xfa, 0x54, 0xfa, 0x54, 0xfa, 0xf8, 0xbc, 0x7f, 0x37, 0x18, 0x06, 0x87, 0x01, 0x00, 0x00,
  0x22, 0x00, 0x00, 0x00, 0x17, 0xb0, 0x1f, 0xf8, 0x19, 0xfa, 0x94, 0xfa, 0x94, 0xfa, 0x94, 0xfa,
  0x94, 0xfa, 0x94, 0xfa, 0x94, 0xfa, 0x94, 0xfa, 0x94, 0xfa, 0x94, 0xfa, 0x94, 0xfa, 0x94, 0xfa,
  0x94, 0xfa, 0x94, 0xfa, 0x94, 0xfa, 0x94, 0xfa, 0x74, 0xfa, 0x74, 0xfa, 0x54, 0xfa, 0x54, 0xfa,
  0x54, 0xfa, 0x54, 0xfa, 0x54, 0xfa, 0x54, 0xfa, 0x54, 0xfa, 0x54, 0xfa, 0x54, 0xfa, 0x54, 0xfa,
  0x54, 0xfa, 0x54, 0xfa, 0x54, 0xfa, 0x54, 0xfa, 0x54, 0xfa, 0x54, 0xfa, 0x54, 0xfa, 0x74, 0xfa,
  0x34, 0xfa, 0xf7, 0xcb, 0x3e, 0x67, 0x9a, 0x06, 0x0d, 0x03, 0x00, 0x00, 0x02, 0x08, 0x01, 0x08,
  0x0f, 0x78, 0x3e, 0xf0, 0x7a, 0xf9, 0x94, 0xfa, 0x94, 0xfa, 0x94, 0xfa, 0x94, 0xfa, 0x94, 0xfa,
  0x94, 0xfa, 0x94, 0xfa, 0x94, 0xfa, 0x94, 0xfa, 0x94, 0xfa, 0x94, 0xfa, 0x94, 0xfa, 0x94, 0xfa,
  0x74, 0xfa, 0x55, 0xeb, 0x5c, 0x6e, 0x1c, 0x07, 0x2a, 0x02, 0x00, 0x00, 0x22, 0x00, 0x02, 0x00,
  0x00, 0x00, 0x09, 0x48, 0x18, 0xb8, 0x1f, 0xf8, 0x3f, 0xf8, 0x5c, 0xf9, 0x56, 0xfa, 0x94, 0xfa,
  0x94, 0xfa, 0x94, 0xfa, 0x94, 0xfa, 0x94, 0xfa, 0x94, 0xfa, 0x94, 0xfa, 0x94, 0xfa, 0x94, 0xfa,
  0x94, 0xfa, 0x94, 0xfa, 0x94, 0xfa, 0x94, 0xfa, 0x74, 0xfa, 0x76, 0xe3, 0x9f, 0x57, 0x9a, 0x06,
  0x04, 0x20, 0x11, 0x88, 0x1f, 0xf8, 0xbe, 0xf8, 0x17, 0xfa, 0x94, 0xfa, 0x74, 0xfa, 0x94, 0xfa,
  0x94, 0xfa, 0x94, 0xfa, 0x94, 0xfa, 0x94, 0xfa, 0x94, 0xfa, 0x94, 0xfa, 0x94, 0xfa, 0x94, 0xfa,
  0x94, 0xfa, 0x94, 0xfa, 0x94, 0xfa, 0x94, 0xfa, 0x94, 0xfa, 0x94, 0xfa, 0x94, 0xfa, 0x54, 0xfa,
  0x96, 0xdb, 0x1e, 0x6f, 0x76, 0x05, 0xd7, 0xb8, 0x1f, 0xf8, 0x1c, 0xf9, 0x75, 0xfa, 0x94, 0xfa,
  0x94, 0xfa, 0x94, 0xfa, 0x94, 0xfa, 0x94, 0xfa, 0x94, 0xfa, 0x94, 0xfa, 0x94, 0xfa, 0x94, 0xfa,
  0x94, 0xfa, 0x94, 0xfa, 0x94, 0xfa, 0x94, 0xfa, 0x94, 0xfa, 0x94, 0xfa, 0x94, 0xfa, 0x94, 0xfa,
  0x94, 0xfa, 0x54, 0xfa, 0xb8, 0xdc, 0xfc, 0x2e, 0x30, 0x04, 0x00, 0x00, 0x22, 0x00, 0x02, 0x00,
  0x02, 0x00, 0x02, 0x00, 0x00, 0x00, 0x0e, 0x68, 0x1b, 0xd8, 0x5c, 0xf9, 0x55, 0xfa, 0x94, 0xfa,
  0x94, 0xfa, 0x94, 0xfa, 0x94, 0xfa, 0x94, 0xfa, 0x94, 0xfa, 0x94, 0xfa, 0x94, 0xfa, 0x94, 0xfa,
  0x94, 0xfa, 0x94, 0xfa, 0x94, 0xfa, 0x94, 0xfa, 0x94, 0xfa, 0x94, 0xfa, 0x94, 0xfa, 0x94, 0xfa,
  0x94, 0xfa, 0x94, 0xfa, 0x94, 0xfa, 0x94, 0xfa, 0x94, 0xfa, 0x94, 0xfa, 0x94, 0xfa, 0x94, 0xfa,
  0x94, 0xfa, 0x94, 0xfa, 0x94, 0xfa, 0x94, 0xfa, 0x94, 0xfa, 0x94, 0xfa, 0x94, 0xfa, 0x94, 0xfa,
  0x94, 0xfa, 0x74, 0xfa, 0x54, 0xfa, 0xda, 0xbd, 0xbf, 0x07, 0x75, 0x05, 0x00, 0x00, 0x02, 0x00,
  0x01, 0x00, 0x27, 0x30, 0x1b, 0xd8, 0xdd, 0xf8, 0x56, 0xfa, 0x94, 0xfa, 0x94, 0xfa, 0x94, 0xfa,
  0x94, 0xfa, 0x94, 0xfa, 0x94, 0xfa, 0x94, 0xfa, 0x94, 0xfa, 0x94, 0xfa, 0x94, 0xfa, 0x94, 0xfa,
  0x94, 0xfa, 0x94, 0xfa, 0x94, 0xfa, 0x94, 0xfa, 0xb4, 0xfa, 0xb4, 0xf2, 0x94, 0xf2, 0x94, 0xf2,
  0x94, 0xf2, 0x94, 0xf2, 0x94, 0xf2, 0x94, 0xf2, 0x94, 0xf2, 0x94, 0xfa, 0x74, 0xfa, 0x74, 0xfa,
  0x94, 0xfa, 0x94, 0xfa, 0x94, 0xfa, 0x94, 0xfa, 0x94, 0xfa, 0x94, 0xfa, 0x94, 0xfa, 0x94, 0xfa,
  0x94, 0xfa, 0x94, 0xfa, 0x94, 0xfa, 0x94, 0xfa, 0x94, 0xfa, 0x74, 0xfa, 0x94, 0xfa, 0xdd, 0x86,
  0xfc, 0x06, 0x2d, 0x03, 0x01, 0x00, 0x23, 0x10, 0x0d, 0x68, 0xd8, 0xd8, 0x75, 0xfa, 0x94, 0xfa,
  0x94, 0xfa, 0x94, 0xfa, 0x94, 0xfa, 0x94, 0xfa, 0x94, 0xfa, 0x94, 0xfa, 0x94, 0xfa, 0x94, 0xfa,
  0x94, 0xfa, 0x94, 0xfa, 0x94, 0xfa, 0x94, 0xfa, 0x94, 0xfa, 0x94, 0xfa, 0x94, 0xfa, 0x94, 0xfa,
  0x94, 0xfa, 0x94, 0xfa, 0x94, 0xfa, 0x94, 0xfa, 0x94, 0xfa, 0x94, 0xfa, 0x94, 0xfa, 0x94, 0xfa,
  0x94, 0xfa, 0x94, 0xfa, 0x94, 0xfa, 0x94, 0xfa, 0x94, 0xfa, 0x94, 0xfa, 0x94, 0xfa, 0x94, 0xfa,
  0x94, 0xfa, 0x94, 0xfa, 0x94, 0xfa, 0x94, 0xfa, 0xd4, 0xfa, 0x7c, 0x76, 0x7e, 0x17, 0xcb, 0x02,
  0x22, 0x08, 0x24, 0x20, 0x11, 0x80, 0x3f, 0xf8, 0x3b, 0xf9, 0x94, 0xfa, 0x94, 0xfa, 0x94, 0xfa,
  0x94, 0xfa, 0x94, 0xfa, 0x94, 0xfa, 0x94, 0xfa, 0x94, 0xfa, 0x94, 0xfa, 0x94, 0xfa, 0x94, 0xfa,
  0x94, 0xfa, 0x94, 0xfa, 0x94, 0xfa, 0x94, 0xfa, 0x94, 0xfa, 0x94, 0xfa, 0x94, 0xfa, 0x94, 0xfa,
  0x94, 0xfa, 0x94, 0xfa, 0x94, 0xfa, 0x94, 0xfa, 0x94, 0xfa, 0x94, 0xfa, 0x94, 0xfa, 0x94, 0xfa,
  0x94, 0xfa, 0x94, 0xfa, 0x94, 0xfa, 0x94, 0xfa, 0x94, 0xfa, 0x94, 0xfa, 0x94, 0xfa, 0x94, 0xfa,
  0x94, 0xfa, 0x3a, 0x95, 0x9e, 0x27, 0xd0, 0x03, 0xa3, 0x00, 0x22, 0x00, 0x01, 0x00, 0x11, 0x80,
  0x3f, 0xf8, 0x7b, 0xf9, 0x94, 0xfa, 0x94, 0xfa, 0x94, 0xfa, 0x94, 0xfa, 0x94, 0xfa, 0x94, 0xfa,
  0x94, 0xfa, 0x94, 0xfa, 0x94, 0xfa, 0x94, 0xfa, 0x94, 0xfa, 0x94, 0xfa, 0x94, 0xfa, 0x74, 0xfa,
  0x54, 0xfa, 0x1b, 0xa6, 0xbf, 0x07, 0xb3, 0x04, 0x00, 0x00, 0x02, 0x00, 0x02, 0x00, 0x02, 0x00,
  0x02, 0x00, 0x02, 0x00, 0x02, 0x00, 0x06, 0x28, 0x19, 0xc8, 0x9f, 0xf8, 0x36, 0xfa, 0x94, 0xfa,
  0x94, 0xfa, 0x94, 0xfa, 0x94, 0xfa, 0x94, 0xfa, 0x94, 0xfa, 0x94, 0xfa, 0x94, 0xfa, 0x94, 0xfa,
  0x94, 0xfa, 0x94, 0xfa, 0x94, 0xfa, 0x94, 0xfa, 0x74, 0xfa, 0x96, 0xe3, 0x9d, 0x66, 0xbb, 0x06,
  0xe9, 0x01, 0x00, 0x00, 0x21, 0x00, 0x05, 0x18, 0x19, 0xc0, 0x9e, 0xf8, 0x17, 0xfa, 0x94, 0xfa,
  0x94, 0xfa, 0x94, 0xfa, 0x94, 0xfa, 0x94, 0xfa, 0x94, 0xfa, 0x94, 0xfa, 0x94, 0xfa, 0x94, 0xfa,
  0x94, 0xfa, 0x94, 0xfa, 0x94, 0xfa, 0x94, 0xfa, 0x94, 0xfa, 0x94, 0xfa, 0x94, 0xfa, 0x94, 0xfa,
  0x94, 0xfa, 0x94, 0xfa, 0x94, 0xfa, 0x94, 0xfa, 0x94, 0xfa, 0x94, 0xfa, 0x94, 0xfa, 0x94, 0xfa,
  0x94, 0xfa, 0x94, 0xfa, 0x94, 0xfa, 0x94, 0xfa, 0x94, 0xfa, 0x94, 0xfa, 0x94, 0xfa, 0x94, 0xfa,
  0x94, 0xfa, 0x94, 0xfa, 0x34, 0xfa, 0x17, 0xd4, 0x1e, 0x4f, 0x18, 0x06, 0x87, 0x01, 0x00, 0x00,
  0x22, 0x00, 0x00, 0x00, 0x17, 0xb0, 0x1f, 0xf8, 0x19, 0xfa, 0x94, 0xfa, 0x94, 0xfa, 0x94, 0xfa,
  0x94, 0xfa, 0x94, 0xfa, 0x94, 0xfa, 0x94, 0xfa, 0x94, 0xfa, 0x94, 0xfa, 0x94, 0xfa, 0x94, 0xfa,
  0x94, 0xfa, 0x94, 0xfa, 0x94, 0xfa, 0x94, 0xfa, 0x94, 0xfa, 0x94, 0xfa, 0x94, 0xfa, 0x94, 0xfa,
  0x94, 0xfa, 0x94, 0xfa, 0x94, 0xfa, 0x94, 0xfa, 0x94, 0xfa, 0x94, 0xfa, 0x94, 0xfa, 0x94, 0xfa,
  0x94, 0xfa, 0x94, 0xfa, 0x94, 0xfa, 0x94, 0xfa, 0x94, 0xfa, 0x94, 0xfa, 0x94, 0xfa, 0x94, 0xfa,
  0x54, 0xfa, 0x15, 0xe3, 0xfd, 0x7e, 0x9a, 0x06, 0x2d, 0x03, 0x00, 0x00, 0x02, 0x08, 0x01, 0x08,
  0x0f, 0x78, 0x3e, 0xf0, 0x7a, 0xf9, 0x94, 0xfa, 0x94, 0xfa, 0x94, 0xfa, 0x94, 0xfa, 0x94, 0xfa,
  0x94, 0xfa, 0x94, 0xfa, 0x94, 0xfa, 0x94, 0xfa, 0x94, 0xfa, 0x94, 0xfa, 0x94, 0xfa, 0x94, 0xfa,
  0x74, 0xfa, 0x55, 0xeb, 0x5c, 0x6e, 0x1c, 0x07, 0x2a, 0x02, 0x00, 0x00, 0x22, 0x00, 0x02, 0x00,
  0x02, 0x00, 0x00, 0x00, 0x0c, 0x58, 0x1a, 0xd0, 0x1f, 0xf8, 0x7e, 0xf8, 0xf8, 0xf9, 0x94, 0xfa,
  0x94, 0xfa, 0x94, 0xfa, 0x94, 0xfa, 0x94, 0xfa, 0x94, 0xfa, 0x94, 0xfa, 0x94, 0xfa, 0x94, 0xfa,
  0x94, 0xfa, 0x94, 0xfa, 0x94, 0xfa, 0x94, 0xfa, 0x74, 0xfa, 0x76, 0xe3, 0x9f, 0x57, 0x9a, 0x06,
  0x02, 0x08, 0x0c, 0x60, 0x1d, 0xf0, 0x5f, 0xf8, 0x9a, 0xf9, 0x94, 0xfa, 0x74, 0xfa, 0x94, 0xfa,
  0x94, 0xfa, 0x94, 0xfa, 0x94, 0xfa, 0x94, 0xfa, 0x94, 0xfa, 0x94, 0xfa, 0x94, 0xfa, 0x94, 0xfa,
  0x94, 0xfa, 0x94, 0xfa, 0x94, 0xfa, 0x94, 0xfa, 0x94, 0xfa, 0x94, 0xfa, 0x94, 0xfa, 0x34, 0xfa,
  0xf9, 0xbc, 0x1d, 0x3f, 0xb2, 0x04, 0x10, 0x88, 0x1d, 0xe8, 0x9e, 0xf8, 0x37, 0xfa, 0x94, 0xfa,
  0x94, 0xfa, 0x94, 0xfa, 0x94, 0xfa, 0x94, 0xfa, 0x94, 0xfa, 0x94, 0xfa, 0x94, 0xfa, 0x94, 0xfa,
  0x94, 0xfa, 0x94, 0xfa, 0x94, 0xfa, 0x94, 0xfa, 0x94, 0xfa, 0x94, 0xfa, 0x94, 0xfa, 0x94, 0xfa,
  0x74, 0xfa, 0xd5, 0xf2, 0xba, 0xa5, 0x1c, 0x07, 0xa7, 0x01, 0x01, 0x00, 0x22, 0x00, 0x02, 0x00,
  0x02, 0x00, 0x02, 0x00, 0x00, 0x00, 0x0e, 0x68, 0x1b, 0xd8, 0x5c, 0xf9, 0x55, 0xfa, 0x94, 0xfa,
  0x94, 0xfa, 0x94, 0xfa, 0x94, 0xfa, 0x94, 0xfa, 0x94, 0xfa, 0x94, 0xfa, 0x94, 0xfa, 0x94, 0xfa,
  0x94, 0xfa, 0x94, 0xfa, 0x94, 0xfa, 0x94, 0xfa, 0x94, 0xfa, 0x94, 0xfa, 0x94, 0xfa, 0x94, 0xfa,
  0x94, 0xfa, 0x94, 0xfa, 0x94, 0xfa, 0x94, 0xfa, 0x94, 0xfa, 0x94, 0xfa, 0x94, 0xfa, 0x94, 0xfa,
  0x94, 0xfa, 0x94, 0xfa, 0x94, 0xfa, 0x94, 0xfa, 0x94, 0xfa, 0x94, 0xfa, 0x94, 0xfa, 0x94, 0xfa,
  0x94, 0xfa, 0x94, 0xfa, 0x54, 0xfa, 0xba, 0xbd, 0xbf, 0x07, 0x75, 0x05, 0x00, 0x00, 0x02, 0x00,
  0x01, 0x00, 0x27, 0x30, 0x1b, 0xd8, 0xdd, 0xf8, 0x56, 0xfa, 0x94, 0xfa, 0x94, 0xfa, 0x94, 0xfa,
  0x94, 0xfa, 0x94, 0xfa, 0x94, 0xfa, 0x94, 0xfa, 0x94, 0xfa, 0x94, 0xfa, 0x94, 0xfa, 0x94, 0xfa,
  0x94, 0xfa, 0x94, 0xfa, 0x94, 0xfa, 0x94, 0xfa, 0x74, 0xfa, 0x74, 0xfa, 0x74, 0xfa, 0x74, 0xfa,
  0x74, 0xfa, 0x74, 0xfa, 0x74, 0xfa, 0x74, 0xfa, 0x74, 0xfa, 0x74, 0xfa, 0x94, 0xfa, 0x94, 0xfa,
  0x94, 0xfa, 0x94, 0xfa, 0x94, 0xfa, 0x94, 0xfa, 0x94, 0xfa, 0x94, 0xfa, 0x94, 0xfa, 0x94, 0xfa,
  0x94, 0xfa, 0x94, 0xfa, 0x94, 0xfa, 0x94, 0xfa, 0x94, 0xfa, 0x74, 0xfa, 0xb4, 0xfa, 0x3e, 0x87,
  0x39, 0x06, 0x8a, 0x02, 0x01, 0x00, 0x26, 0x30, 0x19, 0xc8, 0xdd, 0xf8, 0x75, 0xfa, 0x94, 0xfa,
  0x94, 0xfa, 0x94, 0xfa, 0x94, 0xfa, 0x94, 0xfa, 0x94, 0xfa, 0x94, 0xfa, 0x94, 0xfa, 0x94, 0xfa,
  0x94, 0xfa, 0x94, 0xfa, 0x94, 0xfa, 0x94, 0xfa, 0x94, 0xfa, 0x94, 0xfa, 0x94, 0xfa, 0x94, 0xfa,
  0x94, 0xfa, 0x94, 0xfa, 0x94, 0xfa, 0x94, 0xfa, 0x94, 0xfa, 0x94, 0xfa, 0x94, 0xfa, 0x94, 0xfa,
  0x94, 0xfa, 0x94, 0xfa, 0x94, 0xfa, 0x94, 0xfa, 0x94, 0xfa, 0x94, 0xfa, 0x94, 0xfa, 0x94, 0xfa,
  0x94, 0xfa, 0x94, 0xfa, 0x94, 0xfa, 0x74, 0xfa, 0x15, 0xfb, 0x1e, 0x6f, 0x59, 0x0e, 0x08, 0x02,
  0x22, 0x00, 0x03, 0x18, 0x0f, 0x78, 0x1f, 0xf8, 0xfd, 0xf8, 0x75, 0xfa, 0x94, 0xfa, 0x94, 0xfa,
  0x94, 0xfa, 0x94, 0xfa, 0x94, 0xfa, 0x94, 0xfa, 0x94, 0xfa, 0x94, 0xfa, 0x94, 0xfa, 0x94, 0xfa,
  0x94, 0xfa, 0x94, 0xfa, 0x94, 0xfa, 0x94, 0xfa, 0x94, 0xfa, 0x94, 0xfa, 0x94, 0xfa, 0x94, 0xfa,
  0x94, 0xfa, 0x94, 0xfa, 0x94, 0xfa, 0x94, 0xfa, 0x94, 0xfa, 0x94, 0xfa, 0x94, 0xfa, 0x94, 0xfa,
  0x94, 0xfa, 0x94, 0xfa, 0x94, 0xfa, 0x94, 0xfa, 0x94, 0xfa, 0x94, 0xfa, 0x94, 0xfa, 0x94, 0xfa,
  0x94, 0xfa, 0x39, 0x9d, 0x9e, 0x27, 0xd0, 0x03, 0xa3, 0x00, 0x22, 0x00, 0x01, 0x00, 0x11, 0x80,
  0x3f, 0xf8, 0x7b, 0xf9, 0x94, 0xfa, 0x94, 0xfa, 0x94, 0xfa, 0x94, 0xfa, 0x94, 0xfa, 0x94, 0xfa,
  0x94, 0xfa, 0x94, 0xfa, 0x94, 0xfa, 0x94, 0xfa, 0x94, 0xfa, 0x94, 0xfa, 0x94, 0xfa, 0x74, 0xfa,
  0x54, 0xfa, 0x1b, 0xa6, 0xbf, 0x07, 0xb3, 0x04, 0x00, 0x00, 0x02, 0x00, 0x02, 0x00, 0x02, 0x00,
  0x02, 0x00, 0x02, 0x00, 0x02, 0x00, 0x06, 0x28, 0x19, 0xc8, 0x9f, 0xf8, 0x36, 0xfa, 0x94, 0xfa,
  0x94, 0xfa, 0x94, 0xfa, 0x94, 0xfa, 0x94, 0xfa, 0x94, 0xfa, 0x94, 0xfa, 0x94, 0xfa, 0x94, 0xfa,
  0x94, 0xfa, 0x94, 0xfa, 0x94, 0xfa, 0x94, 0xfa, 0x74, 0xfa, 0x96, 0xe3, 0x9d, 0x66, 0xbb, 0x06,
  0xe9, 0x01, 0x00, 0x00, 0x21, 0x00, 0x05, 0x18, 0x19, 0xc0, 0x9e, 0xf8, 0x17, 0xfa, 0x94, 0xfa,
  0x94, 0xfa, 0x94, 0xfa, 0x94, 0xfa, 0x94, 0xfa, 0x94, 0xfa, 0x94, 0xfa, 0x94, 0xfa, 0x94, 0xfa,
  0x94, 0xfa, 0x94, 0xfa, 0x94, 0xfa, 0x94, 0xfa, 0x94, 0xfa, 0x94, 0xfa, 0x94, 0xfa, 0x94, 0xfa,
  0x94, 0xfa, 0x94, 0xfa, 0x94, 0xfa, 0x94, 0xfa, 0x94, 0xfa, 0x94, 0xfa, 0x94, 0xfa, 0x94, 0xfa,
  0x94, 0xfa, 0x94, 0xfa, 0x94, 0xfa, 0x94, 0xfa, 0x94, 0xfa, 0x94, 0xfa, 0x94, 0xfa, 0x94, 0xfa,
  0x94, 0xfa, 0x94, 0xfa, 0x54, 0xfa, 0x17, 0xd4, 0x1e, 0x57, 0x18, 0x06, 0x87, 0x01, 0x00, 0x00,
  0x22, 0x00, 0x00, 0x00, 0x17, 0xb0, 0x1f, 0xf8, 0x19, 0xfa, 0x94, 0xfa, 0x94, 0xfa, 0x94, 0xfa,
  0x94, 0xfa, 0x94, 0xfa, 0x94, 0xfa, 0x94, 0xfa, 0x94, 0xfa, 0x94, 0xfa, 0x94, 0xfa, 0x94, 0xfa,
  0x94, 0xfa, 0x94, 0xfa, 0x94, 0xfa, 0x94, 0xfa, 0x94, 0xfa, 0x94, 0xfa, 0x94, 0xfa, 0x94, 0xfa,
  0x94, 0xfa, 0x94, 0xfa, 0x94, 0xfa, 0x94, 0xfa, 0x94, 0xfa, 0x94, 0xfa, 0x94, 0xfa, 0x94, 0xfa,
  0x94, 0xfa, 0x94, 0xfa, 0x94, 0xfa, 0x94, 0xfa, 0x94, 0xfa, 0x94, 0xfa, 0x94, 0xfa, 0x94, 0xfa,
  0x74, 0xfa, 0xf5, 0xe2, 0xfd, 0x86, 0x9a, 0x06, 0x2d, 0x03, 0x00, 0x00, 0x02, 0x08, 0x01, 0x08,
  0x0f, 0x78, 0x3e, 0xf0, 0x7a, 0xf9, 0x94, 0xfa, 0x94, 0xfa, 0x94, 0xfa, 0x94, 0xfa, 0x94, 0xfa,
  0x94, 0xfa, 0x94, 0xfa, 0x94, 0xfa, 0x94, 0xfa, 0x94, 0xfa, 0x94, 0xfa, 0x94, 0xfa, 0x94, 0xfa,
  0x74, 0xfa, 0x55, 0xeb, 0x5c, 0x6e, 0x1c, 0x07, 0x2a, 0x02, 0x00, 0x00, 0x22, 0x00, 0x02, 0x00,
  0x02, 0x00, 0x02, 0x00, 0x00, 0x00, 0x0e, 0x70, 0x1b, 0xd8, 0x3f, 0xf8, 0xf9, 0xf9, 0x94, 0xfa,
  0x94, 0xfa, 0x94, 0xfa, 0x94, 0xfa, 0x94, 0xfa, 0x94, 0xfa, 0x94, 0xfa, 0x94, 0xfa, 0x94, 0xfa,
  0x94, 0xfa, 0x94, 0xfa, 0x94, 0xfa, 0x94, 0xfa, 0x74, 0xfa, 0x76, 0xe3, 0x9f, 0x57, 0x9a, 0x06,
  0x02, 0x00, 0x08, 0x40, 0x18, 0xb8, 0x3f, 0xf8, 0x1d, 0xf9, 0x75, 0xfa, 0x94, 0xfa, 0x94, 0xfa,
  0x94, 0xfa, 0x94, 0xfa, 0x94, 0xfa, 0x94, 0xfa, 0x94, 0xfa, 0x94, 0xfa, 0x94, 0xfa, 0x94, 0xfa,
  0x94, 0xfa, 0x94, 0xfa, 0x94, 0xfa, 0x94, 0xfa, 0x94, 0xfa, 0x94, 0xfa, 0x74, 0xfa, 0x54, 0xfa,
  0x7c, 0xa6, 0x9a, 0x06, 0x4d, 0x03, 0x0a, 0x50, 0x1c, 0xe0, 0x3f, 0xf8, 0xf9, 0xf9, 0x94, 0xfa,
  0x94, 0xfa, 0x94, 0xfa, 0x94, 0xfa, 0x94, 0xfa, 0x94, 0xfa, 0x94, 0xfa, 0x94, 0xfa, 0x94, 0xfa,
  0x94, 0xfa, 0x94, 0xfa, 0x94, 0xfa, 0x94, 0xfa, 0x94, 0xfa, 0x94, 0xfa, 0x94, 0xfa, 0x94, 0xfa,
  0x74, 0xfa, 0xd6, 0xeb, 0x7c, 0x5e, 0xb6, 0x05, 0x00, 0x00, 0x02, 0x00, 0x02, 0x00, 0x02, 0x00,
  0x02, 0x00, 0x02, 0x00, 0x00, 0x00, 0x0e, 0x68, 0x1b, 0xd8, 0x5c, 0xf9, 0x55, 0xfa, 0x94, 0xfa,
  0x94, 0xfa, 0x94, 0xfa, 0x94, 0xfa, 0x94, 0xfa, 0x94, 0xfa, 0x94, 0xfa, 0x94, 0xfa, 0x94, 0xfa,
  0x94, 0xfa, 0x94, 0xfa, 0x94, 0xfa, 0x94, 0xfa, 0x94, 0xfa, 0x94, 0xfa, 0x94, 0xfa, 0x94, 0xfa,
  0x94, 0xfa, 0x94, 0xfa, 0x94, 0xfa, 0x94, 0xfa, 0x94, 0xfa, 0x94, 0xfa, 0x94, 0xfa, 0x94, 0xfa,
  0x94, 0xfa, 0x94, 0xfa, 0x94, 0xfa, 0x94, 0xfa, 0x94, 0xfa, 0x94, 0xfa, 0x94, 0xfa, 0x94, 0xfa,
  0x94, 0xfa, 0x94, 0xfa, 0x54, 0xfa, 0xba, 0xbd, 0xbf, 0x07, 0x75, 0x05, 0x00, 0x00, 0x02, 0x00,
  0x01, 0x00, 0x27, 0x30, 0x1b, 0xd8, 0xdd, 0xf8, 0x56, 0xfa, 0x94, 0xfa, 0x94, 0xfa, 0x94, 0xfa,
  0x94, 0xfa, 0x94, 0xfa, 0x94, 0xfa, 0x94, 0xfa, 0x94, 0xfa, 0x94, 0xfa, 0x94, 0xfa, 0x94, 0xfa,
  0x94, 0xfa, 0x94, 0xfa, 0x94, 0xfa, 0x94, 0xfa, 0x94, 0xfa, 0x94, 0xfa, 0x94, 0xfa, 0x94, 0xfa,
  0x94, 0xfa, 0x94, 0xfa, 0x94, 0xfa, 0x94, 0xfa, 0x94, 0xfa, 0x94, 0xfa, 0x94, 0xfa, 0x94, 0xfa,
  0x94, 0xfa, 0x94, 0xfa, 0x94, 0xfa, 0x94, 0xfa, 0x94, 0xfa, 0x94, 0xfa, 0x94, 0xfa, 0x94, 0xfa,
  0x94, 0xfa, 0x94, 0xfa, 0x94, 0xfa, 0x94, 0xfa, 0x94, 0xfa, 0x74, 0xfa, 0xf5, 0xea, 0x5e, 0x77,
  0x55, 0x05, 0xa7, 0x01, 0x01, 0x00, 0x28, 0x38, 0x1d, 0xe0, 0xde, 0xf8, 0x75, 0xfa, 0x94, 0xfa,
  0x94, 0xfa, 0x94, 0xfa, 0x94, 0xfa, 0x94, 0xfa, 0x94, 0xfa, 0x94, 0xfa, 0x94, 0xfa, 0x94, 0xfa,
  0x94, 0xfa, 0x94, 0xfa, 0x94, 0xfa, 0x94, 0xfa, 0x94, 0xfa, 0x94, 0xfa, 0x94, 0xfa, 0x94, 0xfa,
  0x94, 0xfa, 0x94, 0xfa, 0x94, 0xfa, 0x94, 0xfa, 0x94, 0xfa, 0x94, 0xfa, 0x94, 0xfa, 0x94, 0xfa,
  0x94, 0xfa, 0x94, 0xfa, 0x94, 0xfa, 0x94, 0xfa, 0x94, 0xfa, 0x94, 0xfa, 0x94, 0xfa, 0x94, 0xfa,
  0x94, 0xfa, 0x94, 0xfa, 0x94, 0xfa, 0x74, 0xfa, 0x96, 0xe3, 0x7e, 0x5f, 0x92, 0x04, 0x25, 0x01,
  0x22, 0x00, 0x02, 0x08, 0x0d, 0x68, 0x1f, 0xf8, 0xbf, 0xf8, 0x17, 0xfa, 0x94, 0xfa, 0x74, 0xfa,
  0x94, 0xfa, 0x94, 0xfa, 0x94, 0xfa, 0x94, 0xfa, 0x94, 0xfa, 0x94, 0xfa, 0x94, 0xfa, 0x94, 0xfa,
  0x94, 0xfa, 0x94, 0xfa, 0x94, 0xfa, 0x94, 0xfa, 0x94, 0xfa, 0x94, 0xfa, 0x94, 0xfa, 0x94, 0xfa,
  0x94, 0xfa, 0x94, 0xfa, 0x94, 0xfa, 0x94, 0xfa, 0x94, 0xfa, 0x94, 0xfa, 0x94, 0xfa, 0x94, 0xfa,
  0x94, 0xfa, 0x94, 0xfa, 0x94, 0xfa, 0x94, 0xfa, 0x94, 0xfa, 0x94, 0xfa, 0x94, 0xfa, 0x94, 0xfa,
  0x94, 0xfa, 0x39, 0x9d, 0x9e, 0x27, 0xd0, 0x03, 0xa3, 0x00, 0x22, 0x00, 0x01, 0x00, 0x11, 0x80,
  0x3f, 0xf8, 0x7b, 0xf9, 0x94, 0xfa, 0x94, 0xfa, 0x94, 0xfa, 0x94, 0xfa, 0x94, 0xfa, 0x94, 0xfa,
  0x94, 0xfa, 0x94, 0xfa, 0x94, 0xfa, 0x94, 0xfa, 0x94, 0xfa, 0x94, 0xfa, 0x94, 0xfa, 0x74, 0xfa,
  0x54, 0xfa, 0x1b, 0xa6, 0xbf, 0x07, 0xb3, 0x04, 0x00, 0x00, 0x02, 0x00, 0x02, 0x00, 0x02, 0x00,
  0x02, 0x00, 0x02, 0x00, 0x02, 0x00, 0x06, 0x28, 0x19, 0xc8, 0x9f, 0xf8, 0x36, 0xfa, 0x94, 0xfa,
  0x94, 0xfa, 0x94, 0xfa, 0x94, 0xfa, 0x94, 0xfa, 0x94, 0xfa, 0x94, 0xfa, 0x94, 0xfa, 0x94, 0xfa,
  0x94, 0xfa, 0x94, 0xfa, 0x94, 0xfa, 0x94, 0xfa, 0x74, 0xfa, 0x96, 0xe3, 0x9d, 0x66, 0xbb, 0x06,
  0xe9, 0x01, 0x00, 0x00, 0x21, 0x00, 0x05, 0x18, 0x19, 0xc0, 0x9e, 0xf8, 0x17, 0xfa, 0x94, 0xfa,
  0x94, 0xfa, 0x94, 0xfa, 0x94, 0xfa, 0x94, 0xfa, 0x94, 0xfa, 0x94, 0xfa, 0x94, 0xfa, 0x94, 0xfa,
  0x94, 0xfa, 0x94, 0xfa, 0x94, 0xfa, 0x94, 0xfa, 0x94, 0xfa, 0x94, 0xfa, 0x94, 0xfa, 0x94, 0xfa,
  0x94, 0xfa, 0x94, 0xfa, 0x94, 0xfa, 0x94, 0xfa, 0x94, 0xfa, 0x94, 0xfa, 0x94, 0xfa, 0x94, 0xfa,
  0x94, 0xfa, 0x94, 0xfa, 0x94, 0xfa, 0x94, 0xfa, 0x94, 0xfa, 0x94, 0xfa, 0x94, 0xfa, 0x94, 0xfa,
  0x94, 0xfa, 0x94, 0xfa, 0x54, 0xfa, 0x17, 0xd4, 0x1e, 0x57, 0x18, 0x06, 0x87, 0x01, 0x00, 0x00,
  0x22, 0x00, 0x00, 0x00, 0x17, 0xb0, 0x1f, 0xf8, 0x19, 0xfa, 0x94, 0xfa, 0x94, 0xfa, 0x94, 0xfa,
  0x94, 0xfa, 0x94, 0xfa, 0x94, 0xfa, 0x94, 0xfa, 0x94, 0xfa, 0x94, 0xfa, 0x94, 0xfa, 0x94, 0xfa,
  0x94, 0xfa, 0x94, 0xfa, 0x94, 0xfa, 0x94, 0xfa, 0x94, 0xfa, 0x94, 0xfa, 0x94, 0xfa, 0x94, 0xfa,
  0x94, 0xfa, 0x94, 0xfa, 0x94, 0xfa, 0x94, 0xfa, 0x94, 0xfa, 0x94, 0xfa, 0x94, 0xfa, 0x94, 0xfa,
  0x94, 0xfa, 0x94, 0xfa, 0x94, 0xfa, 0x94, 0xfa, 0x94, 0xfa, 0x94, 0xfa, 0x94, 0xfa, 0x94, 0xfa,
  0x74, 0xfa, 0xf5, 0xe2, 0xfd, 0x86, 0x9a, 0x06, 0x2d, 0x03, 0x00, 0x00, 0x02, 0x08, 0x01, 0x08,
  0x0f, 0x78, 0x3e, 0xf0, 0x7a, 0xf9, 0x94, 0xfa, 0x94, 0xfa, 0x94, 0xfa, 0x94, 0xfa, 0x94, 0xfa,
  0x94, 0xfa, 0x94, 0xfa, 0x94, 0xfa, 0x94, 0xfa, 0x94, 0xfa, 0x94, 0xfa, 0x94, 0xfa, 0x94, 0xfa,
  0x74, 0xfa, 0x55, 0xeb, 0x5c, 0x6e, 0x1c, 0x07, 0x2a, 0x02, 0x00, 0x00, 0x22, 0x00, 0x02, 0x00,
  0x02, 0x00, 0x02, 0x00, 0x01, 0x00, 0x00, 0x00, 0x18, 0xb8, 0x3f, 0xf8, 0xf9, 0xf9, 0x94, 0xfa,
  0x94, 0xfa, 0x94, 0xfa, 0x94, 0xfa, 0x94, 0xfa, 0x94, 0xfa, 0x94, 0xfa, 0x94, 0xfa, 0x94, 0xfa,
  0x94, 0xfa, 0x94, 0xfa, 0x94, 0xfa, 0x94, 0xfa, 0x74, 0xfa, 0x76, 0xe3, 0x9f, 0x57, 0x9a, 0x06,
  0x02, 0x00, 0x04, 0x20, 0x11, 0x80, 0x1f, 0xf8, 0xbf, 0xf8, 0xf7, 0xf9, 0x94, 0xfa, 0x74, 0xfa,
  0x94, 0xfa, 0x94, 0xfa, 0x94, 0xfa, 0x94, 0xfa, 0x94, 0xfa, 0x94, 0xfa, 0x94, 0xfa, 0x94, 0xfa,
  0x94, 0xfa, 0x94, 0xfa, 0x94, 0xfa, 0x94, 0xfa, 0x94, 0xfa, 0x94, 0xfa, 0x74, 0xfa, 0x15, 0xe3,
  0xfd, 0x86, 0xd7, 0x05, 0xa7, 0x01, 0x04, 0x10, 0x3a, 0xd0, 0x1f, 0xf8, 0x5b, 0xf9, 0x75, 0xfa,
  0x94, 0xfa, 0x94, 0xfa, 0x94, 0xfa, 0x94, 0xfa, 0x94, 0xfa, 0x94, 0xfa, 0x94, 0xfa, 0x94, 0xfa,
  0x94, 0xfa, 0x94, 0xfa, 0x94, 0xfa, 0x94, 0xfa, 0x94, 0xfa, 0x94, 0xfa, 0x94, 0xfa, 0x94, 0xfa,
  0x74, 0xfa, 0xf8, 0xcc, 0x1c, 0x1f, 0x4e, 0x03, 0x00, 0x00, 0x22, 0x00, 0x02, 0x00, 0x02, 0x00,
  0x02, 0x00, 0x02, 0x00, 0x00, 0x00, 0x0e, 0x68, 0x1b, 0xd8, 0x5c, 0xf9, 0x55, 0xfa, 0x94, 0xfa,
  0x94, 0xfa, 0x94, 0xfa, 0x94, 0xfa, 0x94, 0xfa, 0x94, 0xfa, 0x94, 0xfa, 0x94, 0xfa, 0x94, 0xfa,
  0x94, 0xfa, 0x94, 0xfa, 0x94, 0xfa, 0x94, 0xfa, 0x94, 0xfa, 0x94, 0xfa, 0x94, 0xfa, 0x94, 0xfa,
  0x94, 0xfa, 0x94, 0xfa, 0x94, 0xfa, 0x94, 0xfa, 0x94, 0xfa, 0x94, 0xfa, 0x94, 0xfa, 0x94, 0xfa,
  0x94, 0xfa, 0x94, 0xfa, 0x94, 0xfa, 0x94, 0xfa, 0x94, 0xfa, 0x94, 0xfa, 0x94, 0xfa, 0x94, 0xfa,
  0x94, 0xfa, 0x94, 0xfa, 0x54, 0xfa, 0xba, 0xbd, 0xbf, 0x07, 0x75, 0x05, 0x00, 0x00, 0x02, 0x00,
  0x01, 0x00, 0x27, 0x30, 0x1b, 0xd8, 0xdd, 0xf8, 0x56, 0xfa, 0x94, 0xfa, 0x94, 0xfa, 0x94, 0xfa,
  0x94, 0xfa, 0x94, 0xfa, 0x94, 0xfa, 0x94, 0xfa, 0x94, 0xfa, 0x94, 0xfa, 0x94, 0xfa, 0x94, 0xfa,
  0x94, 0xfa, 0x94, 0xfa, 0x94, 0xfa, 0x94, 0xfa, 0x94, 0xfa, 0x94, 0xfa, 0x94, 0xfa, 0x94, 0xfa,
  0x94, 0xfa, 0x94, 0xfa, 0x94, 0xfa, 0x94, 0xfa, 0x94, 0xfa, 0x94, 0xfa, 0x94, 0xfa, 0x94, 0xfa,
  0x94, 0xfa, 0x94, 0xfa, 0x94, 0xfa, 0x94, 0xfa, 0x94, 0xfa, 0x94, 0xfa, 0x94, 0xfa, 0x94, 0xfa,
  0x94, 0xfa, 0x94, 0xfa, 0x94, 0xfa, 0x94, 0xfa, 0x94, 0xfa, 0x54, 0xfa, 0xf7, 0xcb, 0x5e, 0x5f,
  0x51, 0x04, 0x63, 0x00, 0x21, 0x00, 0x08, 0x38, 0x1d, 0xe8, 0xde, 0xf8, 0x75, 0xfa, 0x94, 0xfa,
  0x94, 0xfa, 0x94, 0xfa, 0x94, 0xfa, 0x94, 0xfa, 0x94, 0xfa, 0x94, 0xfa, 0x94, 0xfa, 0x94, 0xfa,
  0x94, 0xfa, 0x94, 0xfa, 0x94, 0xfa, 0x94, 0xfa, 0x94, 0xfa, 0x94, 0xfa, 0x94, 0xfa, 0x94, 0xfa,
  0x94, 0xfa, 0x94, 0xfa, 0x94, 0xfa, 0x94, 0xfa, 0x94, 0xfa, 0x94, 0xfa, 0x94, 0xfa, 0x94, 0xfa,
  0x94, 0xfa, 0x94, 0xfa, 0x94, 0xfa, 0x94, 0xfa, 0x94, 0xfa, 0x94, 0xfa, 0x94, 0xfa, 0x94, 0xfa,
  0x94, 0xfa, 0x94, 0xfa, 0x94, 0xfa, 0x74, 0xfa, 0xd9, 0xb4, 0xdc, 0x3e, 0xec, 0x02, 0x42, 0x00,
  0x22, 0x00, 0x02, 0x00, 0x0b, 0x58, 0x1c, 0xe0, 0x5f, 0xf8, 0x9a, 0xf9, 0x94, 0xfa, 0x74, 0xfa,
  0x94, 0xfa, 0x94, 0xfa, 0x94, 0xfa, 0x94, 0xfa, 0x94, 0xfa, 0x94, 0xfa, 0x94, 0xfa, 0x94, 0xfa,
  0x94, 0xfa, 0x94, 0xfa, 0x94, 0xfa, 0x94, 0xfa, 0x94, 0xfa, 0x94, 0xfa, 0x94, 0xfa, 0x94, 0xfa,
  0x94, 0xfa, 0x94, 0xfa, 0x94, 0xfa, 0x94, 0xfa, 0x94, 0xfa, 0x94, 0xfa, 0x94, 0xfa, 0x94, 0xfa,
  0x94, 0xfa, 0x94, 0xfa, 0x94, 0xfa, 0x94, 0xfa, 0x94, 0xfa, 0x94, 0xfa, 0x94, 0xfa, 0x94, 0xfa,
  0x94, 0xfa, 0x39, 0x9d, 0x9e, 0x27, 0xd0, 0x03, 0xa3, 0x00, 0x22, 0x00, 0x01, 0x00, 0x11, 0x80,
  0x3f, 0xf8, 0x7b, 0xf9, 0x94, 0xfa, 0x94, 0xfa, 0x94, 0xfa, 0x94, 0xfa, 0x94, 0xfa, 0x94, 0xfa,
  0x94, 0xfa, 0x94, 0xfa, 0x94, 0xfa, 0x94, 0xfa, 0x94, 0xfa, 0x94, 0xfa, 0x94, 0xfa, 0x74, 0xfa,
  0x54, 0xfa, 0x1b, 0xa6, 0xbf, 0x07, 0xb3, 0x04, 0x00, 0x00, 0x02, 0x00, 0x02, 0x00, 0x02, 0x00,
  0x02, 0x00, 0x02, 0x00, 0x02, 0x00, 0x06, 0x28, 0x19, 0xc8, 0x9f, 0xf8, 0x36, 0xfa, 0x94, 0xfa,
  0x94, 0xfa, 0x94, 0xfa, 0x94, 0xfa, 0x94, 0xfa, 0x94, 0xfa, 0x94, 0xfa, 0x94, 0xfa, 0x94, 0xfa,
  0x94, 0xfa, 0x94, 0xfa, 0x94, 0xfa, 0x94, 0xfa, 0x74, 0xfa, 0x96, 0xe3, 0x9d, 0x66, 0xbb, 0x06,
  0xe9, 0x01, 0x00, 0x00, 0x21, 0x00, 0x05, 0x18, 0x19, 0xc0, 0x9e, 0xf8, 0x17, 0xfa, 0x94, 0xfa,
  0x94, 0xfa, 0x94, 0xfa, 0x94, 0xfa, 0x94, 0xfa, 0x94, 0xfa, 0x94, 0xfa, 0x94, 0xfa, 0x94, 0xfa,
  0x94, 0xfa, 0x94, 0xfa, 0x94, 0xfa, 0x94, 0xfa, 0x94, 0xfa, 0x94, 0xfa, 0x94, 0xfa, 0x94, 0xfa,
  0x94, 0xfa, 0x94, 0xfa, 0x94, 0xfa, 0x94, 0xfa, 0x94, 0xfa, 0x94, 0xfa, 0x94, 0xfa, 0x94, 0xfa,
  0x94, 0xfa, 0x94, 0xfa, 0x94, 0xfa, 0x94, 0xfa, 0x94, 0xfa, 0x94, 0xfa, 0x94, 0xfa, 0x94, 0xfa,
  0x94, 0xfa, 0x94, 0xfa, 0x54, 0xfa, 0x17, 0xd4, 0x1e, 0x57, 0x18, 0x06, 0x87, 0x01, 0x00, 0x00,
  0x22, 0x00, 0x00, 0x00, 0x17, 0xb0, 0x1f, 0xf8, 0x19, 0xfa, 0x94, 0xfa, 0x94, 0xfa, 0x94, 0xfa,
  0x94, 0xfa, 0x94, 0xfa, 0x94, 0xfa, 0x94, 0xfa, 0x94, 0xfa, 0x94, 0xfa, 0x94, 0xfa, 0x94, 0xfa,
  0x94, 0xfa, 0x94, 0xfa, 0x94, 0xfa, 0x94, 0xfa, 0x94, 0xfa, 0x94, 0xfa, 0x94, 0xfa, 0x94, 0xfa,
  0x94, 0xfa, 0x94, 0xfa, 0x94, 0xfa, 0x94, 0xfa, 0x94, 0xfa, 0x94, 0xfa, 0x94, 0xfa, 0x94, 0xfa,
  0x94, 0xfa, 0x94, 0xfa, 0x94, 0xfa, 0x94, 0xfa, 0x94, 0xfa, 0x94, 0xfa, 0x94, 0xfa, 0x94, 0xfa,
  0x74, 0xfa, 0xf5, 0xe2, 0xfd, 0x86, 0x9a, 0x06, 0x2d, 0x03, 0x00, 0x00, 0x02, 0x08, 0x01, 0x08,
  0x0f, 0x78, 0x3e, 0xf0, 0x7a, 0xf9, 0x94, 0xfa, 0x94, 0xfa, 0x94, 0xfa, 0x94, 0xfa, 0x94, 0xfa,
  0x94, 0xfa, 0x94, 0xfa, 0x94, 0xfa, 0x94, 0xfa, 0x94, 0xfa, 0x94, 0xfa, 0x94, 0xfa, 0x94, 0xfa,
  0x74, 0xfa, 0x55, 0xeb, 0x5c, 0x6e, 0x1c, 0x07, 0x2a, 0x02, 0x00, 0x00, 0x22, 0x00, 0x02, 0x00,
  0x02, 0x00, 0x02, 0x00, 0x01, 0x00, 0x00, 0x00, 0x17, 0xb8, 0x3f, 0xf8, 0xf9, 0xf9, 0x94, 0xfa,
  0x94, 0xfa, 0x94, 0xfa, 0x94, 0xfa, 0x94, 0xfa, 0x94, 0xfa, 0x94, 0xfa, 0x94, 0xfa, 0x94, 0xfa,
  0x94, 0xfa, 0x94, 0xfa, 0x94, 0xfa, 0x94, 0xfa, 0x74, 0xfa, 0x76, 0xe3, 0x9f, 0x57, 0x9a, 0x06,
  0x02, 0x00, 0x02, 0x08, 0x0c, 0x58, 0x1c, 0xe0, 0x5f, 0xf8, 0x7a, 0xf9, 0x94, 0xfa, 0x74, 0xfa,
  0x94, 0xfa, 0x94, 0xfa, 0x94, 0xfa, 0x94, 0xfa, 0x94, 0xfa, 0x94, 0xfa, 0x94, 0xfa, 0x94, 0xfa,
  0x94, 0xfa, 0x94, 0xfa, 0x94, 0xfa, 0x94, 0xfa, 0x94, 0xfa, 0x94, 0xfa, 0x54, 0xfa, 0x58, 0xcc,
  0x3e, 0x57, 0x54, 0x05, 0x00, 0x00, 0x00, 0x00, 0x15, 0xa0, 0x1e, 0xf0, 0xdd, 0xf8, 0x56, 0xfa,
  0x94, 0xfa, 0x94, 0xfa, 0x94, 0xfa, 0x94, 0xfa, 0x94, 0xfa, 0x94, 0xfa, 0x94, 0xfa, 0x94, 0xfa,
  0x94, 0xfa, 0x94, 0xfa, 0x94, 0xfa, 0x94, 0xfa, 0x94, 0xfa, 0x94, 0xfa, 0x94, 0xfa, 0x74, 0xfa,
  0xf5, 0xf2, 0xdb, 0x95, 0xdb, 0x06, 0x05, 0x01, 0x01, 0x00, 0x22, 0x00, 0x02, 0x00, 0x02, 0x00,
  0x02, 0x00, 0x02, 0x00, 0x00, 0x00, 0x0e, 0x68, 0x1b, 0xd8, 0x5c, 0xf9, 0x55, 0xfa, 0x94, 0xfa,
  0x94, 0xfa, 0x94, 0xfa, 0x94, 0xfa, 0x94, 0xfa, 0x94, 0xfa, 0x94, 0xfa, 0x94, 0xfa, 0x94, 0xfa,
  0x94, 0xfa, 0x94, 0xfa, 0x94, 0xfa, 0x94, 0xfa, 0x94, 0xfa, 0x94, 0xfa, 0x94, 0xfa, 0x94, 0xfa,
  0x94, 0xfa, 0x94, 0xfa, 0x94, 0xfa, 0x94, 0xfa, 0x94, 0xfa, 0x94, 0xfa, 0x94, 0xfa, 0x94, 0xfa,
  0x94, 0xfa, 0x94, 0xfa, 0x94, 0xfa, 0x94, 0xfa, 0x94, 0xfa, 0x94, 0xfa, 0x94, 0xfa, 0x94, 0xfa,
  0x94, 0xfa, 0x94, 0xfa, 0x54, 0xfa, 0xba, 0xbd, 0xbf, 0x07, 0x75, 0x05, 0x00, 0x00, 0x02, 0x00,
  0x01, 0x00, 0x27, 0x30, 0x1b, 0xd8, 0xdd, 0xf8, 0x56, 0xfa, 0x94, 0xfa, 0x94, 0xfa, 0x94, 0xfa,
  0x94, 0xfa, 0x94, 0xfa, 0x94, 0xfa, 0x94, 0xfa, 0x94, 0xfa, 0x94, 0xfa, 0x94, 0xfa, 0x94, 0xfa,
  0x94, 0xfa, 0x94, 0xfa, 0x94, 0xfa, 0x94, 0xfa, 0x94, 0xfa, 0x94, 0xfa, 0x94, 0xfa, 0x94, 0xfa,
  0x94, 0xfa, 0x94, 0xfa, 0x94, 0xfa, 0x94, 0xfa, 0x94, 0xfa, 0x94, 0xfa, 0x94, 0xfa, 0x94, 0xfa,
  0x94, 0xfa, 0x94, 0xfa, 0x94, 0xfa, 0x94, 0xfa, 0x94, 0xfa, 0x94, 0xfa, 0x94, 0xfa, 0x94, 0xfa,
  0x94, 0xfa, 0x94, 0xfa, 0x94, 0xfa, 0x94, 0xfa, 0x94, 0xfa, 0x33, 0xfa, 0x5a, 0xad, 0xf8, 0x3d,
  0xeb, 0x02, 0x01, 0x00, 0x21, 0x00, 0x08, 0x38, 0x1d, 0xe8, 0xde, 0xf8, 0x75, 0xfa, 0x94, 0xfa,
  0x94, 0xfa, 0x94, 0xfa, 0x94, 0xfa, 0x94, 0xfa, 0x94, 0xfa, 0x94, 0xfa, 0x94, 0xfa, 0x94, 0xfa,
  0x94, 0xfa, 0x94, 0xfa, 0x94, 0xfa, 0x94, 0xfa, 0x94, 0xfa, 0x94, 0xfa, 0x94, 0xfa, 0x94, 0xfa,
  0x94, 0xfa, 0x94, 0xfa, 0x94, 0xfa, 0x94, 0xfa, 0x94, 0xfa, 0x94, 0xfa, 0x94, 0xfa, 0x94, 0xfa,
  0x94, 0xfa, 0x94, 0xfa, 0x94, 0xfa, 0x94, 0xfa, 0x94, 0xfa, 0x94, 0xfa, 0x94, 0xfa, 0x94, 0xfa,
  0x94, 0xfa, 0x94, 0xfa, 0x94, 0xfa, 0xd5, 0xfa, 0x5c, 0x7e, 0x72, 0x1c, 0x66, 0x01, 0x22, 0x00,
  0x02, 0x00, 0x02, 0x00, 0x08, 0x38, 0x16, 0xb0, 0x1f, 0xf8, 0xfd, 0xf8, 0x56, 0xfa, 0x94, 0xfa,
  0x74, 0xfa, 0x94, 0xfa, 0x94, 0xfa, 0x94, 0xfa, 0x94, 0xfa, 0x94, 0xfa, 0x94, 0xfa, 0x94, 0xfa,
  0x94, 0xfa, 0x94, 0xfa, 0x94, 0xfa, 0x94, 0xfa, 0x94, 0xfa, 0x94, 0xfa, 0x94, 0xfa, 0x94, 0xfa,
  0x94, 0xfa, 0x94, 0xfa, 0x94, 0xfa, 0x94, 0xfa, 0x94, 0xfa, 0x94, 0xfa, 0x94, 0xfa, 0x94, 0xfa,
  0x94, 0xfa, 0x94, 0xfa, 0x94, 0xfa, 0x94, 0xfa, 0x94, 0xfa, 0x94, 0xfa, 0x94, 0xfa, 0x94, 0xfa,
  0x94, 0xfa, 0x39, 0x9d, 0x9e, 0x27, 0xd0, 0x03, 0xa3, 0x00, 0x22, 0x00, 0x01, 0x00, 0x11, 0x80,
  0x3f, 0xf8, 0x7b, 0xf9, 0x94, 0xfa, 0x94, 0xfa, 0x94, 0xfa, 0x94, 0xfa, 0x94, 0xfa, 0x94, 0xfa,
  0x94, 0xfa, 0x94, 0xfa, 0x94, 0xfa, 0x94, 0xfa, 0x94, 0xfa, 0x94, 0xfa, 0x94, 0xfa, 0x74, 0xfa,
  0x54, 0xfa, 0x1b, 0xa6, 0xbf, 0x07, 0xb3, 0x04, 0x00, 0x00, 0x02, 0x00, 0x02, 0x00, 0x02, 0x00,
  0x02, 0x00, 0x02, 0x00, 0x02, 0x00, 0x06, 0x28, 0x19, 0xc8, 0x9f, 0xf8, 0x36, 0xfa, 0x94, 0xfa,
  0x94, 0xfa, 0x94, 0xfa, 0x94, 0xfa, 0x94, 0xfa, 0x94, 0xfa, 0x94, 0xfa, 0x94, 0xfa, 0x94, 0xfa,
  0x94, 0xfa, 0x94, 0xfa, 0x94, 0xfa, 0x94, 0xfa, 0x74, 0xfa, 0x96, 0xe3, 0x9d, 0x66, 0xbb, 0x06,
  0xe9, 0x01, 0x00, 0x00, 0x21, 0x00, 0x05, 0x18, 0x19, 0xc0, 0x9e, 0xf8, 0x17, 0xfa, 0x94, 0xfa,
  0x94, 0xfa, 0x94, 0xfa, 0x94, 0xfa, 0x94, 0xfa, 0x94, 0xfa, 0x94, 0xfa, 0x94, 0xfa, 0x94, 0xfa,
  0x94, 0xfa, 0x94, 0xfa, 0x94, 0xfa, 0x94, 0xfa, 0x94, 0xfa, 0x94, 0xfa, 0x94, 0xfa, 0x94, 0xfa,
  0x94, 0xfa, 0x94, 0xfa, 0x94, 0xfa, 0x94, 0xfa, 0x94, 0xfa, 0x94, 0xfa, 0x94, 0xfa, 0x94, 0xfa,
  0x94, 0xfa, 0x94, 0xfa, 0x94, 0xfa, 0x94, 0xfa, 0x94, 0xfa, 0x94, 0xfa, 0x94, 0xfa, 0x94, 0xfa,
  0x94, 0xfa, 0x94, 0xfa, 0x54, 0xfa, 0x17, 0xd4, 0x1e, 0x57, 0x18, 0x06, 0x87, 0x01, 0x00, 0x00,
  0x22, 0x00, 0x00, 0x00, 0x17, 0xb0, 0x1f, 0xf8, 0x19, 0xfa, 0x94, 0xfa, 0x94, 0xfa, 0x94, 0xfa,
  0x94, 0xfa, 0x94, 0xfa, 0x94, 0xfa, 0x94, 0xfa, 0x94, 0xfa, 0x94, 0xfa, 0x94, 0xfa, 0x94, 0xfa,
  0x94, 0xfa, 0x94, 0xfa, 0x94, 0xfa, 0x94, 0xfa, 0x94, 0xfa, 0x94, 0xfa, 0x94, 0xfa, 0x94, 0xfa,
  0x94, 0xfa, 0x94, 0xfa, 0x94, 0xfa, 0x94, 0xfa, 0x94, 0xfa, 0x94, 0xfa, 0x94, 0xfa, 0x94, 0xfa,
  0x94, 0xfa, 0x94, 0xfa, 0x94, 0xfa, 0x94, 0xfa, 0x94, 0xfa, 0x94, 0xfa, 0x94, 0xfa, 0x94, 0xfa,
  0x74, 0xfa, 0xf5, 0xe2, 0xfd, 0x86, 0x9a, 0x06, 0x2d, 0x03, 0x00, 0x00, 0x02, 0x08, 0x01, 0x08,
  0x0f, 0x78, 0x3e, 0xf0, 0x7a, 0xf9, 0x94, 0xfa, 0x94, 0xfa, 0x94, 0xfa, 0x94, 0xfa, 0x94, 0xfa,
  0x94, 0xfa, 0x94, 0xfa, 0x94, 0xfa, 0x94, 0xfa, 0x94, 0xfa, 0x94, 0xfa, 0x94, 0xfa, 0x94, 0xfa,
  0x74, 0xfa, 0x55, 0xeb, 0x5c, 0x6e, 0x1c, 0x07, 0x2a, 0x02, 0x00, 0x00, 0x22, 0x00, 0x02, 0x00,
  0x02, 0x00, 0x02, 0x00, 0x01, 0x00, 0x00, 0x00, 0x17, 0xb8, 0x3f, 0xf8, 0xf9, 0xf9, 0x94, 0xfa,
  0x94, 0xfa, 0x94, 0xfa, 0x94, 0xfa, 0x94, 0xfa, 0x94, 0xfa, 0x94, 0xfa, 0x94, 0xfa, 0x94, 0xfa,
  0x94, 0xfa, 0x94, 0xfa, 0x94, 0xfa, 0x94, 0xfa, 0x74, 0xfa, 0x76, 0xe3, 0x9f, 0x57, 0x9a, 0x06,
  0x02, 0x00, 0x02, 0x00, 0x07, 0x38, 0x16, 0xb0, 0x1f, 0xf8, 0x1d, 0xf9, 0x55, 0xfa, 0x94, 0xfa,
  0x94, 0xfa, 0x94, 0xfa, 0x94, 0xfa, 0x94, 0xfa, 0x94, 0xfa, 0x94, 0xfa, 0x94, 0xfa, 0x94, 0xfa,
  0x94, 0xfa, 0x94, 0xfa, 0x94, 0xfa, 0x94, 0xfa, 0x94, 0xfa, 0x94, 0xfa, 0x34, 0xfa, 0xdb, 0xb5,
  0xbc, 0x16, 0x10, 0x04, 0x00, 0x00, 0x20, 0x00, 0x0e, 0x68, 0x1d, 0xe8, 0x5f, 0xf8, 0x17, 0xfa,
  0x94, 0xfa, 0x94, 0xfa, 0x94, 0xfa, 0x94, 0xfa, 0x94, 0xfa, 0x94, 0xfa, 0x94, 0xfa, 0x94, 0xfa,
  0x94, 0xfa, 0x94, 0xfa, 0x94, 0xfa, 0x94, 0xfa, 0x94, 0xfa, 0x94, 0xfa, 0x94, 0xfa, 0x74, 0xfa,
  0x17, 0xec, 0xbd, 0x4e, 0x14, 0x05, 0x00, 0x00, 0x22, 0x00, 0x02, 0x00, 0x02, 0x00, 0x02, 0x00,
  0x02, 0x00, 0x02, 0x00, 0x00, 0x00, 0x0e, 0x68, 0x1b, 0xd8, 0x5c, 0xf9, 0x55, 0xfa, 0x94, 0xfa,
  0x94, 0xfa, 0x94, 0xfa, 0x94, 0xfa, 0x94, 0xfa, 0x94, 0xfa, 0x94, 0xfa, 0x94, 0xfa, 0x94, 0xfa,
  0x94, 0xfa, 0x94, 0xfa, 0x94, 0xfa, 0x94, 0xfa, 0x94, 0xfa, 0x94, 0xfa, 0x94, 0xfa, 0x94, 0xfa,
  0x94, 0xfa, 0x94, 0xfa, 0x94, 0xfa, 0x94, 0xfa, 0x94, 0xfa, 0x94, 0xfa, 0x94, 0xfa, 0x94, 0xfa,
  0x94, 0xfa, 0x94, 0xfa, 0x94, 0xfa, 0x94, 0xfa, 0x94, 0xfa, 0x94, 0xfa, 0x94, 0xfa, 0x94, 0xfa,
  0x94, 0xfa, 0x94, 0xfa, 0x54, 0xfa, 0xba, 0xbd, 0xbf, 0x07, 0x75, 0x05, 0x00, 0x00, 0x02, 0x00,
  0x01, 0x00, 0x27, 0x30, 0x1b, 0xd8, 0xdd, 0xf8, 0x56, 0xfa, 0x94, 0xfa, 0x94, 0xfa, 0x94, 0xfa,
  0x94, 0xfa, 0x94, 0xfa, 0x94, 0xfa, 0x94, 0xfa, 0x94, 0xfa, 0x94, 0xfa, 0x94, 0xfa, 0x94, 0xfa,
  0x94, 0xfa, 0x94, 0xfa, 0x94, 0xfa, 0x94, 0xfa, 0x94, 0xfa, 0x94, 0xfa, 0x94, 0xfa, 0x94, 0xfa,
  0x94, 0xfa, 0x94, 0xfa, 0x94, 0xfa, 0x94, 0xfa, 0x94, 0xfa, 0x94, 0xfa, 0x94, 0xfa, 0x94, 0xfa,
  0x94, 0xfa, 0x94, 0xfa, 0x94, 0xfa, 0x94, 0xfa, 0x94, 0xfa, 0x94, 0xfa, 0x94, 0xfa, 0x94, 0xfa,
  0x94, 0xfa, 0x94, 0xfa, 0x94, 0xfa, 0x94, 0xfa, 0x74, 0xfa, 0xf5, 0xf2, 0x1b, 0x86, 0x11, 0x04,
  0x04, 0x01, 0x02, 0x00, 0x01, 0x00, 0x08, 0x38, 0x1d, 0xe8, 0xde, 0xf8, 0x75, 0xfa, 0x94, 0xfa,
  0x94, 0xfa, 0x94, 0xfa, 0x94, 0xfa, 0x94, 0xfa, 0x94, 0xfa, 0x94, 0xfa, 0x94, 0xfa, 0x94, 0xfa,
  0x94, 0xfa, 0x94, 0xfa, 0x94, 0xfa, 0x94, 0xfa, 0x94, 0xfa, 0x94, 0xfa, 0x94, 0xfa, 0x94, 0xfa,
  0x94, 0xfa, 0x94, 0xfa, 0x94, 0xfa, 0x94, 0xfa, 0x94, 0xfa, 0x94, 0xfa, 0x94, 0xfa, 0x94, 0xfa,
  0x94, 0xfa, 0x94, 0xfa, 0x94, 0xfa, 0x94, 0xfa, 0x94, 0xfa, 0x94, 0xfa, 0x94, 0xfa, 0x94, 0xfa,
  0x94, 0xfa, 0x94, 0xfa, 0x74, 0xfa, 0x78, 0xc4, 0xf5, 0x4c, 0x29, 0x02, 0x42, 0x00, 0x22, 0x00,
  0x02, 0x00, 0x02, 0x00, 0x04, 0x18, 0x10, 0x80, 0x1f, 0xf8, 0x5f, 0xf8, 0x9a, 0xf9, 0x94, 0xfa,
  0x94, 0xfa, 0x94, 0xfa, 0x94, 0xfa, 0x94, 0xfa, 0x94, 0xfa, 0x94, 0xfa, 0x94, 0xfa, 0x94, 0xfa,
  0x94, 0xfa, 0x94, 0xfa, 0x94, 0xfa, 0x94, 0xfa, 0x94, 0xfa, 0x94, 0xfa, 0x94, 0xfa, 0x94, 0xfa,
  0x94, 0xfa, 0x94, 0xfa, 0x94, 0xfa, 0x94, 0xfa, 0x94, 0xfa, 0x94, 0xfa, 0x94, 0xfa, 0x94, 0xfa,
  0x94, 0xfa, 0x94, 0xfa, 0x94, 0xfa, 0x94, 0xfa, 0x94, 0xfa, 0x94, 0xfa, 0x94, 0xfa, 0x94, 0xfa,
  0x94, 0xfa, 0x39, 0x9d, 0x9e, 0x27, 0xd0, 0x03, 0xa3, 0x00, 0x22, 0x00, 0x01, 0x00, 0x11, 0x80,
  0x3f, 0xf8, 0x7b, 0xf9, 0x94, 0xfa, 0x94, 0xfa, 0x94, 0xfa, 0x94, 0xfa, 0x94, 0xfa, 0x94, 0xfa,
  0x94, 0xfa, 0x94, 0xfa, 0x94, 0xfa, 0x94, 0xfa, 0x94, 0xfa, 0x94, 0xfa, 0x94, 0xfa, 0x74, 0xfa,
  0x54, 0xfa, 0x1b, 0xa6, 0xbf, 0x07, 0xb3, 0x04, 0x00, 0x00, 0x02, 0x00, 0x02, 0x00, 0x02, 0x00,
  0x02, 0x00, 0x02, 0x00, 0x02, 0x00, 0x06, 0x28, 0x19, 0xc8, 0x9f, 0xf8, 0x36, 0xfa, 0x94, 0xfa,
  0x94, 0xfa, 0x94, 0xfa, 0x94, 0xfa, 0x94, 0xfa, 0x94, 0xfa, 0x94, 0xfa, 0x94, 0xfa, 0x94, 0xfa,
  0x94, 0xfa, 0x94, 0xfa, 0x94, 0xfa, 0x94, 0xfa, 0x74, 0xfa, 0x96, 0xe3, 0x9d, 0x66, 0xbb, 0x06,
  0xe9, 0x01, 0x00, 0x00, 0x21, 0x00, 0x05, 0x18, 0x19, 0xc0, 0x9e, 0xf8, 0x17, 0xfa, 0x94, 0xfa,
  0x94, 0xfa, 0x94, 0xfa, 0x94, 0xfa, 0x94, 0xfa, 0x94, 0xfa, 0x94, 0xfa, 0x94, 0xfa, 0x94, 0xfa,
  0x94, 0xfa, 0x94, 0xfa, 0x94, 0xfa, 0x94, 0xfa, 0x94, 0xfa, 0x94, 0xfa, 0x94, 0xfa, 0x94, 0xfa,
  0x94, 0xfa, 0x94, 0xfa, 0x94, 0xfa, 0x94, 0xfa, 0x94, 0xfa, 0x94, 0xfa, 0x94, 0xfa, 0x94, 0xfa,
  0x94, 0xfa, 0x94, 0xfa, 0x94, 0xfa, 0x94, 0xfa, 0x94, 0xfa, 0x94, 0xfa, 0x94, 0xfa, 0x94, 0xfa,
  0x94, 0xfa, 0x94, 0xfa, 0x54, 0xfa, 0x17, 0xd4, 0x1e, 0x57, 0x18, 0x06, 0x87, 0x01, 0x00, 0x00,
  0x22, 0x00, 0x00, 0x00, 0x17, 0xb0, 0x1f, 0xf8, 0x19, 0xfa, 0x94, 0xfa, 0x94, 0xfa, 0x94, 0xfa,
  0x94, 0xfa, 0x94, 0xfa, 0x94, 0xfa, 0x94, 0xfa, 0x94, 0xfa, 0x94, 0xfa, 0x94, 0xfa, 0x94, 0xfa,
  0x94, 0xfa, 0x94, 0xfa, 0x94, 0xfa, 0x94, 0xfa, 0x94, 0xfa, 0x94, 0xfa, 0x94, 0xfa, 0x94, 0xfa,
  0x94, 0xfa, 0x94, 0xfa, 0x94, 0xfa, 0x94, 0xfa, 0x94, 0xfa, 0x94, 0xfa, 0x94, 0xfa, 0x94, 0xfa,
  0x94, 0xfa, 0x94, 0xfa, 0x94, 0xfa, 0x94, 0xfa, 0x94, 0xfa, 0x94, 0xfa, 0x94, 0xfa, 0x94, 0xfa,
  0x74, 0xfa, 0xf5, 0xe2, 0xfd, 0x86, 0x9a, 0x06, 0x2d, 0x03, 0x00, 0x00, 0x02, 0x08, 0x01, 0x08,
  0x0f, 0x78, 0x3e, 0xf0, 0x7a, 0xf9, 0x94, 0xfa, 0x94, 0xfa, 0x94, 0xfa, 0x94, 0xfa, 0x94, 0xfa,
  0x94, 0xfa, 0x94, 0xfa, 0x94, 0xfa, 0x94, 0xfa, 0x94, 0xfa, 0x94, 0xfa, 0x94, 0xfa, 0x94, 0xfa,
  0x74, 0xfa, 0x55, 0xeb, 0x5c, 0x6e, 0x1c, 0x07, 0x2a, 0x02, 0x00, 0x00, 0x22, 0x00, 0x02, 0x00,
  0x02, 0x00, 0x02, 0x00, 0x01, 0x00, 0x00, 0x00, 0x17, 0xb8, 0x3f, 0xf8, 0xf9, 0xf9, 0x94, 0xfa,
  0x94, 0xfa, 0x94, 0xfa, 0x94, 0xfa, 0x94, 0xfa, 0x94, 0xfa, 0x94, 0xfa, 0x94, 0xfa, 0x94, 0xfa,
  0x94, 0xfa, 0x94, 0xfa, 0x94, 0xfa, 0x94, 0xfa, 0x74, 0xfa, 0x76, 0xe3, 0x9f, 0x57, 0x9a, 0x06,
  0x02, 0x00, 0x02, 0x00, 0x03, 0x18, 0x10, 0x78, 0x1f, 0xf8, 0x9f, 0xf8, 0xd8, 0xf9, 0x94, 0xfa,
  0x74, 0xfa, 0x94, 0xfa, 0x94, 0xfa, 0x94, 0xfa, 0x94, 0xfa, 0x94, 0xfa, 0x94, 0xfa, 0x94, 0xfa,
  0x94, 0xfa, 0x94, 0xfa, 0x94, 0xfa, 0x94, 0xfa, 0x94, 0xfa, 0x74, 0xfa, 0x94, 0xf2, 0x9c, 0x9e,
  0x39, 0x06, 0x6a, 0x02, 0x00, 0x00, 0x21, 0x00, 0x07, 0x30, 0x1c, 0xe0, 0x1f, 0xf8, 0xba, 0xf9,
  0x74, 0xfa, 0x94, 0xfa, 0x94, 0xfa, 0x94, 0xfa, 0x94, 0xfa, 0x94, 0xfa, 0x94, 0xfa, 0x94, 0xfa,
  0x94, 0xfa, 0x94, 0xfa, 0x94, 0xfa, 0x94, 0xfa, 0x94, 0xfa, 0x94, 0xfa, 0x94, 0xfa, 0x94, 0xfa,
  0x19, 0xbd, 0x1c, 0x17, 0xab, 0x02, 0x00, 0x00, 0x22, 0x00, 0x02, 0x00, 0x02, 0x00, 0x02, 0x00,
  0x02, 0x00, 0x02, 0x00, 0x00, 0x00, 0x0e, 0x68, 0x1b, 0xd8, 0x5c, 0xf9, 0x55, 0xfa, 0x94, 0xfa,
  0x94, 0xfa, 0x94, 0xfa, 0x94, 0xfa, 0x94, 0xfa, 0x94, 0xfa, 0x94, 0xfa, 0x94, 0xfa, 0x94, 0xfa,
  0x94, 0xfa, 0x94, 0xfa, 0x94, 0xfa, 0x94, 0xfa, 0x94, 0xfa, 0x94, 0xfa, 0x94, 0xfa, 0x94, 0xfa,
  0x94, 0xfa, 0x94, 0xfa, 0x94, 0xfa, 0x94, 0xfa, 0x94, 0xfa, 0x94, 0xfa, 0x94, 0xfa, 0x94, 0xfa,
  0x94, 0xfa, 0x94, 0xfa, 0x94, 0xfa, 0x94, 0xfa, 0x94, 0xfa, 0x94, 0xfa, 0x94, 0xfa, 0x94, 0xfa,
  0x94, 0xfa, 0x94, 0xfa, 0x54, 0xfa, 0xba, 0xbd, 0xbf, 0x07, 0x75, 0x05, 0x00, 0x00, 0x02, 0x00,
  0x01, 0x00, 0x27, 0x30, 0x1b, 0xd8, 0xdd, 0xf8, 0x56, 0xfa, 0x94, 0xfa, 0x94, 0xfa, 0x94, 0xfa,
  0x94, 0xfa, 0x94, 0xfa, 0x94, 0xfa, 0x94, 0xfa, 0x94, 0xfa, 0x94, 0xfa, 0x94, 0xfa, 0x94, 0xfa,
  0x94, 0xfa, 0x94, 0xfa, 0x94, 0xfa, 0x94, 0xfa, 0x94, 0xfa, 0x94, 0xfa, 0x94, 0xfa, 0x94, 0xfa,
  0x94, 0xfa, 0x94, 0xfa, 0x94, 0xfa, 0x94, 0xfa, 0x94, 0xfa, 0x94, 0xfa, 0x94, 0xfa, 0x94, 0xfa,
  0x94, 0xfa, 0x94, 0xfa, 0x94, 0xfa, 0x94, 0xfa, 0x94, 0xfa, 0x94, 0xfa, 0x94, 0xfa, 0x94, 0xfa,
  0x94, 0xfa, 0x94, 0xfa, 0x94, 0xfa, 0x94, 0xfa, 0x74, 0xfa, 0x57, 0xbc, 0xf2, 0x4b, 0xc7, 0x01,
  0x01, 0x00, 0x22, 0x00, 0x01, 0x00, 0x08, 0x38, 0x1d, 0xe8, 0xde, 0xf8, 0x75, 0xfa, 0x94, 0xfa,
  0x94, 0xfa, 0x94, 0xfa, 0x94, 0xfa, 0x94, 0xfa, 0x94, 0xfa, 0x94, 0xfa, 0x94, 0xfa, 0x94, 0xfa,
  0x94, 0xfa, 0x94, 0xfa, 0x94, 0xfa, 0x94, 0xfa, 0x94, 0xfa, 0x94, 0xfa, 0x94, 0xfa, 0x94, 0xfa,
  0x94, 0xfa, 0x94, 0xfa, 0x94, 0xfa, 0x94, 0xfa, 0x94, 0xfa, 0x94, 0xfa, 0x94, 0xfa, 0x94, 0xfa,
  0x94, 0xfa, 0x94, 0xfa, 0x94, 0xfa, 0x94, 0xfa, 0x94, 0xfa, 0x94, 0xfa, 0x94, 0xfa, 0x94, 0xfa,
  0x94, 0xfa, 0x74, 0xfa, 0x56, 0xe3, 0xd3, 0x73, 0x4a, 0x1a, 0x83, 0x00, 0x02, 0x00, 0x02, 0x00,
  0x02, 0x00, 0x02, 0x00, 0x02, 0x00, 0x0a, 0x50, 0x1a, 0xd0, 0x1f, 0xf8, 0xbe, 0xf8, 0xd8, 0xf9,
  0x94, 0xfa, 0x94, 0xfa, 0x94, 0xfa, 0x94, 0xfa, 0x94, 0xfa, 0x94, 0xfa, 0x94, 0xfa, 0x94, 0xfa,
  0x94, 0xfa, 0x94, 0xfa, 0x94, 0xfa, 0x94, 0xfa, 0x94, 0xfa, 0x94, 0xfa, 0x94, 0xfa, 0x94, 0xfa,
  0x94, 0xfa, 0x94, 0xfa, 0x94, 0xfa, 0x94, 0xfa, 0x94, 0xfa, 0x94, 0xfa, 0x94, 0xfa, 0x94, 0xfa,
  0x94, 0xfa, 0x94, 0xfa, 0x94, 0xfa, 0x94, 0xfa, 0x94, 0xfa, 0x94, 0xfa, 0x94, 0xfa, 0x94, 0xfa,
  0x94, 0xfa, 0x39, 0x9d, 0x9e, 0x27, 0xd0, 0x03, 0xa3, 0x00, 0x22, 0x00, 0x01, 0x00, 0x11, 0x80,
  0x3f, 0xf8, 0x7b, 0xf9, 0x94, 0xfa, 0x94, 0xfa, 0x94, 0xfa, 0x94, 0xfa, 0x94, 0xfa, 0x94, 0xfa,
  0x94, 0xfa, 0x94, 0xfa, 0x94, 0xfa, 0x94, 0xfa, 0x94, 0xfa, 0x94, 0xfa, 0x94, 0xfa, 0x74, 0xfa,
  0x54, 0xfa, 0x1b, 0xa6, 0xbf, 0x07, 0xb3, 0x04, 0x00, 0x00, 0x02, 0x00, 0x02, 0x00, 0x02, 0x00,
  0x02, 0x00, 0x02, 0x00, 0x02, 0x00, 0x06, 0x28, 0x19, 0xc8, 0x9f, 0xf8, 0x36, 0xfa, 0x94, 0xfa,
  0x94, 0xfa, 0x94, 0xfa, 0x94, 0xfa, 0x94, 0xfa, 0x94, 0xfa, 0x94, 0xfa, 0x94, 0xfa, 0x94, 0xfa,
  0x94, 0xfa, 0x94, 0xfa, 0x94, 0xfa, 0x94, 0xfa, 0x74, 0xfa, 0x96, 0xe3, 0x9d, 0x66, 0xbb, 0x06,
  0xe9, 0x01, 0x00, 0x00, 0x21, 0x00, 0x05, 0x18, 0x19, 0xc0, 0x9e, 0xf8, 0x17, 0xfa, 0x94, 0xfa,
  0x94, 0xfa, 0x94, 0xfa, 0x94, 0xfa, 0x94, 0xfa, 0x94, 0xfa, 0x94, 0xfa, 0x94, 0xfa, 0x94, 0xfa,
  0x94, 0xfa, 0x94, 0xfa, 0x94, 0xfa, 0x94, 0xfa, 0x94, 0xfa, 0x94, 0xfa, 0x94, 0xfa, 0x94, 0xfa,
  0x94, 0xfa, 0x94, 0xfa, 0x94, 0xfa, 0x94, 0xfa, 0x94, 0xfa, 0x94, 0xfa, 0x94, 0xfa, 0x94, 0xfa,
  0x94, 0xfa, 0x94, 0xfa, 0x94, 0xfa, 0x94, 0xfa, 0x94, 0xfa, 0x94, 0xfa, 0x94, 0xfa, 0x94, 0xfa,
  0x94, 0xfa, 0x94, 0xfa, 0x54, 0xfa, 0x17, 0xd4, 0x1e, 0x57, 0x18, 0x06, 0x87, 0x01, 0x00, 0x00,
  0x22, 0x00, 0x00, 0x00, 0x17, 0xb0, 0x1f, 0xf8, 0x19, 0xfa, 0x94, 0xfa, 0x94, 0xfa, 0x94, 0xfa,
  0x94, 0xfa, 0x94, 0xfa, 0x94, 0xfa, 0x94, 0xfa, 0x94, 0xfa, 0x94, 0xfa, 0x94, 0xfa, 0x94, 0xfa,
  0x94, 0xfa, 0x94, 0xfa, 0x94, 0xfa, 0x94, 0xfa, 0x94, 0xfa, 0x94, 0xfa, 0x94, 0xfa, 0x94, 0xfa,
  0x94, 0xfa, 0x94, 0xfa, 0x94, 0xfa, 0x94, 0xfa, 0x94, 0xfa, 0x94, 0xfa, 0x94, 0xfa, 0x94, 0xfa,
  0x94, 0xfa, 0x94, 0xfa, 0x94, 0xfa, 0x94, 0xfa, 0x94, 0xfa, 0x94, 0xfa, 0x94, 0xfa, 0x94, 0xfa,
  0x74, 0xfa, 0xf5, 0xe2, 0xfd, 0x86, 0x9a, 0x06, 0x2d, 0x03, 0x00, 0x00, 0x02, 0x08, 0x01, 0x08,
  0x0f, 0x78, 0x3e, 0xf0, 0x7a, 0xf9, 0x94, 0xfa, 0x94, 0xfa, 0x94, 0xfa, 0x94, 0xfa, 0x94, 0xfa,
  0x94, 0xfa, 0x94, 0xfa, 0x94, 0xfa, 0x94, 0xfa, 0x94, 0xfa, 0x94, 0xfa, 0x94, 0xfa, 0x94, 0xfa,
  0x74, 0xfa, 0x55, 0xeb, 0x5c, 0x6e, 0x1c, 0x07, 0x2a, 0x02, 0x00, 0x00, 0x22, 0x00, 0x02, 0x00,
  0x02, 0x00, 0x02, 0x00, 0x01, 0x00, 0x00, 0x00, 0x17, 0xb8, 0x3f, 0xf8, 0xf9, 0xf9, 0x94, 0xfa,
  0x94, 0xfa, 0x94, 0xfa, 0x94, 0xfa, 0x94, 0xfa, 0x94, 0xfa, 0x94, 0xfa, 0x94, 0xfa, 0x94, 0xfa,
  0x94, 0xfa, 0x94, 0xfa, 0x94, 0xfa, 0x94, 0xfa, 0x74, 0xfa, 0x76, 0xe3, 0x9f, 0x57, 0x9a, 0x06,
  0x02, 0x00, 0x02, 0x00, 0x02, 0x00, 0x0b, 0x58, 0x1b, 0xd8, 0x3f, 0xf8, 0x7b, 0xf9, 0x94, 0xfa,
  0x94, 0xfa, 0x94, 0xfa, 0x94, 0xfa, 0x94, 0xfa, 0x94, 0xfa, 0x94, 0xfa, 0x94, 0xfa, 0x94, 0xfa,
  0x94, 0xfa, 0x94, 0xfa, 0x94, 0xfa, 0x94, 0xfa, 0x94, 0xfa, 0x54, 0xfa, 0xb6, 0xd3, 0xfd, 0x6e,
  0x96, 0x05, 0x43, 0x00, 0x01, 0x00, 0x22, 0x00, 0x02, 0x00, 0x18, 0xc0, 0x1f, 0xf8, 0x3c, 0xf9,
  0x75, 0xfa, 0x94, 0xfa, 0x94, 0xfa, 0x94, 0xfa, 0x94, 0xfa, 0x94, 0xfa, 0x94, 0xfa, 0x94, 0xfa,
  0x94, 0xfa, 0x94, 0xfa, 0x94, 0xfa, 0x94, 0xfa, 0x94, 0xfa, 0x94, 0xfa, 0x74, 0xfa, 0x35, 0xf3,
  0xfb, 0x7d, 0x59, 0x06, 0xa3, 0x00, 0x01, 0x00, 0x22, 0x00, 0x02, 0x00, 0x02, 0x00, 0x02, 0x00,
  0x02, 0x00, 0x02, 0x00, 0x00, 0x00, 0x0e, 0x68, 0x1b, 0xd8, 0x5c, 0xf9, 0x55, 0xfa, 0x94, 0xfa,
  0x94, 0xfa, 0x94, 0xfa, 0x94, 0xfa, 0x94, 0xfa, 0x94, 0xfa, 0x94, 0xfa, 0x94, 0xfa, 0x94, 0xfa,
  0x94, 0xfa, 0x94, 0xfa, 0x94, 0xfa, 0x94, 0xfa, 0x94, 0xfa, 0x94, 0xfa, 0x94, 0xfa, 0x94, 0xfa,
  0x94, 0xfa, 0x94, 0xfa, 0x94, 0xfa, 0x94, 0xfa, 0x94, 0xfa, 0x94, 0xfa, 0x94, 0xfa, 0x94, 0xfa,
  0x94, 0xfa, 0x94, 0xfa, 0x94, 0xfa, 0x94, 0xfa, 0x94, 0xfa, 0x94, 0xfa, 0x94, 0xfa, 0x94, 0xfa,
  0x94, 0xfa, 0x94, 0xfa, 0x54, 0xfa, 0xba, 0xbd, 0x9f, 0x07, 0x55, 0x05, 0x00, 0x00, 0x02, 0x00,
  0x01, 0x00, 0x27, 0x30, 0x1b, 0xd8, 0xdd, 0xf8, 0x56, 0xfa, 0x94, 0xfa, 0x94, 0xfa, 0x94, 0xfa,
  0x94, 0xfa, 0x94, 0xfa, 0x94, 0xfa, 0x94, 0xfa, 0x94, 0xfa, 0x94, 0xfa, 0x94, 0xfa, 0x94, 0xfa,
  0x94, 0xfa, 0x94, 0xfa, 0x94, 0xfa, 0x94, 0xfa, 0x94, 0xfa, 0x94, 0xfa, 0x94, 0xfa, 0x94, 0xfa,
  0x94, 0xfa, 0x94, 0xfa, 0x94, 0xfa, 0x94, 0xfa, 0x94, 0xfa, 0x94, 0xfa, 0x94, 0xfa, 0x94, 0xfa,
  0x94, 0xfa, 0x94, 0xfa, 0x94, 0xfa, 0x94, 0xfa, 0x94, 0xfa, 0x94, 0xfa, 0x94, 0xfa, 0x94, 0xfa,
  0x94, 0xfa, 0x94, 0xfa, 0x94, 0xfa, 0x94, 0xfa, 0xd4, 0xd2, 0xaf, 0x72, 0x87, 0x09, 0x22, 0x00,
  0x02, 0x00, 0x02, 0x00, 0x01, 0x00, 0x08, 0x38, 0x1d, 0xe8, 0xde, 0xf8, 0x75, 0xfa, 0x94, 0xfa,
  0x94, 0xfa, 0x94, 0xfa, 0x94, 0xfa, 0x94, 0xfa, 0x94, 0xfa, 0x94, 0xfa, 0x94, 0xfa, 0x94, 0xfa,
  0x94, 0xfa, 0x94, 0xfa, 0x94, 0xfa, 0x94, 0xfa, 0x94, 0xfa, 0x94, 0xfa, 0x94, 0xfa, 0x94, 0xfa,
  0x94, 0xfa, 0x94, 0xfa, 0x94, 0xfa, 0x94, 0xfa, 0x94, 0xfa, 0x94, 0xfa, 0x94, 0xfa, 0x94, 0xfa,
  0x94, 0xfa, 0x94, 0xfa, 0x94, 0xfa, 0x94, 0xfa, 0x94, 0xfa, 0x94, 0xfa, 0x94, 0xfa, 0x94, 0xfa,
  0x94, 0xfa, 0x94, 0xea, 0x4e, 0x8a, 0x88, 0x29, 0x62, 0x00, 0x02, 0x00, 0x02, 0x00, 0x02, 0x00,
  0x02, 0x00, 0x02, 0x00, 0x02, 0x00, 0x04, 0x20, 0x10, 0x80, 0x1f, 0xf0, 0x1f, 0xf8, 0xde, 0xf8,
  0xf8, 0xf9, 0x94, 0xfa, 0x94, 0xfa, 0x94, 0xfa, 0x94, 0xfa, 0x94, 0xfa, 0x94, 0xfa, 0x94, 0xfa,
  0x94, 0xfa, 0x94, 0xfa, 0x94, 0xfa, 0x94, 0xfa, 0x94, 0xfa, 0x94, 0xfa, 0x94, 0xfa, 0x94, 0xfa,
  0x94, 0xfa, 0x94, 0xfa, 0x94, 0xfa, 0x94, 0xfa, 0x94, 0xfa, 0x94, 0xfa, 0x94, 0xfa, 0x94, 0xfa,
  0x94, 0xfa, 0x94, 0xfa, 0x94, 0xfa, 0x94, 0xfa, 0x94, 0xfa, 0x94, 0xfa, 0x94, 0xfa, 0x94, 0xfa,
  0x94, 0xfa, 0x39, 0x9d, 0x9e, 0x27, 0xaf, 0x03, 0xa3, 0x00, 0x22, 0x00, 0x01, 0x00, 0x11, 0x80,
  0x3f, 0xf8, 0x7b, 0xf9, 0x94, 0xfa, 0x94, 0xfa, 0x94, 0xfa, 0x94, 0xfa, 0x94, 0xfa, 0x94, 0xfa,
  0x94, 0xfa, 0x94, 0xfa, 0x94, 0xfa, 0x94, 0xfa, 0x94, 0xfa, 0x94, 0xfa, 0x94, 0xfa, 0x74, 0xfa,
  0x54, 0xfa, 0x1b, 0xa6, 0xbf, 0x07, 0xb2, 0x04, 0x00, 0x00, 0x02, 0x00, 0x02, 0x00, 0x02, 0x00,
  0x02, 0x00, 0x02, 0x00, 0x02, 0x00, 0x06, 0x28, 0x19, 0xc8, 0x9f, 0xf8, 0x36, 0xfa, 0x94, 0xfa,
  0x94, 0xfa, 0x94, 0xfa, 0x94, 0xfa, 0x94, 0xfa, 0x94, 0xfa, 0x94, 0xfa, 0x94, 0xfa, 0x94, 0xfa,
  0x94, 0xfa, 0x94, 0xfa, 0x94, 0xfa, 0x94, 0xfa, 0x74, 0xfa, 0x96, 0xe3, 0x9d, 0x66, 0xbb, 0x06,
  0xe8, 0x01, 0x00, 0x00, 0x21, 0x00, 0x05, 0x18, 0x19, 0xc0, 0x9e, 0xf8, 0x17, 0xfa, 0x94, 0xfa,
  0x94, 0xfa, 0x94, 0xfa, 0x94, 0xfa, 0x94, 0xfa, 0x94, 0xfa, 0x94, 0xfa, 0x94, 0xfa, 0x94, 0xfa,
  0x94, 0xfa, 0x94, 0xfa, 0x94, 0xfa, 0x94, 0xfa, 0x94, 0xfa, 0x94, 0xfa, 0x94, 0xfa, 0x94, 0xfa,
  0x94, 0xfa, 0x94, 0xfa, 0x94, 0xfa, 0x94, 0xfa, 0x94, 0xfa, 0x94, 0xfa, 0x94, 0xfa, 0x94, 0xfa,
  0x94, 0xfa, 0x94, 0xfa, 0x94, 0xfa, 0x94, 0xfa, 0x94, 0xfa, 0x94, 0xfa, 0x94, 0xfa, 0x94, 0xfa,
  0x94, 0xfa, 0x94, 0xfa, 0x54, 0xfa, 0xf7, 0xd3, 0x1e, 0x57, 0x18, 0x06, 0x67, 0x01, 0x00, 0x00,
  0x22, 0x00, 0x00, 0x00, 0x17, 0xb0, 0x1f, 0xf8, 0x19, 0xfa, 0x94, 0xfa, 0x94, 0xfa, 0x94, 0xfa,
  0x94, 0xfa, 0x94, 0xfa, 0x94, 0xfa, 0x94, 0xfa, 0x94, 0xfa, 0x94, 0xfa, 0x94, 0xfa, 0x94, 0xfa,
  0x94, 0xfa, 0x94, 0xfa, 0x94, 0xfa, 0x94, 0xfa, 0x94, 0xfa, 0x94, 0xfa, 0x94, 0xfa, 0x94, 0xfa,
  0x94, 0xfa, 0x94, 0xfa, 0x94, 0xfa, 0x94, 0xfa, 0x94, 0xfa, 0x94, 0xfa, 0x94, 0xfa, 0x94, 0xfa,
  0x94, 0xfa, 0x94, 0xfa, 0x94, 0xfa, 0x94, 0xfa, 0x94, 0xfa, 0x94, 0xfa, 0x94, 0xfa, 0x94, 0xfa,
  0x74, 0xfa, 0xf5, 0xe2, 0xfd, 0x86, 0x9a, 0x06, 0x0d, 0x03, 0x00, 0x00, 0x02, 0x08, 0x01, 0x08,
  0x0f, 0x78, 0x3e, 0xf0, 0x7a, 0xf9, 0x94, 0xfa, 0x94, 0xfa, 0x94, 0xfa, 0x94, 0xfa, 0x94, 0xfa,
  0x94, 0xfa, 0x94, 0xfa, 0x94, 0xfa, 0x94, 0xfa, 0x94, 0xfa, 0x94, 0xfa, 0x94, 0xfa, 0x94, 0xfa,
  0x74, 0xfa, 0x55, 0xeb, 0x5c, 0x6e, 0x1c, 0x07, 0x29, 0x02, 0x00, 0x00, 0x22, 0x00, 0x02, 0x00,
  0x02, 0x00, 0x02, 0x00, 0x01, 0x00, 0x00, 0x00, 0x17, 0xb8, 0x3f, 0xf8, 0xf9, 0xf9, 0x94, 0xfa,
  0x94, 0xfa, 0x94, 0xfa, 0x94, 0xfa, 0x94, 0xfa, 0x94, 0xfa, 0x94, 0xfa, 0x94, 0xfa, 0x94, 0xfa,
  0x94, 0xfa, 0x94, 0xfa, 0x94, 0xfa, 0x94, 0xfa, 0x74, 0xfa, 0x76, 0xe3, 0x9f, 0x57, 0x9a, 0x06,
  0x02, 0x00, 0x02, 0x00, 0x02, 0x00, 0x07, 0x30, 0x14, 0xa0, 0x1f, 0xf8, 0xfe, 0xf8, 0x36, 0xfa,
  0x94, 0xfa, 0x74, 0xfa, 0x94, 0xfa, 0x94, 0xfa, 0x94, 0xfa, 0x94, 0xfa, 0x94, 0xfa, 0x94, 0xfa,
  0x94, 0xfa, 0x94, 0xfa, 0x94, 0xfa, 0x94, 0xfa, 0x94, 0xfa, 0x34, 0xfa, 0x39, 0xc5, 0x9b, 0x36,
  0x51, 0x04, 0x00, 0x00, 0x22, 0x00, 0x02, 0x00, 0x00, 0x00, 0x12, 0x88, 0x1e, 0xf0, 0x9e, 0xf8,
  0x56, 0xfa, 0x94, 0xfa, 0x94, 0xfa, 0x94, 0xfa, 0x94, 0xfa, 0x94, 0xfa, 0x94, 0xfa, 0x94, 0xfa,
  0x94, 0xfa, 0x94, 0xfa, 0x94, 0xfa, 0x94, 0xfa, 0x94, 0xfa, 0x94, 0xfa, 0x74, 0xfa, 0x57, 0xe4,
  0xdc, 0x3e, 0xaf, 0x03, 0x01, 0x00, 0x22, 0x00, 0x02, 0x00, 0x02, 0x00, 0x02, 0x00, 0x02, 0x00,
  0x02, 0x00, 0x02, 0x00, 0x00, 0x00, 0x0e, 0x68, 0x1b, 0xd8, 0x5c, 0xf9, 0x55, 0xfa, 0x94, 0xfa,
  0x74, 0xfa, 0x94, 0xfa, 0x94, 0xfa, 0x94, 0xfa, 0x94, 0xfa, 0x94, 0xfa, 0x94, 0xfa, 0x94, 0xfa,
  0x94, 0xfa, 0x94, 0xfa, 0x94, 0xfa, 0x94, 0xfa, 0x94, 0xfa, 0x94, 0xfa, 0x94, 0xfa, 0x94, 0xfa,
  0x94, 0xfa, 0x94, 0xfa, 0x94, 0xfa, 0x94, 0xfa, 0x94, 0xfa, 0x94, 0xfa, 0x94, 0xfa, 0x94, 0xfa,
  0x94, 0xfa, 0x94, 0xfa, 0x94, 0xfa, 0x94, 0xfa, 0x94, 0xfa, 0x94, 0xfa, 0x94, 0xfa, 0x94, 0xfa,
  0x94, 0xfa, 0x94, 0xfa, 0x54, 0xfa, 0xdb, 0xbd, 0x3d, 0x07, 0x92, 0x04, 0x00, 0x00, 0x22, 0x00,
  0x00, 0x00, 0x27, 0x30, 0x1b, 0xd8, 0xdd, 0xf8, 0x56, 0xfa, 0x94, 0xfa, 0x94, 0xfa, 0x94, 0xfa,
  0x94, 0xfa, 0x94, 0xfa, 0x94, 0xfa, 0x94, 0xfa, 0x94, 0xfa, 0x94, 0xfa, 0x94, 0xfa, 0x94, 0xfa,
  0x94, 0xfa, 0x94, 0xfa, 0x94, 0xfa, 0x94, 0xfa, 0x94, 0xfa, 0x94, 0xfa, 0x94, 0xfa, 0x94, 0xfa,
  0x94, 0xfa, 0x94, 0xfa, 0x94, 0xfa, 0x94, 0xfa, 0x94, 0xfa, 0x94, 0xfa, 0x94, 0xfa, 0x94, 0xfa,
  0x94, 0xfa, 0x94, 0xfa, 0x94, 0xfa, 0x94, 0xfa, 0x94, 0xfa, 0x94, 0xfa, 0x94, 0xfa, 0x94, 0xfa,
  0x74, 0xfa, 0x94, 0xfa, 0x95, 0xfa, 0x32, 0xda, 0x6c, 0x81, 0xc4, 0x20, 0x22, 0x00, 0x02, 0x00,
  0x02, 0x00, 0x02, 0x00, 0x01, 0x00, 0x08, 0x38, 0x1d, 0xe8, 0xde, 0xf8, 0x55, 0xfa, 0x94, 0xfa,
  0x94, 0xfa, 0x94, 0xfa, 0x94, 0xfa, 0x94, 0xfa, 0x94, 0xfa, 0x94, 0xfa, 0x94, 0xfa, 0x94, 0xfa,
  0x94, 0xfa, 0x94, 0xfa, 0x94, 0xfa, 0x94, 0xfa, 0x94, 0xfa, 0x94, 0xfa, 0x94, 0xfa, 0x94, 0xfa,
  0x94, 0xfa, 0x94, 0xfa, 0x94, 0xfa, 0x94, 0xfa, 0x94, 0xfa, 0x94, 0xfa, 0x94, 0xfa, 0x94, 0xfa,
  0x94, 0xfa, 0x94, 0xfa, 0x94, 0xfa, 0x94, 0xfa, 0x94, 0xfa, 0x74, 0xfa, 0x94, 0xfa, 0x94, 0xfa,
  0x35, 0xf2, 0x6d, 0x91, 0xa5, 0x28, 0x22, 0x00, 0x02, 0x00, 0x02, 0x00, 0x02, 0x00, 0x02, 0x00,
  0x02, 0x00, 0x02, 0x00, 0x02, 0x00, 0x02, 0x00, 0x07, 0x38, 0x15, 0xa0, 0x1f, 0xf8, 0x3f, 0xf8,
  0xbe, 0xf8, 0xba, 0xf9, 0x75, 0xfa, 0x94, 0xfa, 0x94, 0xfa, 0x74, 0xfa, 0x94, 0xfa, 0x94, 0xfa,
  0x94, 0xfa, 0x94, 0xfa, 0x94, 0xfa, 0x94, 0xfa, 0x94, 0xfa, 0x94, 0xfa, 0x94, 0xfa, 0x94, 0xfa,
  0x94, 0xfa, 0x94, 0xfa, 0x94, 0xfa, 0x94, 0xfa, 0x94, 0xfa, 0x94, 0xfa, 0x94, 0xfa, 0x94, 0xfa,
  0x94, 0xfa, 0x94, 0xfa, 0x94, 0xfa, 0x94, 0xfa, 0x94, 0xfa, 0x94, 0xfa, 0x94, 0xfa, 0x94, 0xfa,
  0x94, 0xfa, 0x5a, 0x9d, 0x7e, 0x27, 0xec, 0x02, 0x62, 0x00, 0x22, 0x00, 0x01, 0x00, 0x11, 0x80,
  0x3f, 0xf8, 0x7b, 0xf9, 0x94, 0xfa, 0x94, 0xfa, 0x94, 0xfa, 0x94, 0xfa, 0x94, 0xfa, 0x94, 0xfa,
  0x94, 0xfa, 0x94, 0xfa, 0x94, 0xfa, 0x94, 0xfa, 0x94, 0xfa, 0x94, 0xfa, 0x94, 0xfa, 0x94, 0xfa,
  0x54, 0xfa, 0x3c, 0xa6, 0x1c, 0x07, 0xf0, 0x03, 0x00, 0x00, 0x02, 0x00, 0x02, 0x00, 0x02, 0x00,
  0x02, 0x00, 0x02, 0x00, 0x02, 0x00, 0x06, 0x28, 0x19, 0xc8, 0x9f, 0xf8, 0x36, 0xfa, 0x94, 0xfa,
  0x94, 0xfa, 0x94, 0xfa, 0x94, 0xfa, 0x94, 0xfa, 0x94, 0xfa, 0x94, 0xfa, 0x94, 0xfa, 0x94, 0xfa,
  0x94, 0xfa, 0x94, 0xfa, 0x94, 0xfa, 0x94, 0xfa, 0x74, 0xfa, 0x96, 0xe3, 0x9d, 0x66, 0x9a, 0x06,
  0xc5, 0x00, 0x01, 0x00, 0x21, 0x00, 0x25, 0x18, 0x19, 0xc0, 0x9e, 0xf8, 0x37, 0xfa, 0x94, 0xfa,
  0x74, 0xfa, 0x94, 0xfa, 0x94, 0xfa, 0x94, 0xfa, 0x94, 0xfa, 0x94, 0xfa, 0x94, 0xfa, 0x94, 0xfa,
  0x94, 0xfa, 0x94, 0xfa, 0x94, 0xfa, 0x94, 0xfa, 0x94, 0xfa, 0x94, 0xfa, 0x94, 0xfa, 0x94, 0xfa,
  0x94, 0xfa, 0x94, 0xfa, 0x94, 0xfa, 0x94, 0xfa, 0x94, 0xfa, 0x94, 0xfa, 0x94, 0xfa, 0x94, 0xfa,
  0x94, 0xfa, 0x94, 0xfa, 0x94, 0xfa, 0x94, 0xfa, 0x94, 0xfa, 0x94, 0xfa, 0x94, 0xfa, 0x94, 0xfa,
  0x94, 0xfa, 0x94, 0xfa, 0x54, 0xfa, 0x17, 0xd4, 0xfe, 0x56, 0xd7, 0x05, 0x03, 0x00, 0x01, 0x00,
  0x22, 0x00, 0x00, 0x00, 0x17, 0xb0, 0x1f, 0xf8, 0x19, 0xfa, 0x94, 0xfa, 0x94, 0xfa, 0x94, 0xfa,
  0x94, 0xfa, 0x94, 0xfa, 0x94, 0xfa, 0x94, 0xfa, 0x94, 0xfa, 0x94, 0xfa, 0x94, 0xfa, 0x94, 0xfa,
  0x94, 0xfa, 0x94, 0xfa, 0x94, 0xfa, 0x94, 0xfa, 0x94, 0xfa, 0x94, 0xfa, 0x94, 0xfa, 0x94, 0xfa,
  0x94, 0xfa, 0x94, 0xfa, 0x94, 0xfa, 0x94, 0xfa, 0x94, 0xfa, 0x94, 0xfa, 0x94, 0xfa, 0x94, 0xfa,
  0x94, 0xfa, 0x94, 0xfa, 0x94, 0xfa, 0x94, 0xfa, 0x94, 0xfa, 0x94, 0xfa, 0x94, 0xfa, 0x94, 0xfa,
  0x74, 0xfa, 0xf5, 0xe2, 0xfd, 0x86, 0x18, 0x06, 0x6a, 0x02, 0x00, 0x00, 0x22, 0x08, 0x01, 0x08,
  0x0f, 0x78, 0x3e, 0xf0, 0x7a, 0xf9, 0x94, 0xfa, 0x94, 0xfa, 0x94, 0xfa, 0x94, 0xfa, 0x94, 0xfa,
  0x94, 0xfa, 0x94, 0xfa, 0x94, 0xfa, 0x94, 0xfa, 0x94, 0xfa, 0x94, 0xfa, 0x94, 0xfa, 0x94, 0xfa,
  0x74, 0xfa, 0x55, 0xeb, 0x5c, 0x6e, 0xfb, 0x06, 0x26, 0x01, 0x01, 0x00, 0x22, 0x00, 0x02, 0x00,
  0x02, 0x00, 0x02, 0x00, 0x01, 0x00, 0x00, 0x00, 0x17, 0xb8, 0x3f, 0xf8, 0xf9, 0xf9, 0x94, 0xfa,
  0x94, 0xfa, 0x94, 0xfa, 0x94, 0xfa, 0x94, 0xfa, 0x94, 0xfa, 0x94, 0xfa, 0x94, 0xfa, 0x94, 0xfa,
  0x94, 0xfa, 0x94, 0xfa, 0x94, 0xfa, 0x94, 0xfa, 0x74, 0xfa, 0x76, 0xe3, 0x9e, 0x57, 0xb7, 0x05,
  0x02, 0x00, 0x02, 0x00, 0x02, 0x00, 0x03, 0x10, 0x0f, 0x78, 0x1f, 0xf8, 0x7f, 0xf8, 0xb9, 0xf9,
  0xb4, 0xfa, 0x74, 0xfa, 0x74, 0xfa, 0x74, 0xfa, 0x74, 0xfa, 0x74, 0xfa, 0x74, 0xfa, 0x74, 0xfa,
  0x74, 0xfa, 0x74, 0xfa, 0x74, 0xfa, 0x74, 0xfa, 0x74, 0xfa, 0x94, 0xfa, 0x76, 0xa4, 0x11, 0x04,
  0x86, 0x01, 0x01, 0x00, 0x22, 0x00, 0x02, 0x00, 0x00, 0x00, 0x0b, 0x50, 0x1d, 0xe8, 0x3f, 0xf8,
  0xf8, 0xf9, 0x94, 0xfa, 0x94, 0xfa, 0x74, 0xfa, 0x74, 0xfa, 0x74, 0xfa, 0x74, 0xfa, 0x74, 0xfa,
  0x74, 0xfa, 0x74, 0xfa, 0x74, 0xfa, 0x74, 0xfa, 0x94, 0xfa, 0x74, 0xfa, 0xb4, 0xf2, 0x16, 0xa4,
  0x72, 0x14, 0x05, 0x01, 0x02, 0x00, 0x02, 0x00, 0x02, 0x00, 0x02, 0x00, 0x02, 0x00, 0x02, 0x00,
  0x02, 0x00, 0x02, 0x00, 0x00, 0x00, 0x0e, 0x68, 0x1b, 0xd8, 0x3c, 0xf9, 0x55, 0xfa, 0x94, 0xfa,
  0x74, 0xfa, 0x94, 0xfa, 0x74, 0xfa, 0x74, 0xfa, 0x74, 0xfa, 0x74, 0xfa, 0x74, 0xfa, 0x74, 0xfa,
  0x74, 0xfa, 0x74, 0xfa, 0x74, 0xfa, 0x74, 0xfa, 0x74, 0xfa, 0x74, 0xfa, 0x74, 0xfa, 0x74, 0xfa,
  0x74, 0xfa, 0x74, 0xfa, 0x74, 0xfa, 0x74, 0xfa, 0x74, 0xfa, 0x74, 0xfa, 0x74, 0xfa, 0x74, 0xfa,
  0x74, 0xfa, 0x74, 0xfa, 0x74, 0xfa, 0x74, 0xfa, 0x74, 0xfa, 0x74, 0xfa, 0x74, 0xfa, 0x74, 0xfa,
  0x94, 0xfa, 0x74, 0xfa, 0x74, 0xfa, 0xf8, 0xbc, 0x15, 0x05, 0xe8, 0x01, 0x00, 0x00, 0x22, 0x00,
  0x00, 0x00, 0x27, 0x30, 0x1b, 0xd8, 0xbd, 0xf8, 0x56, 0xfa, 0x94, 0xfa, 0x74, 0xfa, 0x74, 0xfa,
  0x74, 0xfa, 0x74, 0xfa, 0x74, 0xfa, 0x74, 0xfa, 0x74, 0xfa, 0x74, 0xfa, 0x74, 0xfa, 0x74, 0xfa,
  0x74, 0xfa, 0x74, 0xfa, 0x74, 0xfa, 0x74, 0xfa, 0x74, 0xfa, 0x74, 0xfa, 0x74, 0xfa, 0x74, 0xfa,
  0x74, 0xfa, 0x74, 0xfa, 0x74, 0xfa, 0x74, 0xfa, 0x74, 0xfa, 0x74, 0xfa, 0x74, 0xfa, 0x74, 0xfa,
  0x74, 0xfa, 0x74, 0xfa, 0x74, 0xfa, 0x74, 0xfa, 0x94, 0xfa, 0x94, 0xfa, 0x94, 0xfa, 0x94, 0xfa,
  0x94, 0xfa, 0x56, 0xfa, 0xb6, 0xe1, 0xed, 0x88, 0x43, 0x20, 0x01, 0x00, 0x02, 0x00, 0x02, 0x00,
  0x02, 0x00, 0x02, 0x00, 0x01, 0x00, 0x08, 0x38, 0x1d, 0xe8, 0xbe, 0xf8, 0x56, 0xfa, 0x94, 0xfa,
  0x94, 0xfa, 0x74, 0xfa, 0x74, 0xfa, 0x74, 0xfa, 0x74, 0xfa, 0x74, 0xfa, 0x74, 0xfa, 0x74, 0xfa,
  0x74, 0xfa, 0x74, 0xfa, 0x74, 0xfa, 0x74, 0xfa, 0x74, 0xfa, 0x74, 0xfa, 0x74, 0xfa, 0x74, 0xfa,
  0x74, 0xfa, 0x74, 0xfa, 0x74, 0xfa, 0x74, 0xfa, 0x74, 0xfa, 0x74, 0xfa, 0x74, 0xfa, 0x74, 0xfa,
  0x74, 0xfa, 0x94, 0xfa, 0x94, 0xfa, 0x94, 0xfa, 0x94, 0xfa, 0x94, 0xfa, 0x56, 0xfa, 0x98, 0xf1,
  0xd0, 0x98, 0x25, 0x30, 0x22, 0x00, 0x02, 0x00, 0x02, 0x00, 0x02, 0x00, 0x02, 0x00, 0x02, 0x00,
  0x02, 0x00, 0x02, 0x00, 0x02, 0x00, 0x02, 0x00, 0x02, 0x08, 0x09, 0x40, 0x15, 0xa8, 0x1f, 0xf8,
  0x1f, 0xf8, 0x7f, 0xf8, 0x1d, 0xf9, 0xd8, 0xf9, 0x55, 0xfa, 0x94, 0xfa, 0x94, 0xfa, 0x94, 0xfa,
  0x94, 0xfa, 0x94, 0xfa, 0x94, 0xfa, 0x74, 0xfa, 0x74, 0xfa, 0x74, 0xfa, 0x74, 0xfa, 0x74, 0xfa,
  0x74, 0xfa, 0x74, 0xfa, 0x74, 0xfa, 0x74, 0xfa, 0x74, 0xfa, 0x74, 0xfa, 0x74, 0xfa, 0x74, 0xfa,
  0x74, 0xfa, 0x74, 0xfa, 0x74, 0xfa, 0x74, 0xfa, 0x74, 0xfa, 0x74, 0xfa, 0x94, 0xfa, 0x94, 0xfa,
  0x94, 0xfa, 0xb8, 0x8c, 0x14, 0x25, 0x66, 0x01, 0x02, 0x00, 0x02, 0x00, 0x01, 0x00, 0x11, 0x80,
  0x3f, 0xf8, 0x7c, 0xf9, 0x94, 0xfa, 0x94, 0xfa, 0x74, 0xfa, 0x74, 0xfa, 0x74, 0xfa, 0x74, 0xfa,
  0x74, 0xfa, 0x74, 0xfa, 0x74, 0xfa, 0x74, 0xfa, 0x74, 0xfa, 0x74, 0xfa, 0x94, 0xfa, 0x74, 0xfa,
  0x74, 0xfa, 0x58, 0xa5, 0x93, 0x04, 0xc7, 0x01, 0x01, 0x00, 0x22, 0x00, 0x02, 0x00, 0x02, 0x00,
  0x02, 0x00, 0x02, 0x00, 0x02, 0x00, 0x06, 0x28, 0x19, 0xc8, 0x7f, 0xf8, 0x37, 0xfa, 0x94, 0xfa,
  0x74, 0xfa, 0x74, 0xfa, 0x74, 0xfa, 0x74, 0xfa, 0x74, 0xfa, 0x74, 0xfa, 0x74, 0xfa, 0x74, 0xfa,
  0x74, 0xfa, 0x74, 0xfa, 0x74, 0xfa, 0x94, 0xfa, 0x74, 0xfa, 0x96, 0xe3, 0x17, 0x5d, 0x10, 0x04,
  0x00, 0x00, 0x02, 0x00, 0x01, 0x00, 0x25, 0x18, 0x19, 0xc0, 0x9e, 0xf8, 0x18, 0xfa, 0x94, 0xfa,
  0x74, 0xfa, 0x94, 0xfa, 0x74, 0xfa, 0x74, 0xfa, 0x74, 0xfa, 0x74, 0xfa, 0x74, 0xfa, 0x74, 0xfa,
  0x74, 0xfa, 0x74, 0xfa, 0x74, 0xfa, 0x74, 0xfa, 0x74, 0xfa, 0x74, 0xfa, 0x74, 0xfa, 0x74, 0xfa,
  0x74, 0xfa, 0x74, 0xfa, 0x74, 0xfa, 0x74, 0xfa, 0x74, 0xfa, 0x74, 0xfa, 0x74, 0xfa, 0x74, 0xfa,
  0x74, 0xfa, 0x74, 0xfa, 0x74, 0xfa, 0x74, 0xfa, 0x74, 0xfa, 0x74, 0xfa, 0x74, 0xfa, 0x74, 0xfa,
  0x74, 0xfa, 0x94, 0xfa, 0x54, 0xfa, 0xf6, 0xcb, 0x17, 0x4d, 0x8e, 0x03, 0x00, 0x00, 0x02, 0x00,
  0x02, 0x00, 0x00, 0x00, 0x16, 0xb0, 0x1f, 0xf8, 0xf9, 0xf9, 0x94, 0xfa, 0x74, 0xfa, 0x74, 0xfa,
  0x74, 0xfa, 0x74, 0xfa, 0x74, 0xfa, 0x74, 0xfa, 0x74, 0xfa, 0x74, 0xfa, 0x74, 0xfa, 0x74, 0xfa,
  0x74, 0xfa, 0x74, 0xfa, 0x74, 0xfa, 0x74, 0xfa, 0x74, 0xfa, 0x74, 0xfa, 0x74, 0xfa, 0x74, 0xfa,
  0x74, 0xfa, 0x74, 0xfa, 0x74, 0xfa, 0x74, 0xfa, 0x74, 0xfa, 0x74, 0xfa, 0x74, 0xfa, 0x74, 0xfa,
  0x74, 0xfa, 0x74, 0xfa, 0x74, 0xfa, 0x74, 0xfa, 0x74, 0xfa, 0x74, 0xfa, 0x74, 0xfa, 0x94, 0xfa,
  0x54, 0xfa, 0x36, 0xdb, 0x78, 0x7d, 0xf0, 0x03, 0xa4, 0x00, 0x01, 0x00, 0x02, 0x08, 0x01, 0x08,
  0x2f, 0x78, 0x3e, 0xf0, 0x7a, 0xf9, 0x94, 0xfa, 0x94, 0xfa, 0x74, 0xfa, 0x74, 0xfa, 0x74, 0xfa,
  0x74, 0xfa, 0x74, 0xfa, 0x74, 0xfa, 0x74, 0xfa, 0x74, 0xfa, 0x74, 0xfa, 0x74, 0xfa, 0x94, 0xfa,
  0x74, 0xfa, 0x55, 0xeb, 0x18, 0x65, 0x31, 0x04, 0x02, 0x00, 0x02, 0x00, 0x02, 0x00, 0x02, 0x00,
  0x02, 0x00, 0x02, 0x00, 0x01, 0x00, 0x00, 0x00, 0x17, 0xb8, 0x1f, 0xf8, 0xfa, 0xf9, 0x94, 0xfa,
  0x94, 0xfa, 0x74, 0xfa, 0x74, 0xfa, 0x74, 0xfa, 0x74, 0xfa, 0x74, 0xfa, 0x74, 0xfa, 0x74, 0xfa,
  0x74, 0xfa, 0x74, 0xfa, 0x94, 0xfa, 0x94, 0xfa, 0x74, 0xfa, 0x76, 0xdb, 0xd8, 0x55, 0x0c, 0x03,
  0x02, 0x00, 0x02, 0x00, 0x02, 0x00, 0x01, 0x00, 0x0a, 0x50, 0x19, 0xc8, 0x1f, 0xf8, 0xde, 0xf8,
  0x17, 0xfa, 0x94, 0xfa, 0x94, 0xfa, 0x94, 0xfa, 0x94, 0xfa, 0x94, 0xfa, 0x94, 0xfa, 0x94, 0xfa,
  0x94, 0xfa, 0x94, 0xfa, 0x94, 0xfa, 0x94, 0xfa, 0x94, 0xfa, 0x11, 0xca, 0xaa, 0x51, 0x25, 0x01,
  0x02, 0x00, 0x02, 0x00, 0x02, 0x00, 0x02, 0x00, 0x01, 0x00, 0x05, 0x20, 0x1b, 0xd0, 0x1f, 0xf8,
  0xfd, 0xf8, 0x37, 0xfa, 0x94, 0xfa, 0x94, 0xfa, 0x94, 0xfa, 0x94, 0xfa, 0x94, 0xfa, 0x94, 0xfa,
  0x94, 0xfa, 0x94, 0xfa, 0x94, 0xfa, 0x94, 0xfa, 0x94, 0xfa, 0x94, 0xfa, 0x11, 0xd2, 0x89, 0x49,
  0x66, 0x01, 0x02, 0x00, 0x02, 0x00, 0x02, 0x00, 0x02, 0x00, 0x02, 0x00, 0x02, 0x00, 0x02, 0x00,
  0x02, 0x00, 0x02, 0x00, 0x00, 0x00, 0x0e, 0x70, 0x1b, 0xd8, 0xbe, 0xf8, 0x17, 0xfa, 0x94, 0xfa,
  0x94, 0xfa, 0x94, 0xfa, 0x94, 0xfa, 0x94, 0xfa, 0x94, 0xfa, 0x94, 0xfa, 0x94, 0xfa, 0x94, 0xfa,
  0x94, 0xfa, 0x94, 0xfa, 0x94, 0xfa, 0x94, 0xfa, 0x94, 0xfa, 0x94, 0xfa, 0x94, 0xfa, 0x94, 0xfa,
  0x94, 0xfa, 0x94, 0xfa, 0x94, 0xfa, 0x94, 0xfa, 0x94, 0xfa, 0x94, 0xfa, 0x94, 0xfa, 0x94, 0xfa,
  0x94, 0xfa, 0x94, 0xfa, 0x94, 0xfa, 0x94, 0xfa, 0x94, 0xfa, 0x94, 0xfa, 0x94, 0xfa, 0x94, 0xfa,
  0x94, 0xfa, 0xb4, 0xfa, 0x53, 0xe2, 0x0d, 0x82, 0xa7, 0x01, 0x42, 0x00, 0x02, 0x00, 0x02, 0x00,
  0x00, 0x00, 0x07, 0x30, 0x1b, 0xd8, 0x3f, 0xf8, 0xf9, 0xf9, 0x94, 0xfa, 0x94, 0xfa, 0x94, 0xfa,
  0x94, 0xfa, 0x94, 0xfa, 0x94, 0xfa, 0x94, 0xfa, 0x94, 0xfa, 0x94, 0xfa, 0x94, 0xfa, 0x94, 0xfa,
  0x94, 0xfa, 0x94, 0xfa, 0x94, 0xfa, 0x94, 0xfa, 0x94, 0xfa, 0x94, 0xfa, 0x94, 0xfa, 0x94, 0xfa,
  0x94, 0xfa, 0x94, 0xfa, 0x94, 0xfa, 0x94, 0xfa, 0x94, 0xfa, 0x94, 0xfa, 0x94, 0xfa, 0x94, 0xfa,
  0x94, 0xfa, 0x94, 0xfa, 0x94, 0xfa, 0x94, 0xfa, 0x94, 0xfa, 0x75, 0xfa, 0x55, 0xfa, 0x17, 0xfa,
  0x9b, 0xf9, 0x19, 0xe1, 0x70, 0x88, 0x24, 0x28, 0x01, 0x00, 0x02, 0x00, 0x02, 0x00, 0x02, 0x00,
  0x02, 0x00, 0x02, 0x00, 0x01, 0x00, 0x08, 0x38, 0x1d, 0xe8, 0x7f, 0xf8, 0xf8, 0xf9, 0x94, 0xfa,
  0x94, 0xfa, 0x94, 0xfa, 0x94, 0xfa, 0x94, 0xfa, 0x94, 0xfa, 0x94, 0xfa, 0x94, 0xfa, 0x94, 0xfa,
  0x94, 0xfa, 0x94, 0xfa, 0x94, 0xfa, 0x94, 0xfa, 0x94, 0xfa, 0x94, 0xfa, 0x94, 0xfa, 0x94, 0xfa,
  0x94, 0xfa, 0x94, 0xfa, 0x94, 0xfa, 0x94, 0xfa, 0x94, 0xfa, 0x94, 0xfa, 0x94, 0xfa, 0x94, 0xfa,
  0x94, 0xfa, 0x94, 0xfa, 0x75, 0xfa, 0x56, 0xfa, 0xf8, 0xf9, 0x7b, 0xf9, 0xfa, 0xe0, 0x70, 0x88,
  0x26, 0x30, 0x22, 0x00, 0x02, 0x00, 0x02, 0x00, 0x02, 0x00, 0x02, 0x00, 0x02, 0x00, 0x02, 0x00,
  0x02, 0x00, 0x02, 0x00, 0x02, 0x00, 0x02, 0x00, 0x02, 0x00, 0x02, 0x08, 0x08, 0x40, 0x13, 0x90,
  0x1d, 0xe0, 0x1f, 0xf8, 0x3f, 0xf8, 0x7f, 0xf8, 0xfd, 0xf8, 0x7a, 0xf9, 0xd8, 0xf9, 0x36, 0xfa,
  0x75, 0xfa, 0x75, 0xfa, 0x94, 0xfa, 0x94, 0xfa, 0x94, 0xfa, 0x94, 0xfa, 0x94, 0xfa, 0x94, 0xfa,
  0x94, 0xfa, 0x94, 0xfa, 0x94, 0xfa, 0x94, 0xfa, 0x94, 0xfa, 0x94, 0xfa, 0x94, 0xfa, 0x94, 0xfa,
  0x94, 0xfa, 0x94, 0xfa, 0x94, 0xfa, 0x94, 0xfa, 0x94, 0xfa, 0x94, 0xfa, 0x94, 0xfa, 0x94, 0xfa,
  0x53, 0xea, 0xeb, 0x61, 0xa7, 0x11, 0x42, 0x00, 0x02, 0x00, 0x02, 0x00, 0x01, 0x00, 0x10, 0x80,
  0x1f, 0xf8, 0x1e, 0xf9, 0x36, 0xfa, 0xb4, 0xfa, 0x94, 0xfa, 0x94, 0xfa, 0x94, 0xfa, 0x94, 0xfa,
  0x94, 0xfa, 0x94, 0xfa, 0x94, 0xfa, 0x94, 0xfa, 0x94, 0xfa, 0x94, 0xfa, 0x94, 0xfa, 0xb4, 0xfa,
  0x32, 0xda, 0x2c, 0x72, 0x66, 0x01, 0x22, 0x00, 0x02, 0x00, 0x02, 0x00, 0x02, 0x00, 0x02, 0x00,
  0x02, 0x00, 0x02, 0x00, 0x02, 0x00, 0x06, 0x28, 0x19, 0xc0, 0x3f, 0xf8, 0x9a, 0xf9, 0x94, 0xfa,
  0x94, 0xfa, 0x94, 0xfa, 0x94, 0xfa, 0x94, 0xfa, 0x94, 0xfa, 0x94, 0xfa, 0x94, 0xfa, 0x94, 0xfa,
  0x94, 0xfa, 0x94, 0xfa, 0x94, 0xfa, 0xb4, 0xfa, 0x94, 0xfa, 0x31, 0xca, 0xe9, 0x21, 0x25, 0x01,
  0x01, 0x00, 0x02, 0x00, 0x01, 0x00, 0x05, 0x18, 0x19, 0xc0, 0x3f, 0xf8, 0xba, 0xf9, 0x74, 0xfa,
  0xb4, 0xfa, 0x94, 0xfa, 0x94, 0xfa, 0x94, 0xfa, 0x94, 0xfa, 0x94, 0xfa, 0x94, 0xfa, 0x94, 0xfa,
  0x94, 0xfa, 0x94, 0xfa, 0x94, 0xfa, 0x94, 0xfa, 0x94, 0xfa, 0x94, 0xfa, 0x94, 0xfa, 0x94, 0xfa,
  0x94, 0xfa, 0x94, 0xfa, 0x94, 0xfa, 0x94, 0xfa, 0x94, 0xfa, 0x94, 0xfa, 0x94, 0xfa, 0x94, 0xfa,
  0x94, 0xfa, 0x94, 0xfa, 0x94, 0xfa, 0x94, 0xfa, 0x94, 0xfa, 0x94, 0xfa, 0x94, 0xfa, 0x94, 0xfa,
  0x94, 0xfa, 0xb4, 0xfa, 0x74, 0xfa, 0x2f, 0xb2, 0xc8, 0x09, 0x04, 0x01, 0x01, 0x00, 0x02, 0x00,
  0x02, 0x00, 0x00, 0x00, 0x16, 0xb0, 0x1f, 0xf8, 0x5b, 0xf9, 0x75, 0xfa, 0x94, 0xfa, 0x94, 0xfa,
  0x94, 0xfa, 0x94, 0xfa, 0x94, 0xfa, 0x94, 0xfa, 0x94, 0xfa, 0x94, 0xfa, 0x94, 0xfa, 0x94, 0xfa,
  0x94, 0xfa, 0x94, 0xfa, 0x94, 0xfa, 0x94, 0xfa, 0x94, 0xfa, 0x94, 0xfa, 0x94, 0xfa, 0x94, 0xfa,
  0x94, 0xfa, 0x94, 0xfa, 0x94, 0xfa, 0x94, 0xfa, 0x94, 0xfa, 0x94, 0xfa, 0x94, 0xfa, 0x94, 0xfa,
  0x94, 0xfa, 0x94, 0xfa, 0x94, 0xfa, 0x94, 0xfa, 0x94, 0xfa, 0x94, 0xfa, 0x94, 0xfa, 0x94, 0xfa,
  0x94, 0xfa, 0x10, 0xba, 0x0a, 0x4a, 0x25, 0x01, 0x02, 0x00, 0x02, 0x00, 0x02, 0x08, 0x01, 0x08,
  0x0f, 0x78, 0x1e, 0xf0, 0xdd, 0xf8, 0x56, 0xfa, 0x94, 0xfa, 0x94, 0xfa, 0x94, 0xfa, 0x94, 0xfa,
  0x94, 0xfa, 0x94, 0xfa, 0x94, 0xfa, 0x94, 0xfa, 0x94, 0xfa, 0x94, 0xfa, 0x94, 0xfa, 0xb4, 0xfa,
  0x94, 0xfa, 0x31, 0xd2, 0xe9, 0x29, 0x45, 0x01, 0x02, 0x00, 0x02, 0x00, 0x02, 0x00, 0x02, 0x00,
  0x02, 0x00, 0x02, 0x00, 0x01, 0x00, 0x00, 0x00, 0x17, 0xb8, 0x1f, 0xf8, 0x7c, 0xf9, 0x55, 0xfa,
  0xb4, 0xfa, 0x94, 0xfa, 0x94, 0xfa, 0x94, 0xfa, 0x94, 0xfa, 0x94, 0xfa, 0x94, 0xfa, 0x94, 0xfa,
  0x94, 0xfa, 0x94, 0xfa, 0x94, 0xfa, 0x94, 0xfa, 0x94, 0xfa, 0xee, 0xa1, 0x29, 0x32, 0xc3, 0x00,
  0x02, 0x00, 0x02, 0x00, 0x02, 0x00, 0x02, 0x00, 0x05, 0x20, 0x12, 0x90, 0x1f, 0xf8, 0x3f, 0xf8,
  0xbe, 0xf8, 0x5b, 0xf9, 0x79, 0xf9, 0x79, 0xf9, 0x79, 0xf9, 0x79, 0xf9, 0x79, 0xf9, 0x79, 0xf9,
  0x79, 0xf9, 0x79, 0xf9, 0x7a, 0xf9, 0x7a, 0xf9, 0x54, 0xc9, 0xa7, 0x50, 0x22, 0x10, 0x02, 0x00,
  0x02, 0x00, 0x02, 0x00, 0x02, 0x00, 0x02, 0x00, 0x02, 0x00, 0x01, 0x00, 0x15, 0xa0, 0x1e, 0xf0,
  0x3f, 0xf8, 0xde, 0xf8, 0x5b, 0xf9, 0x7a, 0xf9, 0x79, 0xf9, 0x79, 0xf9, 0x79, 0xf9, 0x79, 0xf9,
  0x79, 0xf9, 0x79, 0xf9, 0x79, 0xf9, 0x79, 0xf9, 0x7a, 0xf9, 0x54, 0xc9, 0xc7, 0x58, 0x22, 0x08,
  0x22, 0x00, 0x02, 0x00, 0x02, 0x00, 0x02, 0x00, 0x02, 0x00, 0x02, 0x00, 0x02, 0x00, 0x02, 0x00,
  0x02, 0x00, 0x02, 0x00, 0x00, 0x00, 0x0d, 0x60, 0x1b, 0xd0, 0x1f, 0xf8, 0xdd, 0xf8, 0x5a, 0xf9,
  0x79, 0xf9, 0x79, 0xf9, 0x79, 0xf9, 0x79, 0xf9, 0x79, 0xf9, 0x79, 0xf9, 0x79, 0xf9, 0x79, 0xf9,
  0x79, 0xf9, 0x79, 0xf9, 0x79, 0xf9, 0x79, 0xf9, 0x79, 0xf9, 0x79, 0xf9, 0x79, 0xf9, 0x79, 0xf9,
  0x79, 0xf9, 0x79, 0xf9, 0x79, 0xf9, 0x79, 0xf9, 0x79, 0xf9, 0x79, 0xf9, 0x79, 0xf9, 0x79, 0xf9,
  0x79, 0xf9, 0x79, 0xf9, 0x79, 0xf9, 0x79, 0xf9, 0x79, 0xf9, 0x79, 0xf9, 0x79, 0xf9, 0x7a, 0xf9,
  0x7a, 0xf9, 0x76, 0xd9, 0x0a, 0x71, 0x43, 0x28, 0x01, 0x00, 0x22, 0x00, 0x02, 0x00, 0x02, 0x00,
  0x01, 0x00, 0x05, 0x20, 0x1b, 0xd8, 0x1f, 0xf8, 0xbe, 0xf8, 0x5b, 0xf9, 0x7a, 0xf9, 0x79, 0xf9,
  0x79, 0xf9, 0x79, 0xf9, 0x79, 0xf9, 0x79, 0xf9, 0x79, 0xf9, 0x79, 0xf9, 0x79, 0xf9, 0x79, 0xf9,
  0x79, 0xf9, 0x79, 0xf9, 0x79, 0xf9, 0x79, 0xf9, 0x79, 0xf9, 0x79, 0xf9, 0x79, 0xf9, 0x79, 0xf9,
  0x79, 0xf9, 0x79, 0xf9, 0x79, 0xf9, 0x79, 0xf9, 0x79, 0xf9, 0x79, 0xf9, 0x79, 0xf9, 0x79, 0xf9,
  0x7a, 0xf9, 0x7a, 0xf9, 0x7a, 0xf9, 0x5a, 0xf9, 0x5b, 0xf9, 0x1d, 0xf9, 0xde, 0xf8, 0x9d, 0xf0,
  0x57, 0xb8, 0x2d, 0x68, 0x05, 0x28, 0x01, 0x00, 0x02, 0x00, 0x02, 0x00, 0x02, 0x00, 0x02, 0x00,
  0x02, 0x00, 0x02, 0x00, 0x01, 0x00, 0x07, 0x38, 0x1c, 0xe0, 0x1f, 0xf8, 0xbe, 0xf8, 0x5b, 0xf9,
  0x7a, 0xf9, 0x79, 0xf9, 0x79, 0xf9, 0x79, 0xf9, 0x79, 0xf9, 0x79, 0xf9, 0x79, 0xf9, 0x79, 0xf9,
  0x79, 0xf9, 0x79, 0xf9, 0x79, 0xf9, 0x79, 0xf9, 0x79, 0xf9, 0x79, 0xf9, 0x79, 0xf9, 0x79, 0xf9,
  0x79, 0xf9, 0x79, 0xf9, 0x79, 0xf9, 0x79, 0xf9, 0x79, 0xf9, 0x7a, 0xf9, 0x7a, 0xf9, 0x7a, 0xf9,
  0x7a, 0xf9, 0x3c, 0xf9, 0x1d, 0xf9, 0xde, 0xf8, 0x9d, 0xe8, 0x56, 0xa8, 0x2c, 0x60, 0x25, 0x20,
  0x02, 0x00, 0x02, 0x00, 0x02, 0x00, 0x02, 0x00, 0x02, 0x00, 0x02, 0x00, 0x02, 0x00, 0x02, 0x00,
  0x02, 0x00, 0x02, 0x00, 0x02, 0x00, 0x02, 0x00, 0x02, 0x00, 0x02, 0x00, 0x02, 0x08, 0x06, 0x28,
  0x0d, 0x60, 0x15, 0xa8, 0x1d, 0xe0, 0x1f, 0xf8, 0x1f, 0xf8, 0x5f, 0xf8, 0x7f, 0xf8, 0xbf, 0xf8,
  0xfd, 0xf8, 0x1c, 0xf9, 0x5b, 0xf9, 0x5a, 0xf9, 0x7a, 0xf9, 0x7a, 0xf9, 0x79, 0xf9, 0x79, 0xf9,
  0x79, 0xf9, 0x79, 0xf9, 0x79, 0xf9, 0x79, 0xf9, 0x79, 0xf9, 0x79, 0xf9, 0x79, 0xf9, 0x79, 0xf9,
  0x79, 0xf9, 0x79, 0xf9, 0x79, 0xf9, 0x79, 0xf9, 0x79, 0xf9, 0x79, 0xf9, 0x7a, 0xf9, 0x74, 0xc9,
  0xea, 0x70, 0x23, 0x20, 0x02, 0x00, 0x02, 0x00, 0x02, 0x00, 0x02, 0x00, 0x01, 0x00, 0x10, 0x78,
  0x1f, 0xf8, 0x5f, 0xf8, 0xfd, 0xf8, 0x7a, 0xf9, 0x79, 0xf9, 0x79, 0xf9, 0x79, 0xf9, 0x79, 0xf9,
  0x79, 0xf9, 0x79, 0xf9, 0x79, 0xf9, 0x79, 0xf9, 0x79, 0xf9, 0x79, 0xf9, 0x7a, 0xf9, 0x74, 0xc9,
  0xe9, 0x68, 0x43, 0x20, 0x02, 0x00, 0x22, 0x00, 0x02, 0x00, 0x02, 0x00, 0x02, 0x00, 0x02, 0x00,
  0x02, 0x00, 0x02, 0x00, 0x02, 0x00, 0x05, 0x28, 0x17, 0xb8, 0x1f, 0xf8, 0x7e, 0xf8, 0x3b, 0xf9,
  0x7a, 0xf9, 0x79, 0xf9, 0x79, 0xf9, 0x79, 0xf9, 0x79, 0xf9, 0x79, 0xf9, 0x79, 0xf9, 0x79, 0xf9,
  0x79, 0xf9, 0x79, 0xf9, 0x7a, 0xf9, 0x79, 0xf1, 0x50, 0xa9, 0xa6, 0x48, 0x02, 0x00, 0x22, 0x00,
  0x02, 0x00, 0x02, 0x00, 0x01, 0x00, 0x03, 0x08, 0x18, 0xc0, 0x1f, 0xf8, 0x9e, 0xf8, 0x3b, 0xf9,
  0x7a, 0xf9, 0x79, 0xf9, 0x79, 0xf9, 0x79, 0xf9, 0x79, 0xf9, 0x79, 0xf9, 0x79, 0xf9, 0x79, 0xf9,
  0x79, 0xf9, 0x79, 0xf9, 0x79, 0xf9, 0x79, 0xf9, 0x79, 0xf9, 0x79, 0xf9, 0x79, 0xf9, 0x79, 0xf9,
  0x79, 0xf9, 0x79, 0xf9, 0x79, 0xf9, 0x79, 0xf9, 0x79, 0xf9, 0x79, 0xf9, 0x79, 0xf9, 0x79, 0xf9,
  0x79, 0xf9, 0x79, 0xf9, 0x79, 0xf9, 0x79, 0xf9, 0x79, 0xf9, 0x79, 0xf9, 0x79, 0xf9, 0x79, 0xf9,
  0x7a, 0xf9, 0x78, 0xe9, 0x2e, 0x99, 0x85, 0x40, 0x02, 0x00, 0x22, 0x00, 0x02, 0x00, 0x02, 0x00,
  0x02, 0x00, 0x00, 0x00, 0x15, 0xa8, 0x1e, 0xf0, 0x5f, 0xf8, 0x1c, 0xf9, 0x7a, 0xf9, 0x79, 0xf9,
  0x79, 0xf9, 0x79, 0xf9, 0x79, 0xf9, 0x79, 0xf9, 0x79, 0xf9, 0x79, 0xf9, 0x79, 0xf9, 0x79, 0xf9,
  0x79, 0xf9, 0x79, 0xf9, 0x79, 0xf9, 0x79, 0xf9, 0x79, 0xf9, 0x79, 0xf9, 0x79, 0xf9, 0x79, 0xf9,
  0x79, 0xf9, 0x79, 0xf9, 0x79, 0xf9, 0x79, 0xf9, 0x79, 0xf9, 0x79, 0xf9, 0x79, 0xf9, 0x79, 0xf9,
  0x79, 0xf9, 0x79, 0xf9, 0x79, 0xf9, 0x79, 0xf9, 0x79, 0xf9, 0x79, 0xf9, 0x7a, 0xf9, 0x79, 0xf9,
  0x51, 0xb1, 0xa6, 0x48, 0x22, 0x10, 0x02, 0x00, 0x02, 0x00, 0x02, 0x00, 0x02, 0x00, 0x01, 0x08,
  0x0e, 0x70, 0x1e, 0xf0, 0x3f, 0xf8, 0xfd, 0xf8, 0x7a, 0xf9, 0x79, 0xf9, 0x79, 0xf9, 0x79, 0xf9,
  0x79, 0xf9, 0x79, 0xf9, 0x79, 0xf9, 0x79, 0xf9, 0x79, 0xf9, 0x79, 0xf9, 0x7a, 0xf9, 0x7a, 0xf1,
  0x51, 0xb1, 0xc7, 0x50, 0x22, 0x08, 0x22, 0x00, 0x02, 0x00, 0x02, 0x00, 0x02, 0x00, 0x02, 0x00,
  0x02, 0x00, 0x02, 0x00, 0x02, 0x00, 0x00, 0x00, 0x16, 0xb0, 0x1f, 0xf8, 0x7f, 0xf8, 0x1c, 0xf9,
  0x7a, 0xf9, 0x79, 0xf9, 0x79, 0xf9, 0x79, 0xf9, 0x79, 0xf9, 0x79, 0xf9, 0x79, 0xf9, 0x79, 0xf9,
  0x79, 0xf9, 0x79, 0xf9, 0x7a, 0xf9, 0x79, 0xf9, 0x2e, 0x99, 0x85, 0x40, 0x02, 0x08, 0x22, 0x00,
  0x02, 0x00, 0x02, 0x00, 0x02, 0x00, 0x02, 0x00, 0x02, 0x00, 0x0a, 0x48, 0x17, 0xb8, 0x1f, 0xf8,
  0x1f, 0xf8, 0x3f, 0xf8, 0x5f, 0xf8, 0x5f, 0xf8, 0x5f, 0xf8, 0x5f, 0xf8, 0x5f, 0xf8, 0x5f, 0xf8,
  0x5f, 0xf8, 0x5f, 0xf8, 0x5f, 0xf8, 0x5a, 0xd0, 0x2e, 0x68, 0x00, 0x00, 0x02, 0x00, 0x02, 0x00,
  0x02, 0x00, 0x02, 0x00, 0x02, 0x00, 0x02, 0x00, 0x02, 0x00, 0x01, 0x00, 0x09, 0x48, 0x1a, 0xd0,
  0x1f, 0xf8, 0x1f, 0xf8, 0x3f, 0xf8, 0x5f, 0xf8, 0x5f, 0xf8, 0x5f, 0xf8, 0x5f, 0xf8, 0x5f, 0xf8,
  0x5f, 0xf8, 0x5f, 0xf8, 0x5f, 0xf8, 0x5e, 0xf8, 0x5c, 0xe0, 0x2b, 0x58, 0x22, 0x08, 0x22, 0x00,
  0x02, 0x00, 0x02, 0x00, 0x02, 0x00, 0x02, 0x00, 0x02, 0x00, 0x02, 0x00, 0x02, 0x00, 0x02, 0x00,
  0x02, 0x00, 0x02, 0x00, 0x01, 0x00, 0x06, 0x28, 0x18, 0xc0, 0x1f, 0xf8, 0x1f, 0xf8, 0x3f, 0xf8,
  0x5f, 0xf8, 0x5f, 0xf8, 0x5f, 0xf8, 0x5f, 0xf8, 0x5f, 0xf8, 0x5f, 0xf8, 0x5f, 0xf8, 0x5f, 0xf8,
  0x5f, 0xf8, 0x5f, 0xf8, 0x5f, 0xf8, 0x5f, 0xf8, 0x5f, 0xf8, 0x5f, 0xf8, 0x5f, 0xf8, 0x5f, 0xf8,
  0x5f, 0xf8, 0x5f, 0xf8, 0x5f, 0xf8, 0x5f, 0xf8, 0x5f, 0xf8, 0x5f, 0xf8, 0x5f, 0xf8, 0x5f, 0xf8,
  0x5f, 0xf8, 0x5f, 0xf8, 0x5f, 0xf8, 0x5f, 0xf8, 0x5f, 0xf8, 0x5f, 0xf8, 0x5f, 0xf8, 0x5f, 0xf8,
  0x5d, 0xe8, 0x53, 0x98, 0x20, 0x00, 0x02, 0x00, 0x02, 0x00, 0x02, 0x00, 0x02, 0x00, 0x02, 0x00,
  0x02, 0x00, 0x00, 0x00, 0x15, 0xa8, 0x1e, 0xf0, 0x1f, 0xf8, 0x3f, 0xf8, 0x5f, 0xf8, 0x5f, 0xf8,
  0x5f, 0xf8, 0x5f, 0xf8, 0x5f, 0xf8, 0x5f, 0xf8, 0x5f, 0xf8, 0x5f, 0xf8, 0x5f, 0xf8, 0x5f, 0xf8,
  0x5f, 0xf8, 0x5f, 0xf8, 0x5f, 0xf8, 0x5f, 0xf8, 0x5f, 0xf8, 0x5f, 0xf8, 0x5f, 0xf8, 0x5f, 0xf8,
  0x5f, 0xf8, 0x5f, 0xf8, 0x5f, 0xf8, 0x5f, 0xf8, 0x5f, 0xf8, 0x5f, 0xf8, 0x5f, 0xf8, 0x5f, 0xf8,
  0x5f, 0xf8, 0x5f, 0xf8, 0x5f, 0xf8, 0x3f, 0xf8, 0x3e, 0xf0, 0x3a, 0xd0, 0x14, 0xa0, 0x0e, 0x68,
  0x08, 0x40, 0x03, 0x10, 0x02, 0x00, 0x02, 0x00, 0x02, 0x00, 0x02, 0x00, 0x02, 0x00, 0x02, 0x00,
  0x02, 0x00, 0x02, 0x00, 0x02, 0x00, 0x05, 0x20, 0x15, 0xa0, 0x1e, 0xf0, 0x1f, 0xf8, 0x3f, 0xf8,
  0x5f, 0xf8, 0x5f, 0xf8, 0x5f, 0xf8, 0x5f, 0xf8, 0x5f, 0xf8, 0x5f, 0xf8, 0x5f, 0xf8, 0x5f, 0xf8,
  0x5f, 0xf8, 0x5f, 0xf8, 0x5f, 0xf8, 0x5f, 0xf8, 0x5f, 0xf8, 0x5f, 0xf8, 0x5f, 0xf8, 0x5f, 0xf8,
  0x5f, 0xf8, 0x5f, 0xf8, 0x5f, 0xf8, 0x5f, 0xf8, 0x5f, 0xf8, 0x5f, 0xf8, 0x5f, 0xf8, 0x5f, 0xf8,
  0x3f, 0xf8, 0x3e, 0xe8, 0x39, 0xc8, 0x13, 0x90, 0x0d, 0x60, 0x27, 0x38, 0x03, 0x10, 0x02, 0x00,
  0x02, 0x00, 0x02, 0x00, 0x02, 0x00, 0x02, 0x00, 0x02, 0x00, 0x02, 0x00, 0x02, 0x00, 0x02, 0x00,
  0x02, 0x00, 0x02, 0x00, 0x02, 0x00, 0x02, 0x00, 0x02, 0x00, 0x02, 0x00, 0x02, 0x00, 0x02, 0x00,
  0x03, 0x10, 0x07, 0x30, 0x0b, 0x58, 0x10, 0x80, 0x16, 0xa8, 0x1b, 0xd8, 0x1e, 0xf0, 0x1f, 0xf8,
  0x1f, 0xf8, 0x3f, 0xf8, 0x3f, 0xf8, 0x3f, 0xf8, 0x5f, 0xf8, 0x5f, 0xf8, 0x5f, 0xf8, 0x5f, 0xf8,
  0x5f, 0xf8, 0x5f, 0xf8, 0x5f, 0xf8, 0x5f, 0xf8, 0x5f, 0xf8, 0x5f, 0xf8, 0x5f, 0xf8, 0x5f, 0xf8,
  0x5f, 0xf8, 0x5f, 0xf8, 0x5f, 0xf8, 0x5f, 0xf8, 0x5f, 0xf8, 0x5e, 0xf8, 0x5e, 0xf0, 0x4f, 0x78,
  0x24, 0x20, 0x02, 0x00, 0x02, 0x00, 0x02, 0x00, 0x02, 0x00, 0x02, 0x00, 0x01, 0x00, 0x0b, 0x58,
  0x19, 0xc8, 0x1f, 0xf8, 0x3f, 0xf8, 0x3f, 0xf8, 0x5f, 0xf8, 0x5f, 0xf8, 0x5f, 0xf8, 0x5f, 0xf8,
  0x5f, 0xf8, 0x5f, 0xf8, 0x5f, 0xf8, 0x5f, 0xf8, 0x5e, 0xf8, 0x5f, 0xf8, 0x5c, 0xe0, 0x32, 0x88,
  0x20, 0x00, 0x02, 0x00, 0x02, 0x00, 0x02, 0x00, 0x02, 0x00, 0x02, 0x00, 0x02, 0x00, 0x02, 0x00,
  0x02, 0x00, 0x02, 0x00, 0x02, 0x00, 0x03, 0x18, 0x10, 0x80, 0x1e, 0xf0, 0x1f, 0xf8, 0x3f, 0xf8,
  0x5f, 0xf8, 0x5f, 0xf8, 0x5f, 0xf8, 0x5f, 0xf8, 0x5f, 0xf8, 0x5f, 0xf8, 0x5f, 0xf8, 0x5f, 0xf8,
  0x5f, 0xf8, 0x5f, 0xf8, 0x5f, 0xf8, 0x5b, 0xd8, 0x28, 0x40, 0x01, 0x00, 0x02, 0x00, 0x02, 0x00,
  0x02, 0x00, 0x02, 0x00, 0x02, 0x00, 0x00, 0x00, 0x13, 0x98, 0x1d, 0xe8, 0x1f, 0xf8, 0x3f, 0xf8,
  0x5f, 0xf8, 0x5f, 0xf8, 0x5f, 0xf8, 0x5f, 0xf8, 0x5f, 0xf8, 0x5f, 0xf8, 0x5f, 0xf8, 0x5f, 0xf8,
  0x5f, 0xf8, 0x5f, 0xf8, 0x5f, 0xf8, 0x5f, 0xf8, 0x5f, 0xf8, 0x5f, 0xf8, 0x5f, 0xf8, 0x5f, 0xf8,
  0x5f, 0xf8, 0x5f, 0xf8, 0x5f, 0xf8, 0x5f, 0xf8, 0x5f, 0xf8, 0x5f, 0xf8, 0x5f, 0xf8, 0x5f, 0xf8,
  0x5f, 0xf8, 0x5f, 0xf8, 0x5f, 0xf8, 0x5f, 0xf8, 0x5f, 0xf8, 0x5f, 0xf8, 0x5f, 0xf8, 0x5f, 0xf8,
  0x5f, 0xf8, 0x58, 0xc0, 0x26, 0x30, 0x01, 0x00, 0x02, 0x00, 0x02, 0x00, 0x02, 0x00, 0x02, 0x00,
  0x02, 0x00, 0x00, 0x00, 0x0e, 0x68, 0x1c, 0xe0, 0x1f, 0xf8, 0x3f, 0xf8, 0x5f, 0xf8, 0x5f, 0xf8,
  0x5f, 0xf8, 0x5f, 0xf8, 0x5f, 0xf8, 0x5f, 0xf8, 0x5f, 0xf8, 0x5f, 0xf8, 0x5f, 0xf8, 0x5f, 0xf8,
  0x5f, 0xf8, 0x5f, 0xf8, 0x5f, 0xf8, 0x5f, 0xf8, 0x5f, 0xf8, 0x5f, 0xf8, 0x5f, 0xf8, 0x5f, 0xf8,
  0x5f, 0xf8, 0x5f, 0xf8, 0x5f, 0xf8, 0x5f, 0xf8, 0x5f, 0xf8, 0x5f, 0xf8, 0x5f, 0xf8, 0x5f, 0xf8,
  0x5f, 0xf8, 0x5f, 0xf8, 0x5f, 0xf8, 0x5f, 0xf8, 0x5f, 0xf8, 0x5e, 0xf8, 0x5f, 0xf8, 0x59, 0xc8,
  0x2c, 0x60, 0x20, 0x00, 0x02, 0x00, 0x02, 0x00, 0x02, 0x00, 0x02, 0x00, 0x02, 0x00, 0x01, 0x00,
  0x08, 0x38, 0x1b, 0xd8, 0x1f, 0xf8, 0x3f, 0xf8, 0x5f, 0xf8, 0x5f, 0xf8, 0x5f, 0xf8, 0x5f, 0xf8,
  0x5f, 0xf8, 0x5f, 0xf8, 0x5f, 0xf8, 0x5f, 0xf8, 0x5f, 0xf8, 0x5f, 0xf8, 0x5f, 0xf8, 0x5c, 0xe0,
  0x29, 0x50, 0x01, 0x08, 0x02, 0x00, 0x02, 0x00, 0x02, 0x00, 0x02, 0x00, 0x02, 0x00, 0x02, 0x00,
  0x02, 0x00, 0x02, 0x00, 0x02, 0x00, 0x00, 0x00, 0x0f, 0x70, 0x1b, 0xd8, 0x1f, 0xf8, 0x3f, 0xf8,
  0x5f, 0xf8, 0x5f, 0xf8, 0x5f, 0xf8, 0x5f, 0xf8, 0x5f, 0xf8, 0x5f, 0xf8, 0x5f, 0xf8, 0x5f, 0xf8,
  0x5f, 0xf8, 0x5e, 0xf8, 0x5e, 0xf8, 0x57, 0xb8, 0x29, 0x48, 0x02, 0x08, 0x02, 0x00, 0x02, 0x00,
  0x02, 0x00, 0x02, 0x00, 0x02, 0x00, 0x02, 0x00, 0x02, 0x00, 0x03, 0x10, 0x09, 0x40, 0x10, 0x78,
  0x13, 0x90, 0x33, 0x90, 0x33, 0x90, 0x33, 0x90, 0x33, 0x90, 0x33, 0x90, 0x33, 0x90, 0x33, 0x90,
  0x33, 0x90, 0x33, 0x90, 0x31, 0x80, 0x2b, 0x50, 0x24, 0x18, 0x01, 0x00, 0x02, 0x00, 0x02, 0x00,
  0x02, 0x00, 0x02, 0x00, 0x02, 0x00, 0x02, 0x00, 0x02, 0x00, 0x02, 0x00, 0x02, 0x08, 0x09, 0x48,
  0x10, 0x78, 0x12, 0x90, 0x33, 0x90, 0x33, 0x90, 0x33, 0x90, 0x33, 0x90, 0x33, 0x90, 0x33, 0x90,
  0x33, 0x90, 0x33, 0x90, 0x33, 0x90, 0x32, 0x88, 0x2c, 0x58, 0x23, 0x10, 0x22, 0x00, 0x02, 0x00,
  0x02, 0x00, 0x02, 0x00, 0x02, 0x00, 0x02, 0x00, 0x02, 0x00, 0x02, 0x00, 0x02, 0x00, 0x02, 0x00,
  0x02, 0x00, 0x02, 0x00, 0x02, 0x00, 0x02, 0x00, 0x0a, 0x48, 0x10, 0x80, 0x13, 0x90, 0x13, 0x90,
  0x33, 0x90, 0x33, 0x90, 0x33, 0x90, 0x33, 0x90, 0x33, 0x90, 0x33, 0x90, 0x33, 0x90, 0x33, 0x90,
  0x33, 0x90, 0x33, 0x90, 0x33, 0x90, 0x33, 0x90, 0x33, 0x90, 0x33, 0x90, 0x33, 0x90, 0x33, 0x90,
  0x33, 0x90, 0x33, 0x90, 0x33, 0x90, 0x33, 0x90, 0x33, 0x90, 0x33, 0x90, 0x33, 0x90, 0x33, 0x90,
  0x33, 0x90, 0x33, 0x90, 0x33, 0x90, 0x33, 0x90, 0x33, 0x90, 0x33, 0x90, 0x33, 0x90, 0x32, 0x90,
  0x2e, 0x70, 0x27, 0x30, 0x01, 0x00, 0x02, 0x00, 0x02, 0x00, 0x02, 0x00, 0x02, 0x00, 0x02, 0x00,
  0x02, 0x00, 0x01, 0x00, 0x08, 0x38, 0x0f, 0x78, 0x12, 0x90, 0x33, 0x90, 0x33, 0x90, 0x33, 0x90,
  0x33, 0x90, 0x33, 0x90, 0x33, 0x90, 0x33, 0x90, 0x33, 0x90, 0x33, 0x90, 0x33, 0x90, 0x33, 0x90,
  0x33, 0x90, 0x33, 0x90, 0x33, 0x90, 0x33, 0x90, 0x33, 0x90, 0x33, 0x90, 0x33, 0x90, 0x33, 0x90,
  0x33, 0x90, 0x33, 0x90, 0x33, 0x90, 0x33, 0x90, 0x33, 0x90, 0x33, 0x90, 0x33, 0x90, 0x33, 0x90,
  0x32, 0x90, 0x32, 0x88, 0x30, 0x80, 0x0e, 0x70, 0x0c, 0x58, 0x09, 0x48, 0x06, 0x30, 0x03, 0x10,
  0x02, 0x00, 0x02, 0x00, 0x02, 0x00, 0x02, 0x00, 0x02, 0x00, 0x02, 0x00, 0x02, 0x00, 0x02, 0x00,
  0x02, 0x00, 0x02, 0x00, 0x02, 0x00, 0x02, 0x08, 0x07, 0x38, 0x0f, 0x78, 0x13, 0x90, 0x33, 0x90,
  0x33, 0x90, 0x33, 0x90, 0x33, 0x90, 0x33, 0x90, 0x33, 0x90, 0x33, 0x90, 0x33, 0x90, 0x33, 0x90,
  0x33, 0x90, 0x33, 0x90, 0x33, 0x90, 0x33, 0x90, 0x33, 0x90, 0x33, 0x90, 0x33, 0x90, 0x33, 0x90,
  0x33, 0x90, 0x33, 0x90, 0x33, 0x90, 0x33, 0x90, 0x33, 0x90, 0x32, 0x90, 0x31, 0x88, 0x30, 0x78,
  0x0e, 0x68, 0x0b, 0x58, 0x09, 0x40, 0x05, 0x28, 0x02, 0x10, 0x02, 0x00, 0x02, 0x00, 0x02, 0x00,
  0x02, 0x00, 0x02, 0x00, 0x02, 0x00, 0x02, 0x00, 0x02, 0x00, 0x02, 0x00, 0x02, 0x00, 0x02, 0x00,
  0x02, 0x00, 0x02, 0x00, 0x02, 0x00, 0x02, 0x00, 0x02, 0x00, 0x02, 0x00, 0x02, 0x00, 0x02, 0x00,
  0x02, 0x00, 0x02, 0x00, 0x02, 0x08, 0x04, 0x20, 0x07, 0x30, 0x09, 0x48, 0x0c, 0x58, 0x0e, 0x68,
  0x10, 0x78, 0x11, 0x80, 0x12, 0x88, 0x33, 0x90, 0x33, 0x90, 0x33, 0x90, 0x33, 0x90, 0x33, 0x90,
  0x33, 0x90, 0x33, 0x90, 0x33, 0x90, 0x33, 0x90, 0x33, 0x90, 0x33, 0x90, 0x33, 0x90, 0x33, 0x90,
  0x33, 0x90, 0x33, 0x90, 0x33, 0x90, 0x33, 0x90, 0x33, 0x90, 0x32, 0x90, 0x2e, 0x68, 0x25, 0x28,
  0x22, 0x00, 0x02, 0x00, 0x02, 0x00, 0x02, 0x00, 0x02, 0x00, 0x02, 0x00, 0x02, 0x00, 0x04, 0x18,
  0x0b, 0x50, 0x11, 0x80, 0x13, 0x90, 0x33, 0x90, 0x33, 0x90, 0x33, 0x90, 0x33, 0x90, 0x33, 0x90,
  0x33, 0x90, 0x33, 0x90, 0x33, 0x90, 0x33, 0x90, 0x33, 0x90, 0x32, 0x88, 0x2d, 0x68, 0x26, 0x28,
  0x01, 0x00, 0x02, 0x00, 0x02, 0x00, 0x02, 0x00, 0x02, 0x00, 0x02, 0x00, 0x02, 0x00, 0x02, 0x00,
  0x02, 0x00, 0x02, 0x00, 0x02, 0x00, 0x02, 0x00, 0x06, 0x28, 0x0e, 0x70, 0x12, 0x90, 0x33, 0x90,
  0x33, 0x90, 0x33, 0x90, 0x33, 0x90, 0x33, 0x90, 0x33, 0x90, 0x33, 0x90, 0x33, 0x90, 0x33, 0x90,
  0x33, 0x90, 0x33, 0x90, 0x31, 0x80, 0x2b, 0x50, 0x22, 0x08, 0x22, 0x00, 0x02, 0x00, 0x02, 0x00,
  0x02, 0x00, 0x02, 0x00, 0x02, 0x00, 0x01, 0x00, 0x06, 0x30, 0x0e, 0x70, 0x12, 0x90, 0x13, 0x90,
  0x33, 0x90, 0x33, 0x90, 0x33, 0x90, 0x33, 0x90, 0x33, 0x90, 0x33, 0x90, 0x33, 0x90, 0x33, 0x90,
  0x33, 0x90, 0x33, 0x90, 0x33, 0x90, 0x33, 0x90, 0x33, 0x90, 0x33, 0x90, 0x33, 0x90, 0x33, 0x90,
  0x33, 0x90, 0x33, 0x90, 0x33, 0x90, 0x33, 0x90, 0x33, 0x90, 0x33, 0x90, 0x33, 0x90, 0x33, 0x90,
  0x33, 0x90, 0x33, 0x90, 0x33, 0x90, 0x33, 0x90, 0x33, 0x90, 0x33, 0x90, 0x33, 0x90, 0x33, 0x90,
  0x30, 0x80, 0x2a, 0x48, 0x22, 0x00, 0x02, 0x00, 0x02, 0x00, 0x02, 0x00, 0x02, 0x00, 0x02, 0x00,
  0x02, 0x00, 0x01, 0x00, 0x04, 0x18, 0x0d, 0x60, 0x12, 0x88, 0x33, 0x90, 0x33, 0x90, 0x33, 0x90,
  0x33, 0x90, 0x33, 0x90, 0x33, 0x90, 0x33, 0x90, 0x33, 0x90, 0x33, 0x90, 0x33, 0x90, 0x33, 0x90,
  0x33, 0x90, 0x33, 0x90, 0x33, 0x90, 0x33, 0x90, 0x33, 0x90, 0x33, 0x90, 0x33, 0x90, 0x33, 0x90,
  0x33, 0x90, 0x33, 0x90, 0x33, 0x90, 0x33, 0x90, 0x33, 0x90, 0x33, 0x90, 0x33, 0x90, 0x33, 0x90,
  0x33, 0x90, 0x33, 0x90, 0x33, 0x90, 0x33, 0x90, 0x33, 0x90, 0x33, 0x90, 0x31, 0x80, 0x2b, 0x58,
  0x24, 0x18, 0x02, 0x00, 0x02, 0x00, 0x02, 0x00, 0x02, 0x00, 0x02, 0x00, 0x02, 0x00, 0x02, 0x00,
  0x02, 0x08, 0x0b, 0x50, 0x11, 0x88, 0x13, 0x90, 0x33, 0x90, 0x33, 0x90, 0x33, 0x90, 0x33, 0x90,
  0x33, 0x90, 0x33, 0x90, 0x33, 0x90, 0x33, 0x90, 0x33, 0x90, 0x33, 0x90, 0x31, 0x88, 0x2c, 0x58,
  0x23, 0x10, 0x22, 0x00, 0x02, 0x00, 0x02, 0x00, 0x02, 0x00, 0x02, 0x00, 0x02, 0x00, 0x02, 0x00,
  0x02, 0x00, 0x02, 0x00, 0x02, 0x00, 0x01, 0x00, 0x04, 0x20, 0x0d, 0x60, 0x12, 0x88, 0x13, 0x90,
  0x33, 0x90, 0x33, 0x90, 0x33, 0x90, 0x33, 0x90, 0x33, 0x90, 0x33, 0x90, 0x33, 0x90, 0x33, 0x90,
  0x33, 0x90, 0x33, 0x90, 0x30, 0x80, 0x29, 0x48, 0x23, 0x10, 0x02, 0x00, 0x02, 0x00, 0x02, 0x00,
  0xff, 0xff, 0xff, 0xff, 0xff, 0xff, 0xff, 0xff, 0xff, 0xff, 0xff, 0xff, 0xff, 0xff, 0xff, 0xff,
  0xff, 0xff, 0xff, 0xff, 0xff, 0xff, 0xff, 0xff, 0xff, 0xff, 0xff, 0xff, 0xff, 0xff, 0xff, 0xff,
  0xff, 0xff, 0xff, 0xff, 0xff, 0xff, 0xff, 0xff, 0xff, 0xff, 0xff, 0xff, 0xff, 0xff, 0xff, 0xff,
  0xff, 0xff, 0xff, 0xff, 0xff, 0xff, 0xff, 0xff, 0xff, 0xff, 0xff, 0xff, 0xff, 0xff, 0xff, 0xff,
  0xff, 0xff, 0xff, 0xff, 0xff, 0xff, 0xff, 0xff, 0xff, 0xff, 0xff, 0xff, 0xff, 0xff, 0xff, 0xff,
  0xff, 0xff, 0xff, 0xff, 0xff, 0xff, 0xff, 0xff, 0xff, 0xff, 0xff, 0xff, 0xff, 0xff, 0xff, 0xff,
  0xff, 0xff, 0xff, 0xff, 0xff, 0xff, 0xff, 0xff, 0xff, 0xff, 0xff, 0xff, 0xff, 0xff, 0xff, 0xff,
  0xff, 0xff, 0xff, 0xff, 0xff, 0xff, 0xff, 0xff, 0xff, 0xff, 0xff, 0xff, 0xff, 0xff, 0xff, 0xff,
  0xff, 0xff, 0xff, 0xff, 0xff, 0xff, 0xff, 0xff, 0xff, 0xff, 0xff, 0xff, 0xff, 0xff, 0xff, 0xff,
  0xff, 0xff, 0xff, 0xff, 0xff, 0xff, 0xff, 0xff, 0xff, 0xff, 0xff, 0xff, 0xff, 0xff, 0xff, 0xff,
  0xff, 0xff, 0xff, 0xff, 0xff, 0xff, 0xff, 0xff, 0xff, 0xff, 0xff, 0xff, 0xff, 0xff, 0xff, 0xff,
  0xff, 0xff, 0xff, 0xff, 0xff, 0xff, 0xff, 0xff, 0xff, 0xff, 0xff, 0xff, 0xff, 0xff, 0xff, 0xff,
  0xff, 0xff, 0xff, 0xff, 0xff, 0xff, 0xff, 0xff, 0xff, 0xff, 0xff, 0xff, 0xff, 0xff, 0xff, 0xff,
  0xff, 0xff, 0xff, 0xff, 0xff, 0xff, 0xff, 0xff, 0xff, 0xff, 0xff, 0xff, 0xff, 0xff, 0xff, 0xff,
  0xff, 0xff, 0xff, 0xff, 0xff, 0xff, 0xff, 0xff, 0xff, 0xff, 0xff, 0xff, 0xff, 0xff, 0xff, 0xff,
  0xff, 0xff, 0xff, 0xff, 0xff, 0xff, 0xff, 0xff, 0xff, 0xff, 0xff, 0xff, 0xff, 0xff, 0xff, 0xff,
  0xff, 0xff, 0xff, 0xff, 0xff, 0xff, 0xff, 0xff, 0xff, 0xff, 0xff, 0xff, 0xff, 0xff, 0xff, 0xff,
  0xff, 0xff, 0xff, 0xff, 0xff, 0xff, 0xff, 0xff, 0xff, 0xff, 0xff, 0xff, 0xff, 0xff, 0xff, 0xff,
  0xff, 0xff, 0xff, 0xff, 0xff, 0xff, 0xff, 0xff, 0xff, 0xff, 0xff, 0xff, 0xff, 0xff, 0xff, 0xff,
  0xff, 0xff, 0xff, 0xff, 0xff, 0xff, 0xff, 0xff, 0xff, 0xff, 0xff, 0xff, 0xff, 0xff, 0xff, 0xff,
  0xff, 0xff, 0xff, 0xff, 0xff, 0xff, 0xff, 0xff, 0xff, 0xff, 0xff, 0xff, 0xff, 0xff, 0xff, 0xff,
  0xff, 0xff, 0xff, 0xff, 0xff, 0xff, 0xff, 0xff, 0xff, 0xff, 0xff, 0xff, 0xff, 0xff, 0xff, 0xff,
  0xff, 0xff, 0xff, 0xff, 0xff, 0xff, 0xff, 0xff, 0xff, 0xff, 0xff, 0xff, 0xff, 0xff, 0xff, 0xff,
  0xff, 0xff, 0xff, 0xff, 0xff, 0xff, 0xff, 0xff, 0xff, 0xff, 0xff, 0xff, 0xff, 0xff, 0xff, 0xff,
  0xff, 0xff, 0xff, 0xff, 0xff, 0xff, 0xff, 0xff, 0xff, 0xff, 0xff, 0xff, 0xff, 0xff, 0xff, 0xff,
  0xff, 0xff, 0xff, 0xff, 0xff, 0xff, 0xff, 0xff, 0xff, 0xff, 0xff, 0xff, 0xff, 0xff, 0xff, 0xff,
  0xff, 0xff, 0xff, 0xff, 0xff, 0xff, 0xff, 0xff, 0xff, 0xff, 0xff, 0xff, 0xff, 0xff, 0xff, 0xff,
  0xff, 0xff, 0xff, 0xff, 0xff, 0xff, 0xff, 0xff, 0xff, 0xff, 0xff, 0xff, 0xff, 0xff, 0xff, 0xff,
  0xff, 0xff, 0xff, 0xff, 0xff, 0xff, 0xff, 0xff, 0xff, 0xff, 0xff, 0xff, 0xff, 0xff, 0xff, 0xff,
  0xff, 0xff, 0xff, 0xff, 0xff, 0xff, 0xff, 0xff, 0xff, 0xff, 0xff, 0xff, 0xff, 0xff, 0xff, 0xff,
  0xff, 0xff, 0xff, 0xff, 0xff, 0xff, 0xff, 0xff, 0xff, 0xff, 0xff, 0xff, 0xff, 0xff, 0xff, 0xff,
  0xff, 0xff, 0xff, 0xff, 0xff, 0xff, 0xff, 0xff, 0xff, 0xff, 0xff, 0xff, 0xff, 0xff, 0xff, 0xff,
  0xff, 0xff, 0xff, 0xff, 0xff, 0xff, 0xff, 0xff, 0xff, 0xff, 0xff, 0xff, 0xff, 0xff, 0xff, 0xff,
  0xff, 0xff, 0xff, 0xff, 0xff, 0xff, 0xff, 0xff, 0xff, 0xff, 0xff, 0xff, 0xff, 0xff, 0xff, 0xff,
  0xff, 0xff, 0xff, 0xff, 0xff, 0xff, 0xff, 0xff, 0xff, 0xff, 0xff, 0xff, 0xff, 0xff, 0xff, 0xff,
  0xff, 0xff, 0xff, 0xff, 0xff, 0xff, 0xff, 0xff, 0xff, 0xff, 0xff, 0xff, 0xff, 0xff, 0xff, 0xff,
  0xff, 0xff, 0xff, 0xff, 0xff, 0xff, 0xff, 0xff, 0xff, 0xff, 0xff, 0xff, 0xff, 0xff, 0xff, 0xff,
  0xff, 0xff, 0xff, 0xff, 0xff, 0xff, 0xff, 0xff, 0xff, 0xff, 0xff, 0xff, 0xff, 0xff, 0xff, 0xff,
  0xff, 0xff, 0xff, 0xff, 0xff, 0xff, 0xff, 0xff, 0xff, 0xff, 0xff, 0xff, 0xff, 0xff, 0xff, 0xff,
  0xff, 0xff, 0xff, 0xff, 0xff, 0xff, 0xff, 0xff, 0xff, 0xff, 0xff, 0xff, 0xff, 0xff, 0xff, 0xff,
  0xff, 0xff, 0xff, 0xff, 0xff, 0xff, 0xff, 0xff, 0xff, 0xff, 0xff, 0xff, 0xff, 0xff, 0xff, 0xff,
  0xff, 0xff, 0xff, 0xff, 0xff, 0xff, 0xff, 0xff, 0xff, 0xff, 0xff, 0xff, 0xff, 0xff, 0xff, 0xff,
  0xff, 0xff, 0xff, 0xff, 0xff, 0xff, 0xff, 0xff, 0xff, 0xff, 0xff, 0xff, 0xff, 0xff, 0xff, 0xff,
  0xff, 0xff, 0xff, 0xff, 0xff, 0xff, 0xff, 0xff, 0xff, 0xff, 0xff, 0xff, 0xff, 0xff, 0xff, 0xff,
  0xff, 0xff, 0xff, 0xff, 0xff, 0xff, 0xff, 0xff, 0xff, 0xff, 0xff, 0xff, 0xff, 0xff, 0xff, 0xff,
  0xff, 0xff, 0xff, 0xff, 0xff, 0xff, 0xff, 0xff, 0xff, 0xff, 0xff, 0xff, 0xff, 0xff, 0xff, 0xff,
  0xff, 0xff, 0xff, 0xff, 0xff, 0xff, 0xff, 0xff, 0xff, 0xff, 0xff, 0xff, 0xff, 0xff, 0xff, 0xff,
  0xff, 0xff, 0xff, 0xff, 0xff, 0xff, 0xff, 0xff, 0xff, 0xff, 0xff, 0xff, 0xff, 0xff, 0xff, 0xff,
  0xff, 0xff, 0xff, 0xff, 0xff, 0xff, 0xff, 0xff, 0xff, 0xff, 0xff, 0xff, 0xff, 0xff, 0xff, 0xff,
  0xff, 0xff, 0xff, 0xff, 0xff, 0xff, 0xff, 0xff, 0xff, 0xff, 0xff, 0xff, 0xff, 0xff, 0xff, 0xff,
  0xff, 0xff, 0xff, 0xff, 0xff, 0xff, 0xff, 0xff, 0xff, 0xff, 0xff, 0xff, 0xff, 0xff, 0xff, 0xff,
  0xff, 0xff, 0xff, 0xff, 0xff, 0xff, 0xff, 0xff, 0xff, 0xff, 0xff, 0xff, 0xff, 0xff, 0xff, 0xff,
  0xff, 0xff, 0xff, 0xff, 0xff, 0xff, 0xff, 0xff, 0xff, 0xff, 0xff, 0xff, 0xff, 0xff, 0xff, 0xff,
  0xff, 0xff, 0xff, 0xff, 0xff, 0xff, 0xff, 0xff, 0xff, 0xff, 0xff, 0xff, 0xff, 0xff, 0xff, 0xff,
  0xff, 0xff, 0xff, 0xff, 0xff, 0xff, 0xff, 0xff, 0xff, 0xff, 0xff, 0xff, 0xff, 0xff, 0xff, 0xff,
  0xff, 0xff, 0xff, 0xff, 0xff, 0xff, 0xff, 0xff, 0xff, 0xff, 0xff, 0xff, 0xff, 0xff, 0xff, 0xff,
  0xff, 0xff, 0xff, 0xff, 0xff, 0xff, 0xff, 0xff, 0xff, 0xff, 0xff, 0xff, 0xff, 0xff, 0xff, 0xff,
  0xff, 0xff, 0xff, 0xff, 0xff, 0xff, 0xff, 0xff, 0xff, 0xff, 0xff, 0xff, 0xff, 0xff, 0xff, 0xff,
  0xff, 0xff, 0xff, 0xff, 0xff, 0xff, 0xff, 0xff, 0xff, 0xff, 0xff, 0xff, 0xff, 0xff, 0xff, 0xff,
  0xff, 0xff, 0xff, 0xff, 0xff, 0xff, 0xff, 0xff, 0xff, 0xff, 0xff, 0xff, 0xff, 0xff, 0xff, 0xff,
  0xff, 0xff, 0xff, 0xff, 0xff, 0xff, 0xff, 0xff, 0xff, 0xff, 0xff, 0xff, 0xff, 0xff, 0xff, 0xff,
  0xff, 0xff, 0xff, 0xff, 0xff, 0xff, 0xff, 0xff, 0xff, 0xff, 0xff, 0xff, 0xff, 0xff, 0xff, 0xff,
  0xff, 0xff, 0xff, 0xff, 0xff, 0xff, 0xff, 0xff, 0xff, 0xff, 0xff, 0xff, 0xff, 0xff, 0xff, 0xff,
  0xff, 0xff, 0xff, 0xff, 0xff, 0xff, 0xff, 0xff, 0xff, 0xff, 0xff, 0xff, 0xff, 0xff, 0xff, 0xff,
  0xff, 0xff, 0xff, 0xff, 0xff, 0xff, 0xff, 0xff, 0xff, 0xff, 0xff, 0xff, 0xff, 0xff, 0xff, 0xff,
  0xff, 0xff, 0xff, 0xff, 0xff, 0xff, 0xff, 0xff, 0xff, 0xff, 0xff, 0xff, 0xff, 0xff, 0xff, 0xff,
  0xff, 0xff, 0xff, 0xff, 0xff, 0xff, 0xff, 0xff, 0xff, 0xff, 0xff, 0xff, 0xff, 0xff, 0xff, 0xff,
  0xff, 0xff, 0xff, 0xff, 0xff, 0xff, 0xff, 0xff, 0xff, 0xff, 0xff, 0xff, 0xff, 0xff, 0xff, 0xff,
  0xff, 0xff, 0xff, 0xff, 0xff, 0xff, 0xff, 0xff, 0xff, 0xff, 0xff, 0xff, 0xff, 0xff, 0xff, 0xff,
  0xff, 0xff, 0xff, 0xff, 0xff, 0xff, 0xff, 0xff, 0xff, 0xff, 0xff, 0xff, 0xff, 0xff, 0xff, 0xff,
  0xff, 0xff, 0xff, 0xff, 0xff, 0xff, 0xff, 0xff, 0xff, 0xff, 0xff, 0xff, 0xff, 0xff, 0xff, 0xff,
  0xff, 0xff, 0xff, 0xff, 0xff, 0xff, 0xff, 0xff, 0xff, 0xff, 0xff, 0xff, 0xff, 0xff, 0xff, 0xff,
  0xff, 0xff, 0xff, 0xff, 0xff, 0xff, 0xff, 0xff, 0xff, 0xff, 0xff, 0xff, 0xff, 0xff, 0xff, 0xff,
  0xff, 0xff, 0xff, 0xff, 0xff, 0xff, 0xff, 0xff, 0xff, 0xff, 0xff, 0xff, 0xff, 0xff, 0xff, 0xff,
  0xff, 0xff, 0xff, 0xff, 0xff, 0xff, 0xff, 0xff, 0xff, 0xff, 0xff, 0xff, 0xff, 0xff, 0xff, 0xff,
  0xff, 0xff, 0xff, 0xff, 0xff, 0xff, 0xff, 0xff, 0xff, 0xff, 0xff, 0xff, 0xff, 0xff, 0xff, 0xff,
  0xff, 0xff, 0xff, 0xff, 0xff, 0xff, 0xff, 0xff, 0xff, 0xff, 0xff, 0xff, 0xff, 0xff, 0xff, 0xff,
  0xff, 0xff, 0xff, 0xff, 0xff, 0xff, 0xff, 0xff, 0xff, 0xff, 0xff, 0xff, 0xff, 0xff, 0xff, 0xff,
  0xff, 0xff, 0xff, 0xff, 0xff, 0xff, 0xff, 0xff, 0xff, 0xff, 0xff, 0xff, 0xff, 0xff, 0xff, 0xff,
  0xff, 0xff, 0xff, 0xff, 0xff, 0xff, 0xff, 0xff, 0xff, 0xff, 0xff, 0xff, 0xff, 0xff, 0xff, 0xff,
  0xff, 0xff, 0xff, 0xff, 0xff, 0xff, 0xff, 0xff, 0xff, 0xff, 0xff, 0xff, 0xff, 0xff, 0xff, 0xff,
  0xff, 0xff, 0xff, 0xff, 0xff, 0xff, 0xff, 0xff, 0xff, 0xff, 0xff, 0xff, 0xff, 0xff, 0xff, 0xff,
  0xff, 0xff, 0xff, 0xff, 0xff, 0xff, 0xff, 0xff, 0xff, 0xff, 0xff, 0xff, 0xff, 0xff, 0xff, 0xff,
  0xff, 0xff, 0xff, 0xff, 0xff, 0xff, 0xff, 0xff, 0xff, 0xff, 0xff, 0xff, 0xff, 0xff, 0xff, 0xff,
  0xff, 0xff, 0xff, 0xff, 0xff, 0xff, 0xff, 0xff, 0xff, 0xff, 0xff, 0xff, 0xff, 0xff, 0xff, 0xff,
  0xff, 0xff, 0xff, 0xff, 0xff, 0xff, 0xff, 0xff, 0xff, 0xff, 0xff, 0xff, 0xff, 0xff, 0xff, 0xff,
  0xff, 0xff, 0xff, 0xff, 0xff, 0xff, 0xff, 0xff, 0xff, 0xff, 0xff, 0xff, 0xff, 0xff, 0xff, 0xff,
  0xff, 0xff, 0xff, 0xff, 0xff, 0xff, 0xff, 0xff, 0xff, 0xff, 0xff, 0xff, 0xff, 0xff, 0xff, 0xff,
  0xff, 0xff, 0xff, 0xff, 0xff, 0xff, 0xff, 0xff, 0xff, 0xff, 0xff, 0xff, 0xff, 0xff, 0xff, 0xff,
  0xff, 0xff, 0xff, 0xff, 0xff, 0xff, 0xff, 0xff, 0xff, 0xff, 0xff, 0xff, 0xff, 0xff, 0xff, 0xff,
  0xff, 0xff, 0xff, 0xff, 0xff, 0xff, 0xff, 0xff, 0xff, 0xff, 0xff, 0xff, 0xff, 0xff, 0xff, 0xff,
  0xff, 0xff, 0xff, 0xff, 0xff, 0xff, 0xff, 0xff, 0xff, 0xff, 0xff, 0xff, 0xff, 0xff, 0xff, 0xff,
  0xff, 0xff, 0xff, 0xff, 0xff, 0xff, 0xff, 0xff, 0xff, 0xff, 0xff, 0xff, 0xff, 0xff, 0xff, 0xff,
  0xff, 0xff, 0xff, 0xff, 0xff, 0xff, 0xff, 0xff, 0xff, 0xff, 0xff, 0xff, 0xff, 0xff, 0xff, 0xff,
  0xff, 0xff, 0xff, 0xff, 0xff, 0xff, 0xff, 0xff, 0xff, 0xff, 0xff, 0xff, 0xff, 0xff, 0xff, 0xff,
  0xff, 0xff, 0xff, 0xff, 0xff, 0xff, 0xff, 0xff, 0xff, 0xff, 0xff, 0xff, 0xff, 0xff, 0xff, 0xff,
  0xff, 0xff, 0xff, 0xff, 0xff, 0xff, 0xff, 0xff, 0xff, 0xff, 0xff, 0xff, 0xff, 0xff, 0xff, 0xff,
  0xff, 0xff, 0xff, 0xff, 0xff, 0xff, 0xff, 0xff, 0xff, 0xff, 0xff, 0xff, 0xff, 0xff, 0xff, 0xff,
  0xff, 0xff, 0xff, 0xff, 0xff, 0xff, 0xff, 0xff, 0xff, 0xff, 0xff, 0xff, 0xff, 0xff, 0xff, 0xff,
  0xff, 0xff, 0xff, 0xff, 0xff, 0xff, 0xff, 0xff, 0xff, 0xff, 0xff, 0xff, 0xff, 0xff, 0xff, 0xff,
  0xff, 0xff, 0xff, 0xff, 0xff, 0xff, 0xff, 0xff, 0xff, 0xff, 0xff, 0xff, 0xff, 0xff, 0xff, 0xff,
  0xff, 0xff, 0xff, 0xff, 0xff, 0xff, 0xff, 0xff, 0xff, 0xff, 0xff, 0xff, 0xff, 0xff, 0xff, 0xff,
  0xff, 0xff, 0xff, 0xff, 0xff, 0xff, 0xff, 0xff, 0xff, 0xff, 0xff, 0xff, 0xff, 0xff, 0xff, 0xff,
  0xff, 0xff, 0xff, 0xff, 0xff, 0xff, 0xff, 0xff, 0xff, 0xff, 0xff, 0xff, 0xff, 0xff, 0xff, 0xff,
  0xff, 0xff, 0xff, 0xff, 0xff, 0xff, 0xff, 0xff, 0xff, 0xff, 0xff, 0xff, 0xff, 0xff, 0xff, 0xff,
  0xff, 0xff, 0xff, 0xff, 0xff, 0xff, 0xff, 0xff, 0xff, 0xff, 0xff, 0xff, 0xff, 0xff, 0xff, 0xff,
  0xff, 0xff, 0xff, 0xff, 0xff, 0xff, 0xff, 0xff, 0xff, 0xff, 0xff, 0xff, 0xff, 0xff, 0xff, 0xff,
  0xff, 0xff, 0xff, 0xff, 0xff, 0xff, 0xff, 0xff, 0xff, 0xff, 0xff, 0xff, 0xff, 0xff, 0xff, 0xff,
  0xff, 0xff, 0xff, 0xff, 0xff, 0xff, 0xff, 0xff, 0xff, 0xff, 0xff, 0xff, 0xff, 0xff, 0xff, 0xff,
  0xff, 0xff, 0xff, 0xff, 0xff, 0xff, 0xff, 0xff, 0xff, 0xff, 0xff, 0xff, 0xff, 0xff, 0xff, 0xff,
  0xff, 0xff, 0xff, 0xff, 0xff, 0xff, 0xff, 0xff, 0xff, 0xff, 0xff, 0xff, 0xff, 0xff, 0xff, 0xff,
  0xff, 0xff, 0xff, 0xff, 0xff, 0xff, 0xff, 0xff, 0xff, 0xff, 0xff, 0xff, 0xff, 0xff, 0xff, 0xff,
  0xff, 0xff, 0xff, 0xff, 0xff, 0xff, 0xff, 0xff, 0xff, 0xff, 0xff, 0xff, 0xff, 0xff, 0xff, 0xff,
  0xff, 0xff, 0xff, 0xff, 0xff, 0xff, 0xff, 0xff, 0xff, 0xff, 0xff, 0xff, 0xff, 0xff, 0xff, 0xff,
  0xff, 0xff, 0xff, 0xff, 0xff, 0xff, 0xff, 0xff, 0xff, 0xff, 0xff, 0xff, 0xff, 0xff, 0xff, 0xff,
  0xff, 0xff, 0xff, 0xff, 0xff, 0xff, 0xff, 0xff, 0xff, 0xff, 0xff, 0xff, 0xff, 0xff, 0xff, 0xff,
  0xff, 0xff, 0xff, 0xff, 0xff, 0xff, 0xff, 0xff, 0xff, 0xff, 0xff, 0xff, 0xff, 0xff, 0xff, 0xff,
  0xff, 0xff, 0xff, 0xff, 0xff, 0xff, 0xff, 0xff, 0xff, 0xff, 0xff, 0xff, 0xff, 0xff, 0xff, 0xff,
  0xff, 0xff, 0xff, 0xff, 0xff, 0xff, 0xff, 0xff, 0xff, 0xff, 0xff, 0xff, 0xff, 0xff, 0xff, 0xff,
  0xff, 0xff, 0xff, 0xff, 0xff, 0xff, 0xff, 0xff, 0xff, 0xff, 0xff, 0xff, 0xff, 0xff, 0xff, 0xff,
  0xff, 0xff, 0xff, 0xff, 0xff, 0xff, 0xff, 0xff, 0xff, 0xff, 0xff, 0xff, 0xff, 0xff, 0xff, 0xff,
  0xff, 0xff, 0xff, 0xff, 0xff, 0xff, 0xff, 0xff, 0xff, 0xff, 0xff, 0xff, 0xff, 0xff, 0xff, 0xff,
  0xff, 0xff, 0xff, 0xff, 0xff, 0xff, 0xff, 0xff, 0xff, 0xff, 0xff, 0xff, 0xff, 0xff, 0xff, 0xff,
  0xff, 0xff, 0xff, 0xff, 0xff, 0xff, 0xff, 0xff, 0xff, 0xff, 0xff, 0xff, 0xff, 0xff, 0xff, 0xff,
  0xff, 0xff, 0xff, 0xff, 0xff, 0xff, 0xff, 0xff, 0xff, 0xff, 0xff, 0xff, 0xff, 0xff, 0xff, 0xff,
  0xff, 0xff, 0xff, 0xff, 0xff, 0xff, 0xff, 0xff, 0xff, 0xff, 0xff, 0xff, 0xff, 0xff, 0xff, 0xff,
  0xff, 0xff, 0xff, 0xff, 0xff, 0xff, 0xff, 0xff, 0xff, 0xff, 0xff, 0xff, 0xff, 0xff, 0xff, 0xff,
  0xff, 0xff, 0xff, 0xff, 0xff, 0xff, 0xff, 0xff, 0xff, 0xff, 0xff, 0xff, 0xff, 0xff, 0xff, 0xff,
  0xff, 0xff, 0xff, 0xff, 0xff, 0xff, 0xff, 0xff, 0xff, 0xff, 0xff, 0xff, 0xff, 0xff, 0xff, 0xff,
  0xff, 0xff, 0xff, 0xff, 0xff, 0xff, 0xff, 0xff, 0xff, 0xff, 0xff, 0xff, 0xff, 0xff, 0xff, 0xff,
  0xff, 0xff, 0xff, 0xff, 0xff, 0xff, 0xff, 0xff, 0xff, 0xff, 0xff, 0xff, 0xff, 0xff, 0xff, 0xff,
  0xff, 0xff, 0xff, 0xff, 0xff, 0xff, 0xff, 0xff, 0xff, 0xff, 0xff, 0xff, 0xff, 0xff, 0xff, 0xff,
  0xff, 0xff, 0xff, 0xff, 0xff, 0xff, 0xff, 0xff, 0xff, 0xff, 0xff, 0xff, 0xff, 0xff, 0xff, 0xff,
  0xff, 0xff, 0xff, 0xff, 0xff, 0xff, 0xff, 0xff, 0xff, 0xff, 0xff, 0xff, 0xff, 0xff, 0xff, 0xff,
  0xff, 0xff, 0xff, 0xff, 0xff, 0xff, 0xff, 0xff, 0xff, 0xff, 0xff, 0xff, 0xff, 0xff, 0xff, 0xff,
  0xff, 0xff, 0xff, 0xff, 0xff, 0xff, 0xff, 0xff, 0xff, 0xff, 0xff, 0xff, 0xff, 0xff, 0xff, 0xff,
  0xff, 0xff, 0xff, 0xff, 0xff, 0xff, 0xff, 0xff, 0xff, 0xff, 0xff, 0xff, 0xff, 0xff, 0xff, 0xff,
  0xff, 0xff, 0xff, 0xff, 0xff, 0xff, 0xff, 0xff, 0xff, 0xff, 0xff, 0xff, 0xff, 0xff, 0xff, 0xff,
  0xff, 0xff, 0xff, 0xff, 0xff, 0xff, 0xff, 0xff, 0xff, 0xff, 0xff, 0xff, 0xff, 0xff, 0xff, 0xff,
  0xff, 0xff, 0xff, 0xff, 0xff, 0xff, 0xff, 0xff, 0xff, 0xff, 0xff, 0xff, 0xff, 0xff, 0xff, 0xff,
  0xff, 0xff, 0xff, 0xff, 0xff, 0xff, 0xff, 0xff, 0xff, 0xff, 0xff, 0xff, 0xff, 0xff, 0xff, 0xff,
  0xff, 0xff, 0xff, 0xff, 0xff, 0xff, 0xff, 0xff, 0xff, 0xff, 0xff, 0xff, 0xff, 0xff, 0xff, 0xff,
  0xff, 0xff, 0xff, 0xff, 0xff, 0xff, 0xff, 0xff, 0xff, 0xff, 0xff, 0xff, 0xff, 0xff, 0xff, 0xff,
  0xff, 0xff, 0xff, 0xff, 0xff, 0xff, 0xff, 0xff, 0xff, 0xff, 0xff, 0xff, 0xff, 0xff, 0xff, 0xff,
  0xff, 0xff, 0xff, 0xff, 0xff, 0xff, 0xff, 0xff, 0xff, 0xff, 0xff, 0xff, 0xff, 0xff, 0xff, 0xff,
  0xff, 0xff, 0xff, 0xff, 0xff, 0xff, 0xff, 0xff, 0xff, 0xff, 0xff, 0xff, 0xff, 0xff, 0xff, 0xff,
  0xff, 0xff, 0xff, 0xff, 0xff, 0xff, 0xff, 0xff, 0xff, 0xff, 0xff, 0xff, 0xff, 0xff, 0xff, 0xff,
  0xff, 0xff, 0xff, 0xff, 0xff, 0xff, 0xff, 0xff, 0xff, 0xff, 0xff, 0xff, 0xff, 0xff, 0xff, 0xff,
  0xff, 0xff, 0xff, 0xff, 0xff, 0xff, 0xff, 0xff, 0xff, 0xff, 0xff, 0xff, 0xff, 0xff, 0xff, 0xff,
  0xff, 0xff, 0xff, 0xff, 0xff, 0xff, 0xff, 0xff, 0xff, 0xff, 0xff, 0xff, 0xff, 0xff, 0xff, 0xff,
  0xff, 0xff, 0xff, 0xff, 0xff, 0xff, 0xff, 0xff, 0xff, 0xff, 0xff, 0xff, 0xff, 0xff, 0xff, 0xff,
  0xff, 0xff, 0xff, 0xff, 0xff, 0xff, 0xff, 0xff, 0xff, 0xff, 0xff, 0xff, 0xff, 0xff, 0xff, 0xff,
  0xff, 0xff, 0xff, 0xff, 0xff, 0xff, 0xff, 0xff, 0xff, 0xff, 0xff, 0xff, 0xff, 0xff, 0xff, 0xff,
  0xff, 0xff, 0xff, 0xff, 0xff, 0xff, 0xff, 0xff, 0xff, 0xff, 0xff, 0xff, 0xff, 0xff, 0xff, 0xff,
  0xff, 0xff, 0xff, 0xff, 0xff, 0xff, 0xff, 0xff, 0xff, 0xff, 0xff, 0xff, 0xff, 0xff, 0xff, 0xff,
  0xff, 0xff, 0xff, 0xff, 0xff, 0xff, 0xff, 0xff, 0xff, 0xff, 0xff, 0xff, 0xff, 0xff, 0xff, 0xff,
  0xff, 0xff, 0xff, 0xff, 0xff, 0xff, 0xff, 0xff, 0xff, 0xff, 0xff, 0xff, 0xff, 0xff, 0xff, 0xff,
  0xff, 0xff, 0xff, 0xff, 0xff, 0xff, 0xff, 0xff, 0xff, 0xff, 0xff, 0xff, 0xff, 0xff, 0xff, 0xff,
  0xff, 0xff, 0xff, 0xff, 0xff, 0xff, 0xff, 0xff, 0xff, 0xff, 0xff, 0xff, 0xff, 0xff, 0xff, 0xff,
  0xff, 0xff, 0xff, 0xff, 0xff, 0xff, 0xff, 0xff, 0xff, 0xff, 0xff, 0xff, 0xff, 0xff, 0xff, 0xff,
  0xff, 0xff, 0xff, 0xff, 0xff, 0xff, 0xff, 0xff, 0xff, 0xff, 0xff, 0xff, 0xff, 0xff, 0xff, 0xff,
  0xff, 0xff, 0xff, 0xff, 0xff, 0xff, 0xff, 0xff, 0xff, 0xff, 0xff, 0xff, 0xff, 0xff, 0xff, 0xff,
  0xff, 0xff, 0xff, 0xff, 0xff, 0xff, 0xff, 0xff, 0xff, 0xff, 0xff, 0xff, 0xff, 0xff, 0xff, 0xff,
  0xff, 0xff, 0xff, 0xff, 0xff, 0xff, 0xff, 0xff, 0xff, 0xff, 0xff, 0xff, 0xff, 0xff, 0xff, 0xff,
  0xff, 0xff, 0xff, 0xff, 0xff, 0xff, 0xff, 0xff, 0xff, 0xff, 0xff, 0xff, 0xff, 0xff, 0xff, 0xff,
  0xff, 0xff, 0xff, 0xff, 0xff, 0xff, 0xff, 0xff, 0xff, 0xff, 0xff, 0xff, 0xff, 0xff, 0xff, 0xff,
  0xff, 0xff, 0xff, 0xff, 0xff, 0xff, 0xff, 0xff, 0xff, 0xff, 0xff, 0xff, 0xff, 0xff, 0xff, 0xff,
  0xff, 0xff, 0xff, 0xff, 0xff, 0xff, 0xff, 0xff, 0xff, 0xff, 0xff, 0xff, 0xff, 0xff, 0xff, 0xff,
  0xff, 0xff, 0xff, 0xff, 0xff, 0xff, 0xff, 0xff, 0xff, 0xff, 0xff, 0xff, 0xff, 0xff, 0xff, 0xff,
  0xff, 0xff, 0xff, 0xff, 0xff, 0xff, 0xff, 0xff, 0xff, 0xff, 0xff, 0xff, 0xff, 0xff, 0xff, 0xff,
  0xff, 0xff, 0xff, 0xff, 0xff, 0xff, 0xff, 0xff, 0xff, 0xff, 0xff, 0xff, 0xff, 0xff, 0xff, 0xff,
  0xff, 0xff, 0xff, 0xff, 0xff, 0xff, 0xff, 0xff, 0xff, 0xff, 0xff, 0xff, 0xff, 0xff, 0xff, 0xff,
  0xff, 0xff, 0xff, 0xff, 0xff, 0xff, 0xff, 0xff, 0xff, 0xff, 0xff, 0xff, 0xff, 0xff, 0xff, 0xff,
  0xff, 0xff, 0xff, 0xff, 0xff, 0xff, 0xff, 0xff, 0xff, 0xff, 0xff, 0xff, 0xff, 0xff, 0xff, 0xff,
  0xff, 0xff, 0xff, 0xff, 0xff, 0xff, 0xff, 0xff, 0xff, 0xff, 0xff, 0xff, 0xff, 0xff, 0xff, 0xff,
  0xff, 0xff, 0xff, 0xff, 0xff, 0xff, 0xff, 0xff, 0xff, 0xff, 0xff, 0xff, 0xff, 0xff, 0xff, 0xff,
  0xff, 0xff, 0xff, 0xff, 0xff, 0xff, 0xff, 0xff, 0xff, 0xff, 0xff, 0xff, 0xff, 0xff, 0xff, 0xff,
  0xff, 0xff, 0xff, 0xff, 0xff, 0xff, 0xff, 0xff, 0xff, 0xff, 0xff, 0xff, 0xff, 0xff, 0xff, 0xff,
  0xff, 0xff, 0xff, 0xff, 0xff, 0xff, 0xff, 0xff, 0xff, 0xff, 0xff, 0xff, 0xff, 0xff, 0xff, 0xff,
  0xff, 0xff, 0xff, 0xff, 0xff, 0xff, 0xff, 0xff, 0xff, 0xff, 0xff, 0xff, 0xff, 0xff, 0xff, 0xff,
  0xff, 0xff, 0xff, 0xff, 0xff, 0xff, 0xff, 0xff, 0xff, 0xff, 0xff, 0xff, 0xff, 0xff, 0xff, 0xff,
  0xff, 0xff, 0xff, 0xff, 0xff, 0xff, 0xff, 0xff, 0xff, 0xff, 0xff, 0xff, 0xff, 0xff, 0xff, 0xff,
  0xff, 0xff, 0xff, 0xff, 0xff, 0xff, 0xff, 0xff, 0xff, 0xff, 0xff, 0xff, 0xff, 0xff, 0xff, 0xff,
  0xff, 0xff, 0xff, 0xff, 0xff, 0xff, 0xff, 0xff, 0xff, 0xff, 0xff, 0xff, 0xff, 0xff, 0xff, 0xff,
  0xff, 0xff, 0xff, 0xff, 0xff, 0xff, 0xff, 0xff, 0xff, 0xff, 0xff, 0xff, 0xff, 0xff, 0xff, 0xff,
  0xff, 0xff, 0xff, 0xff, 0xff, 0xff, 0xff, 0xff, 0xff, 0xff, 0xff, 0xff, 0xff, 0xff, 0xff, 0xff,
  0xff, 0xff, 0xff, 0xff, 0xff, 0xff, 0xff, 0xff, 0xff, 0xff, 0xff, 0xff, 0xff, 0xff, 0xff, 0xff,
  0xff, 0xff, 0xff, 0xff, 0xff, 0xff, 0xff, 0xff, 0xff, 0xff, 0xff, 0xff, 0xff, 0xff, 0xff, 0xff,
  0xff, 0xff, 0xff, 0xff, 0xff, 0xff, 0xff, 0xff, 0xff, 0xff, 0xff, 0xff, 0xff, 0xff, 0xff, 0xff,
  0xff, 0xff, 0xff, 0xff, 0xff, 0xff, 0xff, 0xff, 0xff, 0xff, 0xff, 0xff, 0xff, 0xff, 0xff, 0xff,
  0xff, 0xff, 0xff, 0xff, 0xff, 0xff, 0xff, 0xff, 0xff, 0xff, 0xff, 0xff, 0xff, 0xff, 0xff, 0xff,
  0xff, 0xff, 0xff, 0xff, 0xff, 0xff, 0xff, 0xff, 0xff, 0xff, 0xff, 0xff, 0xff, 0xff, 0xff, 0xff,
  0xff, 0xff, 0xff, 0xff, 0xff, 0xff, 0xff, 0xff, 0xff, 0xff, 0xff, 0xff, 0xff, 0xff, 0xff, 0xff,
  0xff, 0xff, 0xff, 0xff, 0xff, 0xff, 0xff, 0xff, 0xff, 0xff, 0xff, 0xff, 0xff, 0xff, 0xff, 0xff,
  0xff, 0xff, 0xff, 0xff, 0xff, 0xff, 0xff, 0xff, 0xff, 0xff, 0xff, 0xff, 0xff, 0xff, 0xff, 0xff,
  0xff, 0xff, 0xff, 0xff, 0xff, 0xff, 0xff, 0xff, 0xff, 0xff, 0xff, 0xff, 0xff, 0xff, 0xff, 0xff,
  0xff, 0xff, 0xff, 0xff, 0xff, 0xff, 0xff, 0xff, 0xff, 0xff, 0xff, 0xff, 0xff, 0xff, 0xff, 0xff,
  0xff, 0xff, 0xff, 0xff, 0xff, 0xff, 0xff, 0xff, 0xff, 0xff, 0xff, 0xff, 0xff, 0xff, 0xff, 0xff,
  0xff, 0xff, 0xff, 0xff, 0xff, 0xff, 0xff, 0xff, 0xff, 0xff, 0xff, 0xff, 0xff, 0xff, 0xff, 0xff,
  0xff, 0xff, 0xff, 0xff, 0xff, 0xff, 0xff, 0xff, 0xff, 0xff, 0xff, 0xff, 0xff, 0xff, 0xff, 0xff,
  0xff, 0xff, 0xff, 0xff, 0xff, 0xff, 0xff, 0xff, 0xff, 0xff, 0xff, 0xff, 0xff, 0xff, 0xff, 0xff,
  0xff, 0xff, 0xff, 0xff, 0xff, 0xff, 0xff, 0xff, 0xff, 0xff, 0xff, 0xff, 0xff, 0xff, 0xff, 0xff,
  0xff, 0xff, 0xff, 0xff, 0xff, 0xff, 0xff, 0xff, 0xff, 0xff, 0xff, 0xff, 0xff, 0xff, 0xff, 0xff,
  0xff, 0xff, 0xff, 0xff, 0xff, 0xff, 0xff, 0xff, 0xff, 0xff, 0xff, 0xff, 0xff, 0xff, 0xff, 0xff,
  0xff, 0xff, 0xff, 0xff, 0xff, 0xff, 0xff, 0xff, 0xff, 0xff, 0xff, 0xff, 0xff, 0xff, 0xff, 0xff,
  0xff, 0xff, 0xff, 0xff, 0xff, 0xff, 0xff, 0xff, 0xff, 0xff, 0xff, 0xff, 0xff, 0xff, 0xff, 0xff,
  0xff, 0xff, 0xff, 0xff, 0xff, 0xff, 0xff, 0xff, 0xff, 0xff, 0xff, 0xff, 0xff, 0xff, 0xff, 0xff,
  0xff, 0xff, 0xff, 0xff, 0xff, 0xff, 0xff, 0xff, 0xff, 0xff, 0xff, 0xff, 0xff, 0xff, 0xff, 0xff,
  0xff, 0xff, 0xff, 0xff, 0xff, 0xff, 0xff, 0xff, 0xff, 0xff, 0xff, 0xff, 0xff, 0xff, 0xff, 0xff,
  0xff, 0xff, 0xff, 0xff, 0xff, 0xff, 0xff, 0xff, 0xff, 0xff, 0xff, 0xff, 0xff, 0xff, 0xff, 0xff,
  0xff, 0xff, 0xff, 0xff, 0xff, 0xff, 0xff, 0xff, 0xff, 0xff, 0xff, 0xff, 0xff, 0xff, 0xff, 0xff,
  0xff, 0xff, 0xff, 0xff, 0xff, 0xff, 0xff, 0xff, 0xff, 0xff, 0xff, 0xff, 0xff, 0xff, 0xff, 0xff,
  0xff, 0xff, 0xff, 0xff, 0xff, 0xff, 0xff, 0xff, 0xff, 0xff, 0xff, 0xff, 0xff, 0xff, 0xff, 0xff,
  0xff, 0xff, 0xff, 0xff, 0xff, 0xff, 0xff, 0xff, 0xff, 0xff, 0xff, 0xff, 0xff, 0xff, 0xff, 0xff,
  0xff, 0xff, 0xff, 0xff, 0xff, 0xff, 0xff, 0xff, 0xff, 0xff, 0xff, 0xff, 0xff, 0xff, 0xff, 0xff,
  0xff, 0xff, 0xff, 0xff, 0xff, 0xff, 0xff, 0xff, 0xff, 0xff, 0xff, 0xff, 0xff, 0xff, 0xff, 0xff,
  0xff, 0xff, 0xff, 0xff, 0xff, 0xff, 0xff, 0xff, 0xff, 0xff, 0xff, 0xff, 0xff, 0xff, 0xff, 0xff,
  0xff, 0xff, 0xff, 0xff, 0xff, 0xff, 0xff, 0xff, 0xff, 0xff, 0xff, 0xff, 0xff, 0xff, 0xff, 0xff,
  0xff, 0xff, 0xff, 0xff, 0xff, 0xff, 0xff, 0xff, 0xff, 0xff, 0xff, 0xff, 0xff, 0xff, 0xff, 0xff,
  0xff, 0xff, 0xff, 0xff, 0xff, 0xff, 0xff, 0xff, 0xff, 0xff, 0xff, 0xff, 0xff, 0xff, 0xff, 0xff,
  0xff, 0xff, 0xff, 0xff, 0xff, 0xff, 0xff, 0xff, 0xff, 0xff, 0xff, 0xff, 0xff, 0xff, 0xff, 0xff,
  0xff, 0xff, 0xff, 0xff, 0xff, 0xff, 0xff, 0xff, 0xff, 0xff, 0xff, 0xff, 0xff, 0xff, 0xff, 0xff,
  0xff, 0xff, 0xff, 0xff, 0xff, 0xff, 0xff, 0xff, 0xff, 0xff, 0xff, 0xff, 0xff, 0xff, 0xff, 0xff,
  0xff, 0xff, 0xff, 0xff, 0xff, 0xff, 0xff, 0xff, 0xff, 0xff, 0xff, 0xff, 0xff, 0xff, 0xff, 0xff,
  0xff, 0xff, 0xff, 0xff, 0xff, 0xff, 0xff, 0xff, 0xff, 0xff, 0xff, 0xff, 0xff, 0xff, 0xff, 0xff,
  0xff, 0xff, 0xff, 0xff, 0xff, 0xff, 0xff, 0xff, 0xff, 0xff, 0xff, 0xff, 0xff, 0xff, 0xff, 0xff,
  0xff, 0xff, 0xff, 0xff, 0xff, 0xff, 0xff, 0xff, 0xff, 0xff, 0xff, 0xff, 0xff, 0xff, 0xff, 0xff,
  0xff, 0xff, 0xff, 0xff, 0xff, 0xff, 0xff, 0xff, 0xff, 0xff, 0xff, 0xff, 0xff, 0xff, 0xff, 0xff,
  0xff, 0xff, 0xff, 0xff, 0xff, 0xff, 0xff, 0xff, 0xff, 0xff, 0xff, 0xff, 0xff, 0xff, 0xff, 0xff,
  0xff, 0xff, 0xff, 0xff, 0xff, 0xff, 0xff, 0xff, 0xff, 0xff, 0xff, 0xff, 0xff, 0xff, 0xff, 0xff,
  0xff, 0xff, 0xff, 0xff, 0xff, 0xff, 0xff, 0xff, 0xff, 0xff, 0xff, 0xff, 0xff, 0xff, 0xff, 0xff,
  0xff, 0xff, 0xff, 0xff, 0xff, 0xff, 0xff, 0xff, 0xff, 0xff, 0xff, 0xff, 0xff, 0xff, 0xff, 0xff,
  0xff, 0xff, 0xff, 0xff, 0xff, 0xff, 0xff, 0xff, 0xff, 0xff, 0xff, 0xff, 0xff, 0xff, 0xff, 0xff,
  0xff, 0xff, 0xff, 0xff, 0xff, 0xff, 0xff, 0xff, 0xff, 0xff, 0xff, 0xff, 0xff, 0xff, 0xff, 0xff,
  0xff, 0xff, 0xff, 0xff, 0xff, 0xff, 0xff, 0xff, 0xff, 0xff, 0xff, 0xff, 0xff, 0xff, 0xff, 0xff,
  0xff, 0xff, 0xff, 0xff, 0xff, 0xff, 0xff, 0xff, 0xff, 0xff, 0xff, 0xff, 0xff, 0xff, 0xff, 0xff,
  0xff, 0xff, 0xff, 0xff, 0xff, 0xff, 0xff, 0xff, 0xff, 0xff, 0xff, 0xff, 0xff, 0xff, 0xff, 0xff,
  0xff, 0xff, 0xff, 0xff, 0xff, 0xff, 0xff, 0xff, 0xff, 0xff, 0xff, 0xff, 0xff, 0xff, 0xff, 0xff,
  0xff, 0xff, 0xff, 0xff, 0xff, 0xff, 0xff, 0xff, 0xff, 0xff, 0xff, 0xff, 0xff, 0xff, 0xff, 0xff,
  0xff, 0xff, 0xff, 0xff, 0xff, 0xff, 0xff, 0xff, 0xff, 0xff, 0xff, 0xff, 0xff, 0xff, 0xff, 0xff,
  0xff, 0xff, 0xff, 0xff, 0xff, 0xff, 0xff, 0xff, 0xff, 0xff, 0xff, 0xff, 0xff, 0xff, 0xff, 0xff,
  0xff, 0xff, 0xff, 0xff, 0xff, 0xff, 0xff, 0xff, 0xff, 0xff, 0xff, 0xff, 0xff, 0xff, 0xff, 0xff,
  0xff, 0xff, 0xff, 0xff, 0xff, 0xff, 0xff, 0xff, 0xff, 0xff, 0xff, 0xff, 0xff, 0xff, 0xff, 0xff,
  0xff, 0xff, 0xff, 0xff, 0xff, 0xff, 0xff, 0xff, 0xff, 0xff, 0xff, 0xff, 0xff, 0xff, 0xff, 0xff,
  0xff, 0xff, 0xff, 0xff, 0xff, 0xff, 0xff, 0xff, 0xff, 0xff, 0xff, 0xff, 0xff, 0xff, 0xff, 0xff,
  0xff, 0xff, 0xff, 0xff, 0xff, 0xff, 0xff, 0xff, 0xff, 0xff, 0xff, 0xff, 0xff, 0xff, 0xff, 0xff,
  0xff, 0xff, 0xff, 0xff, 0xff, 0xff, 0xff, 0xff, 0xff, 0xff, 0xff, 0xff, 0xff, 0xff, 0xff, 0xff,
  0xff, 0xff, 0xff, 0xff, 0xff, 0xff, 0xff, 0xff, 0xff, 0xff, 0xff, 0xff, 0xff, 0xff, 0xff, 0xff,
  0xff, 0xff, 0xff, 0xff, 0xff, 0xff, 0xff, 0xff, 0xff, 0xff, 0xff, 0xff, 0xff, 0xff, 0xff, 0xff,
  0xff, 0xff, 0xff, 0xff, 0xff, 0xff, 0xff, 0xff, 0xff, 0xff, 0xff, 0xff, 0xff, 0xff, 0xff, 0xff,
  0xff, 0xff, 0xff, 0xff, 0xff, 0xff, 0xff, 0xff, 0xff, 0xff, 0xff, 0xff, 0xff, 0xff, 0xff, 0xff,
  0xff, 0xff, 0xff, 0xff, 0xff, 0xff, 0xff, 0xff, 0xff, 0xff, 0xff, 0xff, 0xff, 0xff, 0xff, 0xff,
  0xff, 0xff, 0xff, 0xff, 0xff, 0xff, 0xff, 0xff, 0xff, 0xff, 0xff, 0xff, 0xff, 0xff, 0xff, 0xff,
  0xff, 0xff, 0xff, 0xff, 0xff, 0xff, 0xff, 0xff, 0xff, 0xff, 0xff, 0xff, 0xff, 0xff, 0xff, 0xff,
  0xff, 0xff, 0xff, 0xff, 0xff, 0xff, 0xff, 0xff, 0xff, 0xff, 0xff, 0xff, 0xff, 0xff, 0xff, 0xff,
  0xff, 0xff, 0xff, 0xff, 0xff, 0xff, 0xff, 0xff, 0xff, 0xff, 0xff, 0xff, 0xff, 0xff, 0xff, 0xff,
  0xff, 0xff, 0xff, 0xff, 0xff, 0xff, 0xff, 0xff, 0xff, 0xff, 0xff, 0xff, 0xff, 0xff, 0xff, 0xff,
  0xff, 0xff, 0xff, 0xff, 0xff, 0xff, 0xff, 0xff, 0xff, 0xff, 0xff, 0xff, 0xff, 0xff, 0xff, 0xff,
  0xff, 0xff, 0xff, 0xff, 0xff, 0xff, 0xff, 0xff, 0xff, 0xff, 0xff, 0xff, 0xff, 0xff, 0xff, 0xff,
  0xff, 0xff, 0xff, 0xff, 0xff, 0xff, 0xff, 0xff, 0xff, 0xff, 0xff, 0xff, 0xff, 0xff, 0xff, 0xff,
  0xff, 0xff, 0xff, 0xff, 0xff, 0xff, 0xff, 0xff, 0xff, 0xff, 0xff, 0xff, 0xff, 0xff, 0xff, 0xff,
  0xff, 0xff, 0xff, 0xff, 0xff, 0xff, 0xff, 0xff, 0xff, 0xff, 0xff, 0xff, 0xff, 0xff, 0xff, 0xff,
  0xff, 0xff, 0xff, 0xff, 0xff, 0xff, 0xff, 0xff, 0xff, 0xff, 0xff, 0xff, 0xff, 0xff, 0xff, 0xff,
  0xff, 0xff, 0xff, 0xff, 0xff, 0xff, 0xff, 0xff, 0xff, 0xff, 0xff, 0xff, 0xff, 0xff, 0xff, 0xff,
  0xff, 0xff, 0xff, 0xff, 0xff, 0xff, 0xff, 0xff, 0xff, 0xff, 0xff, 0xff, 0xff, 0xff, 0xff, 0xff,
  0xff, 0xff, 0xff, 0xff, 0xff, 0xff, 0xff, 0xff, 0xff, 0xff, 0xff, 0xff, 0xff, 0xff, 0xff, 0xff,
  0xff, 0xff, 0xff, 0xff, 0xff, 0xff, 0xff, 0xff, 0xff, 0xff, 0xff, 0xff, 0xff, 0xff, 0xff, 0xff,
  0xff, 0xff, 0xff, 0xff, 0xff, 0xff, 0xff, 0xff, 0xff, 0xff, 0xff, 0xff, 0xff, 0xff, 0xff, 0xff,
  0xff, 0xff, 0xff, 0xff, 0xff, 0xff, 0xff, 0xff, 0xff, 0xff, 0xff, 0xff, 0xff, 0xff, 0xff, 0xff,
  0xff, 0xff, 0xff, 0xff, 0xff, 0xff, 0xff, 0xff, 0xff, 0xff, 0xff, 0xff, 0xff, 0xff, 0xff, 0xff,
  0xff, 0xff, 0xff, 0xff, 0xff, 0xff, 0xff, 0xff, 0xff, 0xff, 0xff, 0xff, 0xff, 0xff, 0xff, 0xff,
  0xff, 0xff, 0xff, 0xff, 0xff, 0xff, 0xff, 0xff, 0xff, 0xff, 0xff, 0xff, 0xff, 0xff, 0xff, 0xff,
  0xff, 0xff, 0xff, 0xff, 0xff, 0xff, 0xff, 0xff, 0xff, 0xff, 0xff, 0xff, 0xff, 0xff, 0xff, 0xff,
  0xff, 0xff, 0xff, 0xff, 0xff, 0xff, 0xff, 0xff, 0xff, 0xff, 0xff, 0xff, 0xff, 0xff, 0xff, 0xff,
  0xff, 0xff, 0xff, 0xff, 0xff, 0xff, 0xff, 0xff, 0xff, 0xff, 0xff, 0xff, 0xff, 0xff, 0xff, 0xff,
  0xff, 0xff, 0xff, 0xff, 0xff, 0xff, 0xff, 0xff, 0xff, 0xff, 0xff, 0xff, 0xff, 0xff, 0xff, 0xff,
  0xff, 0xff, 0xff, 0xff, 0xff, 0xff, 0xff, 0xff, 0xff, 0xff, 0xff, 0xff, 0xff, 0xff, 0xff, 0xff,
  0xff, 0xff, 0xff, 0xff, 0xff, 0xff, 0xff, 0xff, 0xff, 0xff, 0xff, 0xff, 0xff, 0xff, 0xff, 0xff,
  0xff, 0xff, 0xff, 0xff, 0xff, 0xff, 0xff, 0xff, 0xff, 0xff, 0xff, 0xff, 0xff, 0xff, 0xff, 0xff,
  0xff, 0xff, 0xff, 0xff, 0xff, 0xff, 0xff, 0xff, 0xff, 0xff, 0xff, 0xff, 0xff, 0xff, 0xff, 0xff,
  0xff, 0xff, 0xff, 0xff, 0xff, 0xff, 0xff, 0xff, 0xff, 0xff, 0xff, 0xff, 0xff, 0xff, 0xff, 0xff,
  0xff, 0xff, 0xff, 0xff, 0xff, 0xff, 0xff, 0xff, 0xff, 0xff, 0xff, 0xff, 0xff, 0xff, 0xff, 0xff,
  0xff, 0xff, 0xff, 0xff, 0xff, 0xff, 0xff, 0xff, 0xff, 0xff, 0xff, 0xff, 0xff, 0xff, 0xff, 0xff,
  0xff, 0xff, 0xff, 0xff, 0xff, 0xff, 0xff, 0xff, 0xff, 0xff, 0xff, 0xff, 0xff, 0xff, 0xff, 0xff,
  0xff, 0xff, 0xff, 0xff, 0xff, 0xff, 0xff, 0xff, 0xff, 0xff, 0xff, 0xff, 0xff, 0xff, 0xff, 0xff,
  0xff, 0xff, 0xff, 0xff, 0xff, 0xff, 0xff, 0xff, 0xff, 0xff, 0xff, 0xff, 0xff, 0xff, 0xff, 0xff,
  0xff, 0xff, 0xff, 0xff, 0xff, 0xff, 0xff, 0xff, 0xff, 0xff, 0xff, 0xff, 0xff, 0xff, 0xff, 0xff,
  0xff, 0xff, 0xff, 0xff, 0xff, 0xff, 0xff, 0xff, 0xff, 0xff, 0xff, 0xff, 0xff, 0xff, 0xff, 0xff,
  0xff, 0xff, 0xff, 0xff, 0xff, 0xff, 0xff, 0xff, 0xff, 0xff, 0xff, 0xff, 0xff, 0xff, 0xff, 0xff,
  0xff, 0xff, 0xff, 0xff, 0xff, 0xff, 0xff, 0xff, 0xff, 0xff, 0xff, 0xff, 0xff, 0xff, 0xff, 0xff,
  0xff, 0xff, 0xff, 0xff, 0xff, 0xff, 0xff, 0xff, 0xff, 0xff, 0xff, 0xff, 0xff, 0xff, 0xff, 0xff,
  0xff, 0xff, 0xff, 0xff, 0xff, 0xff, 0xff, 0xff, 0xff, 0xff, 0xff, 0xff, 0xff, 0xff, 0xff, 0xff,
  0xff, 0xff, 0xff, 0xff, 0xff, 0xff, 0xff, 0xff, 0xff, 0xff, 0xff, 0xff, 0xff, 0xff, 0xff, 0xff,
  0xff, 0xff, 0xff, 0xff, 0xff, 0xff, 0xff, 0xff, 0xff, 0xff, 0xff, 0xff, 0xff, 0xff, 0xff, 0xff,
  0xff, 0xff, 0xff, 0xff, 0xff, 0xff, 0xff, 0xff, 0xff, 0xff, 0xff, 0xff, 0xff, 0xff, 0xff, 0xff,
  0xff, 0xff, 0xff, 0xff, 0xff, 0xff, 0xff, 0xff, 0xff, 0xff, 0xff, 0xff, 0xff, 0xff, 0xff, 0xff,
  0xff, 0xff, 0xff, 0xff, 0xff, 0xff, 0xff, 0xff, 0xff, 0xff, 0xff, 0xff, 0xff, 0xff, 0xff, 0xff,
  0xff, 0xff, 0xff, 0xff, 0xff, 0xff, 0xff, 0xff, 0xff, 0xff, 0xff, 0xff, 0xff, 0xff, 0xff, 0xff,
  0xff, 0xff, 0xff, 0xff, 0xff, 0xff, 0xff, 0xff, 0xff, 0xff, 0xff, 0xff, 0xff, 0xff, 0xff, 0xff,
  0xff, 0xff, 0xff, 0xff, 0xff, 0xff, 0xff, 0xff, 0xff, 0xff, 0xff, 0xff, 0xff, 0xff, 0xff, 0xff,
  0xff, 0xff, 0xff, 0xff, 0xff, 0xff, 0xff, 0xff, 0xff, 0xff, 0xff, 0xff, 0xff, 0xff, 0xff, 0xff,
  0xff, 0xff, 0xff, 0xff, 0xff, 0xff, 0xff, 0xff, 0xff, 0xff, 0xff, 0xff, 0xff, 0xff, 0xff, 0xff,
  0xff, 0xff, 0xff, 0xff, 0xff, 0xff, 0xff, 0xff, 0xff, 0xff, 0xff, 0xff, 0xff, 0xff, 0xff, 0xff,
  0xff, 0xff, 0xff, 0xff, 0xff, 0xff, 0xff, 0xff, 0xff, 0xff, 0xff, 0xff, 0xff, 0xff, 0xff, 0xff,
  0xff, 0xff, 0xff, 0xff, 0xff, 0xff, 0xff, 0xff, 0xff, 0xff, 0xff, 0xff, 0xff, 0xff, 0xff, 0xff,
  0xff, 0xff, 0xff, 0xff, 0xff, 0xff, 0xff, 0xff, 0xff, 0xff, 0xff, 0xff, 0xff, 0xff, 0xff, 0xff,
  0xff, 0xff, 0xff, 0xff, 0xff, 0xff, 0xff, 0xff, 0xff, 0xff, 0xff, 0xff, 0xff, 0xff, 0xff, 0xff,
  0xff, 0xff, 0xff, 0xff, 0xff, 0xff, 0xff, 0xff, 0xff, 0xff, 0xff, 0xff, 0xff, 0xff, 0xff, 0xff,
  0xff, 0xff, 0xff, 0xff, 0xff, 0xff, 0xff, 0xff, 0xff, 0xff, 0xff, 0xff, 0xff, 0xff, 0xff, 0xff,
  0xff, 0xff, 0xff, 0xff, 0xff, 0xff, 0xff, 0xff, 0xff, 0xff, 0xff, 0xff, 0xff, 0xff, 0xff, 0xff,
  0xff, 0xff, 0xff, 0xff, 0xff, 0xff, 0xff, 0xff, 0xff, 0xff, 0xff, 0xff, 0xff, 0xff, 0xff, 0xff,
  0xff, 0xff, 0xff, 0xff, 0xff, 0xff, 0xff, 0xff, 0xff, 0xff, 0xff, 0xff, 0xff, 0xff, 0xff, 0xff,
  0xff, 0xff, 0xff, 0xff, 0xff, 0xff, 0xff, 0xff, 0xff, 0xff, 0xff, 0xff, 0xff, 0xff, 0xff, 0xff,
  0xff, 0xff, 0xff, 0xff, 0xff, 0xff, 0xff, 0xff, 0xff, 0xff, 0xff, 0xff, 0xff, 0xff, 0xff, 0xff,
  0xff, 0xff, 0xff, 0xff, 0xff, 0xff, 0xff, 0xff, 0xff, 0xff, 0xff, 0xff, 0xff, 0xff, 0xff, 0xff,
  0xff, 0xff, 0xff, 0xff, 0xff, 0xff, 0xff, 0xff, 0xff, 0xff, 0xff, 0xff, 0xff, 0xff, 0xff, 0xff,
  0xff, 0xff, 0xff, 0xff, 0xff, 0xff, 0xff, 0xff, 0xff, 0xff, 0xff, 0xff, 0xff, 0xff, 0xff, 0xff,
  0xff, 0xff, 0xff, 0xff, 0xff, 0xff, 0xff, 0xff, 0xff, 0xff, 0xff, 0xff, 0xff, 0xff, 0xff, 0xff,
  0xff, 0xff, 0xff, 0xff, 0xff, 0xff, 0xff, 0xff, 0xff, 0xff, 0xff, 0xff, 0xff, 0xff, 0xff, 0xff,
  0xff, 0xff, 0xff, 0xff, 0xff, 0xff, 0xff, 0xff, 0xff, 0xff, 0xff, 0xff, 0xff, 0xff, 0xff, 0xff,
  0xff, 0xff, 0xff, 0xff, 0xff, 0xff, 0xff, 0xff, 0xff, 0xff, 0xff, 0xff, 0xff, 0xff, 0xff, 0xff,
  0xff, 0xff, 0xff, 0xff, 0xff, 0xff, 0xff, 0xff, 0xff, 0xff, 0xff, 0xff, 0xff, 0xff, 0xff, 0xff,
  0xff, 0xff, 0xff, 0xff, 0xff, 0xff, 0xff, 0xff, 0xff, 0xff, 0xff, 0xff, 0xff, 0xff, 0xff, 0xff,
  0xff, 0xff, 0xff, 0xff, 0xff, 0xff, 0xff, 0xff, 0xff, 0xff, 0xff, 0xff, 0xff, 0xff, 0xff, 0xff,
  0xff, 0xff, 0xff, 0xff, 0xff, 0xff, 0xff, 0xff, 0xff, 0xff, 0xff, 0xff, 0xff, 0xff, 0xff, 0xff,
  0xff, 0xff, 0xff, 0xff, 0xff, 0xff, 0xff, 0xff, 0xff, 0xff, 0xff, 0xff, 0xff, 0xff, 0xff, 0xff,
  0xff, 0xff, 0xff, 0xff, 0xff, 0xff, 0xff, 0xff, 0xff, 0xff, 0xff, 0xff, 0xff, 0xff, 0xff, 0xff,
  0xff, 0xff, 0xff, 0xff, 0xff, 0xff, 0xff, 0xff, 0xff, 0xff, 0xff, 0xff, 0xff, 0xff, 0xff, 0xff,
  0xff, 0xff, 0xff, 0xff, 0xff, 0xff, 0xff, 0xff, 0xff, 0xff, 0xff, 0xff, 0xff, 0xff, 0xff, 0xff,
  0xff, 0xff, 0xff, 0xff, 0xff, 0xff, 0xff, 0xff, 0xff, 0xff, 0xff, 0xff, 0xff, 0xff, 0xff, 0xff,
  0xff, 0xff, 0xff, 0xff, 0xff, 0xff, 0xff, 0xff, 0xff, 0xff, 0xff, 0xff, 0xff, 0xff, 0xff, 0xff,
  0xff, 0xff, 0xff, 0xff, 0xff, 0xff, 0xff, 0xff, 0xff, 0xff, 0xff, 0xff, 0xff, 0xff, 0xff, 0xff,
  0xff, 0xff, 0xff, 0xff, 0xff, 0xff, 0xff, 0xff, 0xff, 0xff, 0xff, 0xff, 0xff, 0xff, 0xff, 0xff,
  0xff, 0xff, 0xff, 0xff, 0xff, 0xff, 0xff, 0xff, 0xff, 0xff, 0xff, 0xff, 0xff, 0xff, 0xff, 0xff,
  0xff, 0xff, 0xff, 0xff, 0xff, 0xff, 0xff, 0xff, 0xff, 0xff, 0xff, 0xff, 0xff, 0xff, 0xff, 0xff,
  0xff, 0xff, 0xff, 0xff, 0xff, 0xff, 0xff, 0xff, 0xff, 0xff, 0xff, 0xff, 0xff, 0xff, 0xff, 0xff,
  0xff, 0xff, 0xff, 0xff, 0xff, 0xff, 0xff, 0xff, 0xff, 0xff, 0xff, 0xff, 0xff, 0xff, 0xff, 0xff,
  0xff, 0xff, 0xff, 0xff, 0xff, 0xff, 0xff, 0xff, 0xff, 0xff, 0xff, 0xff, 0xff, 0xff, 0xff, 0xff,
  0xff, 0xff, 0xff, 0xff, 0xff, 0xff, 0xff, 0xff, 0xff, 0xff, 0xff, 0xff, 0xff, 0xff, 0xff, 0xff,
  0xff, 0xff, 0xff, 0xff, 0xff, 0xff, 0xff, 0xff, 0xff, 0xff, 0xff, 0xff, 0xff, 0xff, 0xff, 0xff,
  0xff, 0xff, 0xff, 0xff, 0xff, 0xff, 0xff, 0xff, 0xff, 0xff, 0xff, 0xff, 0xff, 0xff, 0xff, 0xff,
  0xff, 0xff, 0xff, 0xff, 0xff, 0xff, 0xff, 0xff, 0xff, 0xff, 0xff, 0xff, 0xff, 0xff, 0xff, 0xff,
  0xff, 0xff, 0xff, 0xff, 0xff, 0xff, 0xff, 0xff, 0xff, 0xff, 0xff, 0xff, 0xff, 0xff, 0xff, 0xff,
  0xff, 0xff, 0xff, 0xff, 0xff, 0xff, 0xff, 0xff, 0xff, 0xff, 0xff, 0xff, 0xff, 0xff, 0xff, 0xff,
  0xff, 0xff, 0xff, 0xff, 0xff, 0xff, 0xff, 0xff, 0xff, 0xff, 0xff, 0xff, 0xff, 0xff, 0xff, 0xff,
  0xff, 0xff, 0xff, 0xff, 0xff, 0xff, 0xff, 0xff, 0xff, 0xff, 0xff, 0xff, 0xff, 0xff, 0xff, 0xff,
  0xff, 0xff, 0xff, 0xff, 0xff, 0xff, 0xff, 0xff, 0xff, 0xff, 0xff, 0xff, 0xff, 0xff, 0xff, 0xff,
  0xff, 0xff, 0xff, 0xff, 0xff, 0xff, 0xff, 0xff, 0xff, 0xff, 0xff, 0xff, 0xff, 0xff, 0xff, 0xff,
  0xff, 0xff, 0xff, 0xff, 0xff, 0xff, 0xff, 0xff, 0xff, 0xff, 0xff, 0xff, 0xff, 0xff, 0xff, 0xff,
  0xff, 0xff, 0xff, 0xff, 0xff, 0xff, 0xff, 0xff, 0xff, 0xff, 0xff, 0xff, 0xff, 0xff, 0xff, 0xff,
  0xff, 0xff, 0xff, 0xff, 0xff, 0xff, 0xff, 0xff, 0xff, 0xff, 0xff, 0xff, 0xff, 0xff, 0xff, 0xff,
  0xff, 0xff, 0xff, 0xff, 0xff, 0xff, 0xff, 0xff, 0xff, 0xff, 0xff, 0xff, 0xff, 0xff, 0xff, 0xff,
  0xff, 0xff, 0xff, 0xff, 0xff, 0xff, 0xff, 0xff, 0xff, 0xff, 0xff, 0xff, 0xff, 0xff, 0xff, 0xff,
  0xff, 0xff, 0xff, 0xff, 0xff, 0xff, 0xff, 0xff, 0xff, 0xff, 0xff, 0xff, 0xff, 0xff, 0xff, 0xff,
  0xff, 0xff, 0xff, 0xff, 0xff, 0xff, 0xff, 0xff, 0xff, 0xff, 0xff, 0xff, 0xff, 0xff, 0xff, 0xff,
  0xff, 0xff, 0xff, 0xff, 0xff, 0xff, 0xff, 0xff, 0xff, 0xff, 0xff, 0xff, 0xff, 0xff, 0xff, 0xff,
  0xff, 0xff, 0xff, 0xff, 0xff, 0xff, 0xff, 0xff, 0xff, 0xff, 0xff, 0xff, 0xff, 0xff, 0xff, 0xff,
  0xff, 0xff, 0xff, 0xff, 0xff, 0xff, 0xff, 0xff, 0xff, 0xff, 0xff, 0xff, 0xff, 0xff, 0xff, 0xff,
  0xff, 0xff, 0xff, 0xff, 0xff, 0xff, 0xff, 0xff, 0xff, 0xff, 0xff, 0xff, 0xff, 0xff, 0xff, 0xff,
  0xff, 0xff, 0xff, 0xff, 0xff, 0xff, 0xff, 0xff, 0xff, 0xff, 0xff, 0xff, 0xff, 0xff, 0xff, 0xff,
  0xff, 0xff, 0xff, 0xff, 0xff, 0xff, 0xff, 0xff, 0xff, 0xff, 0xff, 0xff, 0xff, 0xff, 0xff, 0xff,
  0xff, 0xff, 0xff, 0xff, 0xff, 0xff, 0xff, 0xff, 0xff, 0xff, 0xff, 0xff, 0xff, 0xff, 0xff, 0xff,
  0xff, 0xff, 0xff, 0xff, 0xff, 0xff, 0xff, 0xff, 0xff, 0xff, 0xff, 0xff, 0xff, 0xff, 0xff, 0xff,
  0xff, 0xff, 0xff, 0xff, 0xff, 0xff, 0xff, 0xff, 0xff, 0xff, 0xff, 0xff, 0xff, 0xff, 0xff, 0xff,
  0xff, 0xff, 0xff, 0xff, 0xff, 0xff, 0xff, 0xff, 0xff, 0xff, 0xff, 0xff, 0xff, 0xff, 0xff, 0xff,
  0xff, 0xff, 0xff, 0xff, 0xff, 0xff, 0xff, 0xff, 0xff, 0xff, 0xff, 0xff, 0xff, 0xff, 0xff, 0xff,
  0xff, 0xff, 0xff, 0xff, 0xff, 0xff, 0xff, 0xff, 0xff, 0xff, 0xff, 0xff, 0xff, 0xff, 0xff, 0xff,
  0xff, 0xff, 0xff, 0xff, 0xff, 0xff, 0xff, 0xff, 0xff, 0xff, 0xff, 0xff, 0xff, 0xff, 0xff, 0xff,
  0xff, 0xff, 0xff, 0xff, 0xff, 0xff, 0xff, 0xff, 0xff, 0xff, 0xff, 0xff, 0xff, 0xff, 0xff, 0xff,
  0xff, 0xff, 0xff, 0xff, 0xff, 0xff, 0xff, 0xff, 0xff, 0xff, 0xff, 0xff, 0xff, 0xff, 0xff, 0xff,
  0xff, 0xff, 0xff, 0xff, 0xff, 0xff, 0xff, 0xff, 0xff, 0xff, 0xff, 0xff, 0xff, 0xff, 0xff, 0xff,
  0xff, 0xff, 0xff, 0xff, 0xff, 0xff, 0xff, 0xff, 0xff, 0xff, 0xff, 0xff, 0xff, 0xff, 0xff, 0xff,
  0xff, 0xff, 0xff, 0xff, 0xff, 0xff, 0xff, 0xff, 0xff, 0xff, 0xff, 0xff, 0xff, 0xff, 0xff, 0xff,
  0xff, 0xff, 0xff, 0xff, 0xff, 0xff, 0xff, 0xff, 0xff, 0xff, 0xff, 0xff, 0xff, 0xff, 0xff, 0xff,
  0xff, 0xff, 0xff, 0xff, 0xff, 0xff, 0xff, 0xff, 0xff, 0xff, 0xff, 0xff, 0xff, 0xff, 0xff, 0xff,
  0xff, 0xff, 0xff, 0xff, 0xff, 0xff, 0xff, 0xff, 0xff, 0xff, 0xff, 0xff, 0xff, 0xff, 0xff, 0xff,
  0xff, 0xff, 0xff, 0xff, 0xff, 0xff, 0xff, 0xff, 0xff, 0xff, 0xff, 0xff, 0xff, 0xff, 0xff, 0xff,
  0xff, 0xff, 0xff, 0xff, 0xff, 0xff, 0xff, 0xff, 0xff, 0xff, 0xff, 0xff, 0xff, 0xff, 0xff, 0xff,
  0xff, 0xff, 0xff, 0xff, 0xff, 0xff, 0xff, 0xff, 0xff, 0xff, 0xff, 0xff, 0xff, 0xff, 0xff, 0xff,
  0xff, 0xff, 0xff, 0xff, 0xff, 0xff, 0xff, 0xff, 0xff, 0xff, 0xff, 0xff, 0xff, 0xff, 0xff, 0xff,
  0xff, 0xff, 0xff, 0xff, 0xff, 0xff, 0xff, 0xff, 0xff, 0xff, 0xff, 0xff, 0xff, 0xff, 0xff, 0xff,
  0xff, 0xff, 0xff, 0xff, 0xff, 0xff, 0xff, 0xff, 0xff, 0xff, 0xff, 0xff, 0xff, 0xff, 0xff, 0xff,
  0xff, 0xff, 0xff, 0xff, 0xff, 0xff, 0xff, 0xff, 0xff, 0xff, 0xff, 0xff, 0xff, 0xff, 0xff, 0xff,
  0xff, 0xff, 0xff, 0xff, 0xff, 0xff, 0xff, 0xff, 0xff, 0xff, 0xff, 0xff, 0xff, 0xff, 0xff, 0xff,
  0xff, 0xff, 0xff, 0xff, 0xff, 0xff, 0xff, 0xff, 0xff, 0xff, 0xff, 0xff, 0xff, 0xff, 0xff, 0xff,
  0xff, 0xff, 0xff, 0xff, 0xff, 0xff, 0xff, 0xff, 0xff, 0xff, 0xff, 0xff, 0xff, 0xff, 0xff, 0xff,
  0xff, 0xff, 0xff, 0xff, 0xff, 0xff, 0xff, 0xff, 0xff, 0xff, 0xff, 0xff, 0xff, 0xff, 0xff, 0xff,
  0xff, 0xff, 0xff, 0xff, 0xff, 0xff, 0xff, 0xff, 0xff, 0xff, 0xff, 0xff, 0xff, 0xff, 0xff, 0xff,
  0xff, 0xff, 0xff, 0xff, 0xff, 0xff, 0xff, 0xff, 0xff, 0xff, 0xff, 0xff, 0xff, 0xff, 0xff, 0xff,
  0xff, 0xff, 0xff, 0xff, 0xff, 0xff, 0xff, 0xff, 0xff, 0xff, 0xff, 0xff, 0xff, 0xff, 0xff, 0xff,
  0xff, 0xff, 0xff, 0xff, 0xff, 0xff, 0xff, 0xff, 0xff, 0xff, 0xff, 0xff, 0xff, 0xff, 0xff, 0xff,
  0xff, 0xff, 0xff, 0xff, 0xff, 0xff, 0xff, 0xff, 0xff, 0xff, 0xff, 0xff, 0xff, 0xff, 0xff, 0xff,
  0xff, 0xff, 0xff, 0xff, 0xff, 0xff, 0xff, 0xff, 0xff, 0xff, 0xff, 0xff, 0xff, 0xff, 0xff, 0xff,
  0xff, 0xff, 0xff, 0xff, 0xff, 0xff, 0xff, 0xff, 0xff, 0xff, 0xff, 0xff, 0xff, 0xff, 0xff, 0xff,
  0xff, 0xff, 0xff, 0xff, 0xff, 0xff, 0xff, 0xff, 0xff, 0xff, 0xff, 0xff, 0xff, 0xff, 0xff, 0xff,
  0xff, 0xff, 0xff, 0xff, 0xff, 0xff, 0xff, 0xff, 0xff, 0xff, 0xff, 0xff, 0xff, 0xff, 0xff, 0xff,
  0xff, 0xff, 0xff, 0xff, 0xff, 0xff, 0xff, 0xff, 0xff, 0xff, 0xff, 0xff, 0xff, 0xff, 0xff, 0xff,
  0xff, 0xff, 0xff, 0xff, 0xff, 0xff, 0xff, 0xff, 0xff, 0xff, 0xff, 0xff, 0xff, 0xff, 0xff, 0xff,
  0xff, 0xff, 0xff, 0xff, 0xff, 0xff, 0xff, 0xff, 0xff, 0xff, 0xff, 0xff, 0xff, 0xff, 0xff, 0xff,
  0xff, 0xff, 0xff, 0xff, 0xff, 0xff, 0xff, 0xff, 0xff, 0xff, 0xff, 0xff, 0xff, 0xff, 0xff, 0xff,
  0xff, 0xff, 0xff, 0xff, 0xff, 0xff, 0xff, 0xff, 0xff, 0xff, 0xff, 0xff, 0xff, 0xff, 0xff, 0xff,
  0xff, 0xff, 0xff, 0xff, 0xff, 0xff, 0xff, 0xff, 0xff, 0xff, 0xff, 0xff, 0xff, 0xff, 0xff, 0xff,
  0xff, 0xff, 0xff, 0xff, 0xff, 0xff, 0xff, 0xff, 0xff, 0xff, 0xff, 0xff, 0xff, 0xff, 0xff, 0xff,
  0xff, 0xff, 0xff, 0xff, 0xff, 0xff, 0xff, 0xff, 0xff, 0xff, 0xff, 0xff, 0xff, 0xff, 0xff, 0xff,
  0xff, 0xff, 0xff, 0xff, 0xff, 0xff, 0xff, 0xff, 0xff, 0xff, 0xff, 0xff, 0xff, 0xff, 0xff, 0xff,
  0xff, 0xff, 0xff, 0xff, 0xff, 0xff, 0xff, 0xff, 0xff, 0xff, 0xff, 0xff, 0xff, 0xff, 0xff, 0xff,
  0xff, 0xff, 0xff, 0xff, 0xff, 0xff, 0xff, 0xff, 0xff, 0xff, 0xff, 0xff, 0xff, 0xff, 0xff, 0xff,
  0xff, 0xff, 0xff, 0xff, 0xff, 0xff, 0xff, 0xff, 0xff, 0xff, 0xff, 0xff, 0xff, 0xff, 0xff, 0xff,
  0xff, 0xff, 0xff, 0xff, 0xff, 0xff, 0xff, 0xff, 0xff, 0xff, 0xff, 0xff, 0xff, 0xff, 0xff, 0xff,
  0xff, 0xff, 0xff, 0xff, 0xff, 0xff, 0xff, 0xff, 0xff, 0xff, 0xff, 0xff, 0xff, 0xff, 0xff, 0xff,
  0xff, 0xff, 0xff, 0xff, 0xff, 0xff, 0xff, 0xff, 0xff, 0xff, 0xff, 0xff, 0xff, 0xff, 0xff, 0xff,
  0xff, 0xff, 0xff, 0xff, 0xff, 0xff, 0xff, 0xff, 0xff, 0xff, 0xff, 0xff, 0xff, 0xff, 0xff, 0xff,
  0xff, 0xff, 0xff, 0xff, 0xff, 0xff, 0xff, 0xff, 0xff, 0xff, 0xff, 0xff, 0xff, 0xff, 0xff, 0xff,
  0xff, 0xff, 0xff, 0xff, 0xff, 0xff, 0xff, 0xff, 0xff, 0xff, 0xff, 0xff, 0xff, 0xff, 0xff, 0xff,
  0xff, 0xff, 0xff, 0xff, 0xff, 0xff, 0xff, 0xff, 0xff, 0xff, 0xff, 0xff, 0xff, 0xff, 0xff, 0xff,
  0xff, 0xff, 0xff, 0xff, 0xff, 0xff, 0xff, 0xff, 0xff, 0xff, 0xff, 0xff, 0xff, 0xff, 0xff, 0xff,
  0xff, 0xff, 0xff, 0xff, 0xff, 0xff, 0xff, 0xff, 0xff, 0xff, 0xff, 0xff, 0xff, 0xff, 0xff, 0xff,
  0xff, 0xff, 0xff, 0xff, 0xff, 0xff, 0xff, 0xff, 0xff, 0xff, 0xff, 0xff, 0xff, 0xff, 0xff, 0xff,
  0xff, 0xff, 0xff, 0xff, 0xff, 0xff, 0xff, 0xff, 0xff, 0xff, 0xff, 0xff, 0xff, 0xff, 0xff, 0xff,
  0xff, 0xff, 0xff, 0xff, 0xff, 0xff, 0xff, 0xff, 0xff, 0xff, 0xff, 0xff, 0xff, 0xff, 0xff, 0xff,
  0xff, 0xff, 0xff, 0xff, 0xff, 0xff, 0xff, 0xff, 0xff, 0xff, 0xff, 0xff, 0xff, 0xff, 0xff, 0xff,
  0xff, 0xff, 0xff, 0xff, 0xff, 0xff, 0xff, 0xff, 0xff, 0xff, 0xff, 0xff, 0xff, 0xff, 0xff, 0xff,
  0xff, 0xff, 0xff, 0xff, 0xff, 0xff, 0xff, 0xff, 0xff, 0xff, 0xff, 0xff, 0xff, 0xff, 0xff, 0xff,
  0xff, 0xff, 0xff, 0xff, 0xff, 0xff, 0xff, 0xff, 0xff, 0xff, 0xff, 0xff, 0xff, 0xff, 0xff, 0xff,
  0xff, 0xff, 0xff, 0xff, 0xff, 0xff, 0xff, 0xff, 0xff, 0xff, 0xff, 0xff, 0xff, 0xff, 0xff, 0xff,
  0xff, 0xff, 0xff, 0xff, 0xff, 0xff, 0xff, 0xff, 0xff, 0xff, 0xff, 0xff, 0xff, 0xff, 0xff, 0xff,
  0xff, 0xff, 0xff, 0xff, 0xff, 0xff, 0xff, 0xff, 0xff, 0xff, 0xff, 0xff, 0xff, 0xff, 0xff, 0xff,
  0xff, 0xff, 0xff, 0xff, 0xff, 0xff, 0xff, 0xff, 0xff, 0xff, 0xff, 0xff, 0xff, 0xff, 0xff, 0xff,
  0xff, 0xff, 0xff, 0xff, 0xff, 0xff, 0xff, 0xff, 0xff, 0xff, 0xff, 0xff, 0xff, 0xff, 0xff, 0xff,
  0xff, 0xff, 0xff, 0xff, 0xff, 0xff, 0xff, 0xff, 0xff, 0xff, 0xff, 0xff, 0xff, 0xff, 0xff, 0xff,
  0xff, 0xff, 0xff, 0xff, 0xff, 0xff, 0xff, 0xff, 0xff, 0xff, 0xff, 0xff, 0xff, 0xff, 0xff, 0xff,
  0xff, 0xff, 0xff, 0xff, 0xff, 0xff, 0xff, 0xff, 0xff, 0xff, 0xff, 0xff, 0xff, 0xff, 0xff, 0xff,
  0xff, 0xff, 0xff, 0xff, 0xff, 0xff, 0xff, 0xff, 0xff, 0xff, 0xff, 0xff, 0xff, 0xff, 0xff, 0xff,
  0xff, 0xff, 0xff, 0xff, 0xff, 0xff, 0xff, 0xff, 0xff, 0xff, 0xff, 0xff, 0xff, 0xff, 0xff, 0xff,
  0xff, 0xff, 0xff, 0xff, 0xff, 0xff, 0xff, 0xff, 0xff, 0xff, 0xff, 0xff, 0xff, 0xff, 0xff, 0xff,
  0xff, 0xff, 0xff, 0xff, 0xff, 0xff, 0xff, 0xff, 0xff, 0xff, 0xff, 0xff, 0xff, 0xff, 0xff, 0xff,
  0xff, 0xff, 0xff, 0xff, 0xff, 0xff, 0xff, 0xff, 0xff, 0xff, 0xff, 0xff, 0xff, 0xff, 0xff, 0xff,
  0xff, 0xff, 0xff, 0xff, 0xff, 0xff, 0xff, 0xff, 0xff, 0xff, 0xff, 0xff, 0xff, 0xff, 0xff, 0xff,
  0xff, 0xff, 0xff, 0xff, 0xff, 0xff, 0xff, 0xff, 0xff, 0xff, 0xff, 0xff, 0xff, 0xff, 0xff, 0xff,
  0xff, 0xff, 0xff, 0xff, 0xff, 0xff, 0xff, 0xff, 0xff, 0xff, 0xff, 0xff, 0xff, 0xff, 0xff, 0xff,
  0xff, 0xff, 0xff, 0xff, 0xff, 0xff, 0xff, 0xff, 0xff, 0xff, 0xff, 0xff, 0xff, 0xff, 0xff, 0xff,
  0xff, 0xff, 0xff, 0xff, 0xff, 0xff, 0xff, 0xff, 0xff, 0xff, 0xff, 0xff, 0xff, 0xff, 0xff, 0xff,
  0xff, 0xff, 0xff, 0xff, 0xff, 0xff, 0xff, 0xff, 0xff, 0xff, 0xff, 0xff, 0xff, 0xff, 0xff, 0xff,
  0xff, 0xff, 0xff, 0xff, 0xff, 0xff, 0xff, 0xff, 0xff, 0xff, 0xff, 0xff, 0xff, 0xff, 0xff, 0xff,
  0xff, 0xff, 0xff, 0xff, 0xff, 0xff, 0xff, 0xff, 0xff, 0xff, 0xff, 0xff, 0xff, 0xff, 0xff, 0xff,
  0xff, 0xff, 0xff, 0xff, 0xff, 0xff, 0xff, 0xff, 0xff, 0xff, 0xff, 0xff, 0xff, 0xff, 0xff, 0xff,
  0xff, 0xff, 0xff, 0xff, 0xff, 0xff, 0xff, 0xff, 0xff, 0xff, 0xff, 0xff, 0xff, 0xff, 0xff, 0xff,
  0xff, 0xff, 0xff, 0xff, 0xff, 0xff, 0xff, 0xff, 0xff, 0xff, 0xff, 0xff, 0xff, 0xff, 0xff, 0xff,
  0xff, 0xff, 0xff, 0xff, 0xff, 0xff, 0xff, 0xff, 0xff, 0xff, 0xff, 0xff, 0xff, 0xff, 0xff, 0xff,
  0xff, 0xff, 0xff, 0xff, 0xff, 0xff, 0xff, 0xff, 0xff, 0xff, 0xff, 0xff, 0xff, 0xff, 0xff, 0xff,
  0xff, 0xff, 0xff, 0xff, 0xff, 0xff, 0xff, 0xff, 0xff, 0xff, 0xff, 0xff, 0xff, 0xff, 0xff, 0xff,
  0xff, 0xff, 0xff, 0xff, 0xff, 0xff, 0xff, 0xff, 0xff, 0xff, 0xff, 0xff, 0xff, 0xff, 0xff, 0xff,
  0xff, 0xff, 0xff, 0xff, 0xff, 0xff, 0xff, 0xff, 0xff, 0xff, 0xff, 0xff, 0xff, 0xff, 0xff, 0xff,
  0xff, 0xff, 0xff, 0xff, 0xff, 0xff, 0xff, 0xff, 0xff, 0xff, 0xff, 0xff, 0xff, 0xff, 0xff, 0xff,
  0xff, 0xff, 0xff, 0xff, 0xff, 0xff, 0xff, 0xff, 0xff, 0xff, 0xff, 0xff, 0xff, 0xff, 0xff, 0xff,
  0xff, 0xff, 0xff, 0xff, 0xff, 0xff, 0xff, 0xff, 0xff, 0xff, 0xff, 0xff, 0xff, 0xff, 0xff, 0xff,
  0xff, 0xff, 0xff, 0xff, 0xff, 0xff, 0xff, 0xff, 0xff, 0xff, 0xff, 0xff, 0xff, 0xff, 0xff, 0xff,
  0xff, 0xff, 0xff, 0xff, 0xff, 0xff, 0xff, 0xff, 0xff, 0xff, 0xff, 0xff, 0xff, 0xff, 0xff, 0xff,
  0xff, 0xff, 0xff, 0xff, 0xff, 0xff, 0xff, 0xff, 0xff, 0xff, 0xff, 0xff, 0xff, 0xff, 0xff, 0xff,
  0xff, 0xff, 0xff, 0xff, 0xff, 0xff, 0xff, 0xff, 0xff, 0xff, 0xff, 0xff, 0xff, 0xff, 0xff, 0xff,
  0xff, 0xff, 0xff, 0xff, 0xff, 0xff, 0xff, 0xff, 0xff, 0xff, 0xff, 0xff, 0xff, 0xff, 0xff, 0xff,
  0xff, 0xff, 0xff, 0xff, 0xff, 0xff, 0xff, 0xff, 0xff, 0xff, 0xff, 0xff, 0xff, 0xff, 0xff, 0xff,
  0xff, 0xff, 0xff, 0xff, 0xff, 0xff, 0xff, 0xff, 0xff, 0xff, 0xff, 0xff, 0xff, 0xff, 0xff, 0xff,
  0xff, 0xff, 0xff, 0xff, 0xff, 0xff, 0xff, 0xff, 0xff, 0xff, 0xff, 0xff, 0xff, 0xff, 0xff, 0xff,
  0xff, 0xff, 0xff, 0xff, 0xff, 0xff, 0xff, 0xff, 0xff, 0xff, 0xff, 0xff, 0xff, 0xff, 0xff, 0xff,
  0xff, 0xff, 0xff, 0xff, 0xff, 0xff, 0xff, 0xff, 0xff, 0xff, 0xff, 0xff, 0xff, 0xff, 0xff, 0xff,
  0xff, 0xff, 0xff, 0xff, 0xff, 0xff, 0xff, 0xff, 0xff, 0xff, 0xff, 0xff, 0xff, 0xff, 0xff, 0xff,
  0xff, 0xff, 0xff, 0xff, 0xff, 0xff, 0xff, 0xff, 0xff, 0xff, 0xff, 0xff, 0xff, 0xff, 0xff, 0xff,
  0xff, 0xff, 0xff, 0xff, 0xff, 0xff, 0xff, 0xff, 0xff, 0xff, 0xff, 0xff, 0xff, 0xff, 0xff, 0xff,
  0xff, 0xff, 0xff, 0xff, 0xff, 0xff, 0xff, 0xff, 0xff, 0xff, 0xff, 0xff, 0xff, 0xff, 0xff, 0xff,
  0xff, 0xff, 0xff, 0xff, 0xff, 0xff, 0xff, 0xff, 0xff, 0xff, 0xff, 0xff, 0xff, 0xff, 0xff, 0xff,
  0xff, 0xff, 0xff, 0xff, 0xff, 0xff, 0xff, 0xff, 0xff, 0xff, 0xff, 0xff, 0xff, 0xff, 0xff, 0xff,
  0xff, 0xff, 0xff, 0xff, 0xff, 0xff, 0xff, 0xff, 0xff, 0xff, 0xff, 0xff, 0xff, 0xff, 0xff, 0xff,
  0xff, 0xff, 0xff, 0xff, 0xff, 0xff, 0xff, 0xff, 0xff, 0xff, 0xff, 0xff, 0xff, 0xff, 0xff, 0xff,
  0xff, 0xff, 0xff, 0xff, 0xff, 0xff, 0xff, 0xff, 0xff, 0xff, 0xff, 0xff, 0xff, 0xff, 0xff, 0xff,
  0xff, 0xff, 0xff, 0xff, 0xff, 0xff, 0xff, 0xff, 0xff, 0xff, 0xff, 0xff, 0xff, 0xff, 0xff, 0xff,
  0xff, 0xff, 0xff, 0xff, 0xff, 0xff, 0xff, 0xff, 0xff, 0xff, 0xff, 0xff, 0xff, 0xff, 0xff, 0xff,
  0xff, 0xff, 0xff, 0xff, 0xff, 0xff, 0xff, 0xff, 0xff, 0xff, 0xff, 0xff, 0xff, 0xff, 0xff, 0xff,
  0xff, 0xff, 0xff, 0xff, 0xff, 0xff, 0xff, 0xff, 0xff, 0xff, 0xff, 0xff, 0xff, 0xff, 0xff, 0xff,
  0xff, 0xff, 0xff, 0xff, 0xff, 0xff, 0xff, 0xff, 0xff, 0xff, 0xff, 0xff, 0xff, 0xff, 0xff, 0xff,
  0xff, 0xff, 0xff, 0xff, 0xff, 0xff, 0xff, 0xff, 0xff, 0xff, 0xff, 0xff, 0xff, 0xff, 0xff, 0xff,
  0xff, 0xff, 0xff, 0xff, 0xff, 0xff, 0xff, 0xff, 0xff, 0xff, 0xff, 0xff, 0xff, 0xff, 0xff, 0xff,
  0xff, 0xff, 0xff, 0xff, 0xff, 0xff, 0xff, 0xff, 0xff, 0xff, 0xff, 0xff, 0xff, 0xff, 0xff, 0xff,
  0xff, 0xff, 0xff, 0xff, 0xff, 0xff, 0xff, 0xff, 0xff, 0xff, 0xff, 0xff, 0xff, 0xff, 0xff, 0xff,
  0xff, 0xff, 0xff, 0xff, 0xff, 0xff, 0xff, 0xff, 0xff, 0xff, 0xff, 0xff, 0xff, 0xff, 0xff, 0xff,
  0xff, 0xff, 0xff, 0xff, 0xff, 0xff, 0xff, 0xff, 0xff, 0xff, 0xff, 0xff, 0xff, 0xff, 0xff, 0xff,
  0xff, 0xff, 0xff, 0xff, 0xff, 0xff, 0xff, 0xff, 0xff, 0xff, 0xff, 0xff, 0xff, 0xff, 0xff, 0xff,
  0xff, 0xff, 0xff, 0xff, 0xff, 0xff, 0xff, 0xff, 0xff, 0xff, 0xff, 0xff, 0xff, 0xff, 0xff, 0xff,
  0xff, 0xff, 0xff, 0xff, 0xff, 0xff, 0xff, 0xff, 0xff, 0xff, 0xff, 0xff, 0xff, 0xff, 0xff, 0xff,
  0xff, 0xff, 0xff, 0xff, 0xff, 0xff, 0xff, 0xff, 0xff, 0xff, 0xff, 0xff, 0xff, 0xff, 0xff, 0xff,
  0xff, 0xff, 0xff, 0xff, 0xff, 0xff, 0xff, 0xff, 0xff, 0xff, 0xff, 0xff, 0xff, 0xff, 0xff, 0xff,
  0xff, 0xff, 0xff, 0xff, 0xff, 0xff, 0xff, 0xff, 0xff, 0xff, 0xff, 0xff, 0xff, 0xff, 0xff, 0xff,
  0xff, 0xff, 0xff, 0xff, 0xff, 0xff, 0xff, 0xff, 0xff, 0xff, 0xff, 0xff, 0xff, 0xff, 0xff, 0xff,
  0xff, 0xff, 0xff, 0xff, 0xff, 0xff, 0xff, 0xff, 0xff, 0xff, 0xff, 0xff, 0xff, 0xff, 0xff, 0xff,
  0xff, 0xff, 0xff, 0xff, 0xff, 0xff, 0xff, 0xff, 0xff, 0xff, 0xff, 0xff, 0xff, 0xff, 0xff, 0xff,
  0xff, 0xff, 0xff, 0xff, 0xff, 0xff, 0xff, 0xff, 0xff, 0xff, 0xff, 0xff, 0xff, 0xff, 0xff, 0xff,
  0xff, 0xff, 0xff, 0xff, 0xff, 0xff, 0xff, 0xff, 0xff, 0xff, 0xff, 0xff, 0xff, 0xff, 0xff, 0xff,
  0xff, 0xff, 0xff, 0xff, 0xff, 0xff, 0xff, 0xff, 0xff, 0xff, 0xff, 0xff, 0xff, 0xff, 0xff, 0xff,
  0xff, 0xff, 0xff, 0xff, 0xff, 0xff, 0xff, 0xff, 0xff, 0xff, 0xff, 0xff, 0xff, 0xff, 0xff, 0xff,
  0xff, 0xff, 0xff, 0xff, 0xff, 0xff, 0xff, 0xff, 0xff, 0xff, 0xff, 0xff, 0xff, 0xff, 0xff, 0xff,
  0xff, 0xff, 0xff, 0xff, 0xff, 0xff, 0xff, 0xff, 0xff, 0xff, 0xff, 0xff, 0xff, 0xff, 0xff, 0xff,
  0xff, 0xff, 0xff, 0xff, 0xff, 0xff, 0xff, 0xff, 0xff, 0xff, 0xff, 0xff, 0xff, 0xff, 0xff, 0xff,
  0xff, 0xff, 0xff, 0xff, 0xff, 0xff, 0xff, 0xff, 0xff, 0xff, 0xff, 0xff, 0xff, 0xff, 0xff, 0xff,
  0xff, 0xff, 0xff, 0xff, 0xff, 0xff, 0xff, 0xff, 0xff, 0xff, 0xff, 0xff, 0xff, 0xff, 0xff, 0xff,
  0xff, 0xff, 0xff, 0xff, 0xff, 0xff, 0xff, 0xff, 0xff, 0xff, 0xff, 0xff, 0xff, 0xff, 0xff, 0xff,
  0xff, 0xff, 0xff, 0xff, 0xff, 0xff, 0xff, 0xff, 0xff, 0xff, 0xff, 0xff, 0xff, 0xff, 0xff, 0xff,
  0xff, 0xff, 0xff, 0xff, 0xff, 0xff, 0xff, 0xff, 0xff, 0xff, 0xff, 0xff, 0xff, 0xff, 0xff, 0xff,
  0xff, 0xff, 0xff, 0xff, 0xff, 0xff, 0xff, 0xff, 0xff, 0xff, 0xff, 0xff, 0xff, 0xff, 0xff, 0xff,
  0xff, 0xff, 0xff, 0xff, 0xff, 0xff, 0xff, 0xff, 0xff, 0xff, 0xff, 0xff, 0xff, 0xff, 0xff, 0xff,
  0xff, 0xff, 0xff, 0xff, 0xff, 0xff, 0xff, 0xff, 0xff, 0xff, 0xff, 0xff, 0xff, 0xff, 0xff, 0xff,
  0xff, 0xff, 0xff, 0xff, 0xff, 0xff, 0xff, 0xff, 0xff, 0xff, 0xff, 0xff, 0xff, 0xff, 0xff, 0xff,
  0xff, 0xff, 0xff, 0xff, 0xff, 0xff, 0xff, 0xff, 0xff, 0xff, 0xff, 0xff, 0xff, 0xff, 0xff, 0xff,
  0xff, 0xff, 0xff, 0xff, 0xff, 0xff, 0xff, 0xff, 0xff, 0xff, 0xff, 0xff, 0xff, 0xff, 0xff, 0xff,
  0xff, 0xff, 0xff, 0xff, 0xff, 0xff, 0xff, 0xff, 0xff, 0xff, 0xff, 0xff, 0xff, 0xff, 0xff, 0xff,
  0xff, 0xff, 0xff, 0xff, 0xff, 0xff, 0xff, 0xff, 0xff, 0xff, 0xff, 0xff, 0xff, 0xff, 0xff, 0xff,
  0xff, 0xff, 0xff, 0xff, 0xff, 0xff, 0xff, 0xff, 0xff, 0xff, 0xff, 0xff, 0xff, 0xff, 0xff, 0xff,
  0xff, 0xff, 0xff, 0xff, 0xff, 0xff, 0xff, 0xff, 0xff, 0xff, 0xff, 0xff, 0xff, 0xff, 0xff, 0xff,
  0xff, 0xff, 0xff, 0xff, 0xff, 0xff, 0xff, 0xff, 0xff, 0xff, 0xff, 0xff, 0xff, 0xff, 0xff, 0xff,
  0xff, 0xff, 0xff, 0xff, 0xff, 0xff, 0xff, 0xff, 0xff, 0xff, 0xff, 0xff, 0xff, 0xff, 0xff, 0xff,
  0xff, 0xff, 0xff, 0xff, 0xff, 0xff, 0xff, 0xff, 0xff, 0xff, 0xff, 0xff, 0xff, 0xff, 0xff, 0xff,
  0xff, 0xff, 0xff, 0xff, 0xff, 0xff, 0xff, 0xff, 0xff, 0xff, 0xff, 0xff, 0xff, 0xff, 0xff, 0xff,
  0xff, 0xff, 0xff, 0xff, 0xff, 0xff, 0xff, 0xff, 0xff, 0xff, 0xff, 0xff, 0xff, 0xff, 0xff, 0xff,
  0xff, 0xff, 0xff, 0xff, 0xff, 0xff, 0xff, 0xff, 0xff, 0xff, 0xff, 0xff, 0xff, 0xff, 0xff, 0xff,
  0xff, 0xff, 0xff, 0xff, 0xff, 0xff, 0xff, 0xff, 0xff, 0xff, 0xff, 0xff, 0xff, 0xff, 0xff, 0xff,
  0xff, 0xff, 0xff, 0xff, 0xff, 0xff, 0xff, 0xff, 0xff, 0xff, 0xff, 0xff, 0xff, 0xff, 0xff, 0xff,
  0xff, 0xff, 0xff, 0xff, 0xff, 0xff, 0xff, 0xff, 0xff, 0xff, 0xff, 0xff, 0xff, 0xff, 0xff, 0xff,
  0xff, 0xff, 0xff, 0xff, 0xff, 0xff, 0xff, 0xff, 0xff, 0xff, 0xff, 0xff, 0xff, 0xff, 0xff, 0xff,
  0xff, 0xff, 0xff, 0xff, 0xff, 0xff, 0xff, 0xff, 0xff, 0xff, 0xff, 0xff, 0xff, 0xff, 0xff, 0xff,
  0xff, 0xff, 0xff, 0xff, 0xff, 0xff, 0xff, 0xff, 0xff, 0xff, 0xff, 0xff, 0xff, 0xff, 0xff, 0xff,
  0xff, 0xff, 0xff, 0xff, 0xff, 0xff, 0xff, 0xff, 0xff, 0xff, 0xff, 0xff, 0xff, 0xff, 0xff, 0xff,
  0xff, 0xff, 0xff, 0xff, 0xff, 0xff, 0xff, 0xff, 0xff, 0xff, 0xff, 0xff, 0xff, 0xff, 0xff, 0xff,
  0xff, 0xff, 0xff, 0xff, 0xff, 0xff, 0xff, 0xff, 0xff, 0xff, 0xff, 0xff, 0xff, 0xff, 0xff, 0xff,
  0xff, 0xff, 0xff, 0xff, 0xff, 0xff, 0xff, 0xff, 0xff, 0xff, 0xff, 0xff, 0xff, 0xff, 0xff, 0xff,
  0xff, 0xff, 0xff, 0xff, 0xff, 0xff, 0xff, 0xff, 0xff, 0xff, 0xff, 0xff, 0xff, 0xff, 0xff, 0xff,
  0xff, 0xff, 0xff, 0xff, 0xff, 0xff, 0xff, 0xff, 0xff, 0xff, 0xff, 0xff, 0xff, 0xff, 0xff, 0xff,
  0xff, 0xff, 0xff, 0xff, 0xff, 0xff, 0xff, 0xff, 0xff, 0xff, 0xff, 0xff, 0xff, 0xff, 0xff, 0xff,
  0xff, 0xff, 0xff, 0xff, 0xff, 0xff, 0xff, 0xff, 0xff, 0xff, 0xff, 0xff, 0xff, 0xff, 0xff, 0xff,
  0xff, 0xff, 0xff, 0xff, 0xff, 0xff, 0xff, 0xff, 0xff, 0xff, 0xff, 0xff, 0xff, 0xff, 0xff, 0xff,
  0xff, 0xff, 0xff, 0xff, 0xff, 0xff, 0xff, 0xff, 0xff, 0xff, 0xff, 0xff, 0xff, 0xff, 0xff, 0xff,
  0xff, 0xff, 0xff, 0xff, 0xff, 0xff, 0xff, 0xff, 0xff, 0xff, 0xff, 0xff, 0xff, 0xff, 0xff, 0xff,
  0xff, 0xff, 0xff, 0xff, 0xff, 0xff, 0xff, 0xff, 0xff, 0xff, 0xff, 0xff, 0xff, 0xff, 0xff, 0xff,
  0xff, 0xff, 0xff, 0xff, 0xff, 0xff, 0xff, 0xff, 0xff, 0xff, 0xff, 0xff, 0xff, 0xff, 0xff, 0xff,
  0xff, 0xff, 0xff, 0xff, 0xff, 0xff, 0xff, 0xff, 0xff, 0xff, 0xff, 0xff, 0xff, 0xff, 0xff, 0xff,
  0xff, 0xff, 0xff, 0xff, 0xff, 0xff, 0xff, 0xff, 0xff, 0xff, 0xff, 0xff, 0xff, 0xff, 0xff, 0xff,
  0xff, 0xff, 0xff, 0xff, 0xff, 0xff, 0xff, 0xff, 0xff, 0xff, 0xff, 0xff, 0xff, 0xff, 0xff, 0xff,
  0xff, 0xff, 0xff, 0xff, 0xff, 0xff, 0xff, 0xff, 0xff, 0xff, 0xff, 0xff, 0xff, 0xff, 0xff, 0xff,
  0xff, 0xff, 0xff, 0xff, 0xff, 0xff, 0xff, 0xff, 0xff, 0xff, 0xff, 0xff, 0xff, 0xff, 0xff, 0xff,
  0xff, 0xff, 0xff, 0xff, 0xff, 0xff, 0xff, 0xff, 0xff, 0xff, 0xff, 0xff, 0xff, 0xff, 0xff, 0xff,
  0xff, 0xff, 0xff, 0xff, 0xff, 0xff, 0xff, 0xff, 0xff, 0xff, 0xff, 0xff, 0xff, 0xff, 0xff, 0xff,
  0xff, 0xff, 0xff, 0xff, 0xff, 0xff, 0xff, 0xff, 0xff, 0xff, 0xff, 0xff, 0xff, 0xff, 0xff, 0xff,
  0xff, 0xff, 0xff, 0xff, 0xff, 0xff, 0xff, 0xff, 0xff, 0xff, 0xff, 0xff, 0xff, 0xff, 0xff, 0xff,
  0xff, 0xff, 0xff, 0xff, 0xff, 0xff, 0xff, 0xff, 0xff, 0xff, 0xff, 0xff, 0xff, 0xff, 0xff, 0xff,
  0xff, 0xff, 0xff, 0xff, 0xff, 0xff, 0xff, 0xff, 0xff, 0xff, 0xff, 0xff, 0xff, 0xff, 0xff, 0xff,
  0xff, 0xff, 0xff, 0xff, 0xff, 0xff, 0xff, 0xff, 0xff, 0xff, 0xff, 0xff, 0xff, 0xff, 0xff, 0xff,
  0xff, 0xff, 0xff, 0xff, 0xff, 0xff, 0xff, 0xff, 0xff, 0xff, 0xff, 0xff, 0xff, 0xff, 0xff, 0xff,
  0xff, 0xff, 0xff, 0xff, 0xff, 0xff, 0xff, 0xff, 0xff, 0xff, 0xff, 0xff, 0xff, 0xff, 0xff, 0xff,
  0xff, 0xff, 0xff, 0xff, 0xff, 0xff, 0xff, 0xff, 0xff, 0xff, 0xff, 0xff, 0xff, 0xff, 0xff, 0xff,
  0xff, 0xff, 0xff, 0xff, 0xff, 0xff, 0xff, 0xff, 0xff, 0xff, 0xff, 0xff, 0xff, 0xff, 0xff, 0xff,
  0xff, 0xff, 0xff, 0xff, 0xff, 0xff, 0xff, 0xff, 0xff, 0xff, 0xff, 0xff, 0xff, 0xff, 0xff, 0xff,
  0xff, 0xff, 0xff, 0xff, 0xff, 0xff, 0xff, 0xff, 0xff, 0xff, 0xff, 0xff, 0xff, 0xff, 0xff, 0xff,
  0xff, 0xff, 0xff, 0xff, 0xff, 0xff, 0xff, 0xff, 0xff, 0xff, 0xff, 0xff, 0xff, 0xff, 0xff, 0xff,
  0xff, 0xff, 0xff, 0xff, 0xff, 0xff, 0xff, 0xff, 0xff, 0xff, 0xff, 0xff, 0xff, 0xff, 0xff, 0xff,
  0xff, 0xff, 0xff, 0xff, 0xff, 0xff, 0xff, 0xff, 0xff, 0xff, 0xff, 0xff, 0xff, 0xff, 0xff, 0xff,
  0xff, 0xff, 0xff, 0xff, 0xff, 0xff, 0xff, 0xff, 0xff, 0xff, 0xff, 0xff, 0xff, 0xff, 0xff, 0xff,
  0xff, 0xff, 0xff, 0xff, 0xff, 0xff, 0xff, 0xff, 0xff, 0xff, 0xff, 0xff, 0xff, 0xff, 0xff, 0xff,
  0xff, 0xff, 0xff, 0xff, 0xff, 0xff, 0xff, 0xff, 0xff, 0xff, 0xff, 0xff, 0xff, 0xff, 0xff, 0xff,
  0xff, 0xff, 0xff, 0xff, 0xff, 0xff, 0xff, 0xff, 0xff, 0xff, 0xff, 0xff, 0xff, 0xff, 0xff, 0xff,
  0xff, 0xff, 0xff, 0xff, 0xff, 0xff, 0xff, 0xff, 0xff, 0xff, 0xff, 0xff, 0xff, 0xff, 0xff, 0xff,
  0xff, 0xff, 0xff, 0xff, 0xff, 0xff, 0xff, 0xff, 0xff, 0xff, 0xff, 0xff, 0xff, 0xff, 0xff, 0xff,
  0xff, 0xff, 0xff, 0xff, 0xff, 0xff, 0xff, 0xff, 0xff, 0xff, 0xff, 0xff, 0xff, 0xff, 0xff, 0xff,
  0xff, 0xff, 0xff, 0xff, 0xff, 0xff, 0xff, 0xff, 0xff, 0xff, 0xff, 0xff, 0xff, 0xff, 0xff, 0xff,
  0xff, 0xff, 0xff, 0xff, 0xff, 0xff, 0xff, 0xff, 0xff, 0xff, 0xff, 0xff, 0xff, 0xff, 0xff, 0xff,
  0xff, 0xff, 0xff, 0xff, 0xff, 0xff, 0xff, 0xff, 0xff, 0xff, 0xff, 0xff, 0xff, 0xff, 0xff, 0xff,
  0xff, 0xff, 0xff, 0xff, 0xff, 0xff, 0xff, 0xff, 0xff, 0xff, 0xff, 0xff, 0xff, 0xff, 0xff, 0xff,
  0xff, 0xff, 0xff, 0xff, 0xff, 0xff, 0xff, 0xff, 0xff, 0xff, 0xff, 0xff, 0xff, 0xff, 0xff, 0xff,
  0xff, 0xff, 0xff, 0xff, 0xff, 0xff, 0xff, 0xff, 0xff, 0xff, 0xff, 0xff, 0xff, 0xff, 0xff, 0xff,
  0xff, 0xff, 0xff, 0xff, 0xff, 0xff, 0xff, 0xff, 0xff, 0xff, 0xff, 0xff, 0xff, 0xff, 0xff, 0xff,
  0xff, 0xff, 0xff, 0xff, 0xff, 0xff, 0xff, 0xff, 0xff, 0xff, 0xff, 0xff, 0xff, 0xff, 0xff, 0xff,
  0xff, 0xff, 0xff, 0xff, 0xff, 0xff, 0xff, 0xff, 0xff, 0xff, 0xff, 0xff, 0xff, 0xff, 0xff, 0xff,
  0xff, 0xff, 0xff, 0xff, 0xff, 0xff, 0xff, 0xff, 0xff, 0xff, 0xff, 0xff, 0xff, 0xff, 0xff, 0xff,
  0xff, 0xff, 0xff, 0xff, 0xff, 0xff, 0xff, 0xff, 0xff, 0xff, 0xff, 0xff, 0xff, 0xff, 0xff, 0xff,
  0xff, 0xff, 0xff, 0xff, 0xff, 0xff, 0xff, 0xff, 0xff, 0xff, 0xff, 0xff, 0xff, 0xff, 0xff, 0xff,
  0xff, 0xff, 0xff, 0xff, 0xff, 0xff, 0xff, 0xff, 0xff, 0xff, 0xff, 0xff, 0xff, 0xff, 0xff, 0xff,
  0xff, 0xff, 0xff, 0xff, 0xff, 0xff, 0xff, 0xff, 0xff, 0xff, 0xff, 0xff, 0xff, 0xff, 0xff, 0xff,
  0xff, 0xff, 0xff, 0xff, 0xff, 0xff, 0xff, 0xff, 0xff, 0xff, 0xff, 0xff, 0xff, 0xff, 0xff, 0xff,
  0xff, 0xff, 0xff, 0xff, 0xff, 0xff, 0xff, 0xff, 0xff, 0xff, 0xff, 0xff, 0xff, 0xff, 0xff, 0xff,
  0xff, 0xff, 0xff, 0xff, 0xff, 0xff, 0xff, 0xff, 0xff, 0xff, 0xff, 0xff, 0xff, 0xff, 0xff, 0xff,
  0xff, 0xff, 0xff, 0xff, 0xff, 0xff, 0xff, 0xff, 0xff, 0xff, 0xff, 0xff, 0xff, 0xff, 0xff, 0xff,
  0xff, 0xff, 0xff, 0xff, 0xff, 0xff, 0xff, 0xff, 0xff, 0xff, 0xff, 0xff, 0xff, 0xff, 0xff, 0xff,
  0xff, 0xff, 0xff, 0xff, 0xff, 0xff, 0xff, 0xff, 0xff, 0xff, 0xff, 0xff, 0xff, 0xff, 0xff, 0xff,
  0xff, 0xff, 0xff, 0xff, 0xff, 0xff, 0xff, 0xff, 0xff, 0xff, 0xff, 0xff, 0xff, 0xff, 0xff, 0xff,
  0xff, 0xff, 0xff, 0xff, 0xff, 0xff, 0xff, 0xff, 0xff, 0xff, 0xff, 0xff, 0xff, 0xff, 0xff, 0xff,
  0xff, 0xff, 0xff, 0xff, 0xff, 0xff, 0xff, 0xff, 0xff, 0xff, 0xff, 0xff, 0xff, 0xff, 0xff, 0xff,
  0xff, 0xff, 0xff, 0xff, 0xff, 0xff, 0xff, 0xff, 0xff, 0xff, 0xff, 0xff, 0xff, 0xff, 0xff, 0xff,
  0xff, 0xff, 0xff, 0xff, 0xff, 0xff, 0xff, 0xff, 0xff, 0xff, 0xff, 0xff, 0xff, 0xff, 0xff, 0xff,
  0xff, 0xff, 0xff, 0xff, 0xff, 0xff, 0xff, 0xff, 0xff, 0xff, 0xff, 0xff, 0xff, 0xff, 0xff, 0xff,
  0xff, 0xff, 0xff, 0xff, 0xff, 0xff, 0xff, 0xff, 0xff, 0xff, 0xff, 0xff, 0xff, 0xff, 0xff, 0xff,
  0xff, 0xff, 0xff, 0xff, 0xff, 0xff, 0xff, 0xff, 0xff, 0xff, 0xff, 0xff, 0xff, 0xff, 0xff, 0xff,
  0xff, 0xff, 0xff, 0xff, 0xff, 0xff, 0xff, 0xff, 0xff, 0xff, 0xff, 0xff, 0xff, 0xff, 0xff, 0xff,
  0xff, 0xff, 0xff, 0xff, 0xff, 0xff, 0xff, 0xff, 0xff, 0xff, 0xff, 0xff, 0xff, 0xff, 0xff, 0xff,
  0xff, 0xff, 0xff, 0xff, 0xff, 0xff, 0xff, 0xff, 0xff, 0xff, 0xff, 0xff, 0xff, 0xff, 0xff, 0xff,
  0xff, 0xff, 0xff, 0xff, 0xff, 0xff, 0xff, 0xff, 0xff, 0xff, 0xff, 0xff, 0xff, 0xff, 0xff, 0xff,
  0xff, 0xff, 0xff, 0xff, 0xff, 0xff, 0xff, 0xff, 0xff, 0xff, 0xff, 0xff, 0xff, 0xff, 0xff, 0xff,
  0xff, 0xff, 0xff, 0xff, 0xff, 0xff, 0xff, 0xff, 0xff, 0xff, 0xff, 0xff, 0xff, 0xff, 0xff, 0xff,
  0xff, 0xff, 0xff, 0xff, 0xff, 0xff, 0xff, 0xff, 0xff, 0xff, 0xff, 0xff, 0xff, 0xff, 0xff, 0xff,
  0xff, 0xff, 0xff, 0xff, 0xff, 0xff, 0xff, 0xff, 0xff, 0xff, 0xff, 0xff, 0xff, 0xff, 0xff, 0xff,
  0xff, 0xff, 0xff, 0xff, 0xff, 0xff, 0xff, 0xff, 0xff, 0xff, 0xff, 0xff, 0xff, 0xff, 0xff, 0xff,
  0xff, 0xff, 0xff, 0xff, 0xff, 0xff, 0xff, 0xff, 0xff, 0xff, 0xff, 0xff, 0xff, 0xff, 0xff, 0xff,
  0xff, 0xff, 0xff, 0xff, 0xff, 0xff, 0xff, 0xff, 0xff, 0xff, 0xff, 0xff, 0xff, 0xff, 0xff, 0xff,
  0xff, 0xff, 0xff, 0xff, 0xff, 0xff, 0xff, 0xff, 0xff, 0xff, 0xff, 0xff, 0xff, 0xff, 0xff, 0xff,
  0xff, 0xff, 0xff, 0xff, 0xff, 0xff, 0xff, 0xff, 0xff, 0xff, 0xff, 0xff, 0xff, 0xff, 0xff, 0xff,
  0xff, 0xff, 0xff, 0xff, 0xff, 0xff, 0xff, 0xff, 0xff, 0xff, 0xff, 0xff, 0xff, 0xff, 0xff, 0xff,
  0xff, 0xff, 0xff, 0xff, 0xff, 0xff, 0xff, 0xff, 0xff, 0xff, 0xff, 0xff, 0xff, 0xff, 0xff, 0xff,
  0xff, 0xff, 0xff, 0xff, 0xff, 0xff, 0xff, 0xff, 0xff, 0xff, 0xff, 0xff, 0xff, 0xff, 0xff, 0xff,
  0xff, 0xff, 0xff, 0xff, 0xff, 0xff, 0xff, 0xff, 0xff, 0xff, 0xff, 0xff, 0xff, 0xff, 0xff, 0xff,
  0xff, 0xff, 0xff, 0xff, 0xff, 0xff, 0xff, 0xff, 0xff, 0xff, 0xff, 0xff, 0xff, 0xff, 0xff, 0xff,
  0xff, 0xff, 0xff, 0xff, 0xff, 0xff, 0xff, 0xff, 0xff, 0xff, 0xff, 0xff, 0xff, 0xff, 0xff, 0xff,
  0xff, 0xff, 0xff, 0xff, 0xff, 0xff, 0xff, 0xff, 0xff, 0xff, 0xff, 0xff, 0xff, 0xff, 0xff, 0xff,
  0xff, 0xff, 0xff, 0xff, 0xff, 0xff, 0xff, 0xff, 0xff, 0xff, 0xff, 0xff, 0xff, 0xff, 0xff, 0xff,
  0xff, 0xff, 0xff, 0xff, 0xff, 0xff, 0xff, 0xff, 0xff, 0xff, 0xff, 0xff, 0xff, 0xff, 0xff, 0xff,
  0xff, 0xff, 0xff, 0xff, 0xff, 0xff, 0xff, 0xff, 0xff, 0xff, 0xff, 0xff, 0xff, 0xff, 0xff, 0xff,
  0xff, 0xff, 0xff, 0xff, 0xff, 0xff, 0xff, 0xff, 0xff, 0xff, 0xff, 0xff, 0xff, 0xff, 0xff, 0xff,
  0xff, 0xff, 0xff, 0xff, 0xff, 0xff, 0xff, 0xff, 0xff, 0xff, 0xff, 0xff, 0xff, 0xff, 0xff, 0xff,
  0xff, 0xff, 0xff, 0xff, 0xff, 0xff, 0xff, 0xff, 0xff, 0xff, 0xff, 0xff, 0xff, 0xff, 0xff, 0xff,
  0xff, 0xff, 0xff, 0xff, 0xff, 0xff, 0xff, 0xff, 0xff, 0xff, 0xff, 0xff, 0xff, 0xff, 0xff, 0xff,
  0xff, 0xff, 0xff, 0xff, 0xff, 0xff, 0xff, 0xff, 0xff, 0xff, 0xff, 0xff, 0xff, 0xff, 0xff, 0xff,
  0xff, 0xff, 0xff, 0xff, 0xff, 0xff, 0xff, 0xff, 0xff, 0xff, 0xff, 0xff, 0xff, 0xff, 0xff, 0xff,
  0xff, 0xff, 0xff, 0xff, 0xff, 0xff, 0xff, 0xff, 0xff, 0xff, 0xff, 0xff, 0xff, 0xff, 0xff, 0xff,
  0xff, 0xff, 0xff, 0xff, 0xff, 0xff, 0xff, 0xff, 0xff, 0xff, 0xff, 0xff, 0xff, 0xff, 0xff, 0xff,
  0xff, 0xff, 0xff, 0xff, 0xff, 0xff, 0xff, 0xff, 0xff, 0xff, 0xff, 0xff, 0xff, 0xff, 0xff, 0xff,
  0xff, 0xff, 0xff, 0xff, 0xff, 0xff, 0xff, 0xff, 0xff, 0xff, 0xff, 0xff, 0xff, 0xff, 0xff, 0xff,
  0xff, 0xff, 0xff, 0xff, 0xff, 0xff, 0xff, 0xff, 0xff, 0xff, 0xff, 0xff, 0xff, 0xff, 0xff, 0xff,
  0xff, 0xff, 0xff, 0xff, 0xff, 0xff, 0xff, 0xff, 0xff, 0xff, 0xff, 0xff, 0xff, 0xff, 0xff, 0xff,
  0xff, 0xff, 0xff, 0xff, 0xff, 0xff, 0xff, 0xff, 0xff, 0xff, 0xff, 0xff, 0xff, 0xff, 0xff, 0xff,
  0xff, 0xff, 0xff, 0xff, 0xff, 0xff, 0xff, 0xff, 0xff, 0xff, 0xff, 0xff, 0xff, 0xff, 0xff, 0xff,
  0xff, 0xff, 0xff, 0xff, 0xff, 0xff, 0xff, 0xff, 0xff, 0xff, 0xff, 0xff, 0xff, 0xff, 0xff, 0xff,
  0xff, 0xff, 0xff, 0xff, 0xff, 0xff, 0xff, 0xff, 0xff, 0xff, 0xff, 0xff, 0xff, 0xff, 0xff, 0xff,
  0xff, 0xff, 0xff, 0xff, 0xff, 0xff, 0xff, 0xff, 0xff, 0xff, 0xff, 0xff, 0xff, 0xff, 0xff, 0xff,
  0xff, 0xff, 0xff, 0xff, 0xff, 0xff, 0xff, 0xff, 0xff, 0xff, 0xff, 0xff, 0xff, 0xff, 0xff, 0xff,
  0xff, 0xff, 0xff, 0xff, 0xff, 0xff, 0xff, 0xff, 0xff, 0xff, 0xff, 0xff, 0xff, 0xff, 0xff, 0xff,
  0xff, 0xff, 0xff, 0xff, 0xff, 0xff, 0xff, 0xff, 0xff, 0xff, 0xff, 0xff, 0xff, 0xff, 0xff, 0xff,
  0xff, 0xff, 0xff, 0xff, 0xff, 0xff, 0xff, 0xff, 0xff, 0xff, 0xff, 0xff, 0xff, 0xff, 0xff, 0xff,
  0xff, 0xff, 0xff, 0xff, 0xff, 0xff, 0xff, 0xff, 0xff, 0xff, 0xff, 0xff, 0xff, 0xff, 0xff, 0xff,
  0xff, 0xff, 0xff, 0xff, 0xff, 0xff, 0xff, 0xff, 0xff, 0xff, 0xff, 0xff, 0xff, 0xff, 0xff, 0xff,
  0xff, 0xff, 0xff, 0xff, 0xff, 0xff, 0xff, 0xff, 0xff, 0xff, 0xff, 0xff, 0xff, 0xff, 0xff, 0xff,
  0xff, 0xff, 0xff, 0xff, 0xff, 0xff, 0xff, 0xff, 0xff, 0xff, 0xff, 0xff, 0xff, 0xff, 0xff, 0xff,
  0xff, 0xff, 0xff, 0xff, 0xff, 0xff, 0xff, 0xff, 0xff, 0xff, 0xff, 0xff, 0xff, 0xff, 0xff, 0xff,
  0xff, 0xff, 0xff, 0xff, 0xff, 0xff, 0xff, 0xff, 0xff, 0xff, 0xff, 0xff, 0xff, 0xff, 0xff, 0xff,
  0xff, 0xff, 0xff, 0xff, 0xff, 0xff, 0xff, 0xff, 0xff, 0xff, 0xff, 0xff, 0xff, 0xff, 0xff, 0xff,
  0xff, 0xff, 0xff, 0xff, 0xff, 0xff, 0xff, 0xff, 0xff, 0xff, 0xff, 0xff, 0xff, 0xff, 0xff, 0xff,
  0xff, 0xff, 0xff, 0xff, 0xff, 0xff, 0xff, 0xff, 0xff, 0xff, 0xff, 0xff, 0xff, 0xff, 0xff, 0xff,
  0xff, 0xff, 0xff, 0xff, 0xff, 0xff, 0xff, 0xff, 0xff, 0xff, 0xff, 0xff, 0xff, 0xff, 0xff, 0xff,
  0xff, 0xff, 0xff, 0xff, 0xff, 0xff, 0xff, 0xff, 0xff, 0xff, 0xff, 0xff, 0xff, 0xff, 0xff, 0xff,
  0xff, 0xff, 0xff, 0xff, 0xff, 0xff, 0xff, 0xff, 0xff, 0xff, 0xff, 0xff, 0xff, 0xff, 0xff, 0xff,
  0xff, 0xff, 0xff, 0xff, 0xff, 0xff, 0xff, 0xff, 0xff, 0xff, 0xff, 0xff, 0xff, 0xff, 0xff, 0xff,
  0xff, 0xff, 0xff, 0xff, 0xff, 0xff, 0xff, 0xff, 0xff, 0xff, 0xff, 0xff, 0xff, 0xff, 0xff, 0xff,
  0xff, 0xff, 0xff, 0xff, 0xff, 0xff, 0xff, 0xff, 0xff, 0xff, 0xff, 0xff, 0xff, 0xff, 0xff, 0xff,
  0xff, 0xff, 0xff, 0xff, 0xff, 0xff, 0xff, 0xff, 0xff, 0xff, 0xff, 0xff, 0xff, 0xff, 0xff, 0xff,
  0xff, 0xff, 0xff, 0xff, 0xff, 0xff, 0xff, 0xff, 0xff, 0xff, 0xff, 0xff, 0xff, 0xff, 0xff, 0xff,
  0xff, 0xff, 0xff, 0xff, 0xff, 0xff, 0xff, 0xff, 0xff, 0xff, 0xff, 0xff, 0xff, 0xff, 0xff, 0xff,
  0xff, 0xff, 0xff, 0xff, 0xff, 0xff, 0xff, 0xff, 0xff, 0xff, 0xff, 0xff, 0xff, 0xff, 0xff, 0xff,
  0xff, 0xff, 0xff, 0xff, 0xff, 0xff, 0xff, 0xff, 0xff, 0xff, 0xff, 0xff, 0xff, 0xff, 0xff, 0xff,
  0xff, 0xff, 0xff, 0xff, 0xff, 0xff, 0xff, 0xff, 0xff, 0xff, 0xff, 0xff, 0xff, 0xff, 0xff, 0xff,
  0xff, 0xff, 0xff, 0xff, 0xff, 0xff, 0xff, 0xff, 0xff, 0xff, 0xff, 0xff, 0xff, 0xff, 0xff, 0xff,
  0xff, 0xff, 0xff, 0xff, 0xff, 0xff, 0xff, 0xff, 0xff, 0xff, 0xff, 0xff, 0xff, 0xff, 0xff, 0xff,
  0xff, 0xff, 0xff, 0xff, 0xff, 0xff, 0xff, 0xff, 0xff, 0xff, 0xff, 0xff, 0xff, 0xff, 0xff, 0xff,
  0xff, 0xff, 0xff, 0xff, 0xff, 0xff, 0xff, 0xff, 0xff, 0xff, 0xff, 0xff, 0xff, 0xff, 0xff, 0xff,
  0xff, 0xff, 0xff, 0xff, 0xff, 0xff, 0xff, 0xff, 0xff, 0xff, 0xff, 0xff, 0xff, 0xff, 0xff, 0xff,
  0xff, 0xff, 0xff, 0xff, 0xff, 0xff, 0xff, 0xff, 0xff, 0xff, 0xff, 0xff, 0xff, 0xff, 0xff, 0xff,
  0xff, 0xff, 0xff, 0xff, 0xff, 0xff, 0xff, 0xff, 0xff, 0xff, 0xff, 0xff, 0xff, 0xff, 0xff, 0xff,
  0xff, 0xff, 0xff, 0xff, 0xff, 0xff, 0xff, 0xff, 0xff, 0xff, 0xff, 0xff, 0xff, 0xff, 0xff, 0xff,
  0xff, 0xff, 0xff, 0xff, 0xff, 0xff, 0xff, 0xff, 0xff, 0xff, 0xff, 0xff, 0xff, 0xff, 0xff, 0xff,
  0xff, 0xff, 0xff, 0xff, 0xff, 0xff, 0xff, 0xff, 0xff, 0xff, 0xff, 0xff, 0xff, 0xff, 0xff, 0xff,
  0xff, 0xff, 0xff, 0xff, 0xff, 0xff, 0xff, 0xff, 0xff, 0xff, 0xff, 0xff, 0xff, 0xff, 0xff, 0xff,
  0xff, 0xff, 0xff, 0xff, 0xff, 0xff, 0xff, 0xff, 0xff, 0xff, 0xff, 0xff, 0xff, 0xff, 0xff, 0xff,
  0xff, 0xff, 0xff, 0xff, 0xff, 0xff, 0xff, 0xff, 0xff, 0xff, 0xff, 0xff, 0xff, 0xff, 0xff, 0xff,
  0xff, 0xff, 0xff, 0xff, 0xff, 0xff, 0xff, 0xff, 0xff, 0xff, 0xff, 0xff, 0xff, 0xff, 0xff, 0xff,
  0xff, 0xff, 0xff, 0xff, 0xff, 0xff, 0xff, 0xff, 0xff, 0xff, 0xff, 0xff, 0xff, 0xff, 0xff, 0xff,
  0xff, 0xff, 0xff, 0xff, 0xff, 0xff, 0xff, 0xff, 0xff, 0xff, 0xff, 0xff, 0xff, 0xff, 0xff, 0xff,
  0xff, 0xff, 0xff, 0xff, 0xff, 0xff, 0xff, 0xff, 0xff, 0xff, 0xff, 0xff, 0xff, 0xff, 0xff, 0xff,
  0xff, 0xff, 0xff, 0xff, 0xff, 0xff, 0xff, 0xff, 0xff, 0xff, 0xff, 0xff, 0xff, 0xff, 0xff, 0xff,
  0xff, 0xff, 0xff, 0xff, 0xff, 0xff, 0xff, 0xff, 0xff, 0xff, 0xff, 0xff, 0xff, 0xff, 0xff, 0xff,
  0xff, 0xff, 0xff, 0xff, 0xff, 0xff, 0xff, 0xff, 0xff, 0xff, 0xff, 0xff, 0xff, 0xff, 0xff, 0xff,
  0xff, 0xff, 0xff, 0xff, 0xff, 0xff, 0xff, 0xff, 0xff, 0xff, 0xff, 0xff, 0xff, 0xff, 0xff, 0xff,
  0xff, 0xff, 0xff, 0xff, 0xff, 0xff, 0xff, 0xff, 0xff, 0xff, 0xff, 0xff, 0xff, 0xff, 0xff, 0xff,
  0xff, 0xff, 0xff, 0xff, 0xff, 0xff, 0xff, 0xff, 0xff, 0xff, 0xff, 0xff, 0xff, 0xff, 0xff, 0xff,
  0xff, 0xff, 0xff, 0xff, 0xff, 0xff, 0xff, 0xff, 0xff, 0xff, 0xff, 0xff, 0xff, 0xff, 0xff, 0xff,
  0xff, 0xff, 0xff, 0xff, 0xff, 0xff, 0xff, 0xff, 0xff, 0xff, 0xff, 0xff, 0xff, 0xff, 0xff, 0xff,
  0xff, 0xff, 0xff, 0xff, 0xff, 0xff, 0xff, 0xff, 0xff, 0xff, 0xff, 0xff, 0xff, 0xff, 0xff, 0xff,
  0xff, 0xff, 0xff, 0xff, 0xff, 0xff, 0xff, 0xff, 0xff, 0xff, 0xff, 0xff, 0xff, 0xff, 0xff, 0xff,
  0xff, 0xff, 0xff, 0xff, 0xff, 0xff, 0xff, 0xff, 0xff, 0xff, 0xff, 0xff, 0xff, 0xff, 0xff, 0xff,
  0xff, 0xff, 0xff, 0xff, 0xff, 0xff, 0xff, 0xff, 0xff, 0xff, 0xff, 0xff, 0xff, 0xff, 0xff, 0xff,
  0xff, 0xff, 0xff, 0xff, 0xff, 0xff, 0xff, 0xff, 0xff, 0xff, 0xff, 0xff, 0xff, 0xff, 0xff, 0xff,
  0xff, 0xff, 0xff, 0xff, 0xff, 0xff, 0xff, 0xff, 0xff, 0xff, 0xff, 0xff, 0xff, 0xff, 0xff, 0xff,
  0xff, 0xff, 0xff, 0xff, 0xff, 0xff, 0xff, 0xff, 0xff, 0xff, 0xff, 0xff, 0xff, 0xff, 0xff, 0xff,
  0xff, 0xff, 0xff, 0xff, 0xff, 0xff, 0xff, 0xff, 0xff, 0xff, 0xff, 0xff, 0xff, 0xff, 0xff, 0xff,
  0xff, 0xff, 0xff, 0xff, 0xff, 0xff, 0xff, 0xff, 0xff, 0xff, 0xff, 0xff, 0xff, 0xff, 0xff, 0xff,
  0xff, 0xff, 0xff, 0xff, 0xff, 0xff, 0xff, 0xff, 0xff, 0xff, 0xff, 0xff, 0xff, 0xff, 0xff, 0xff,
  0xff, 0xff, 0xff, 0xff, 0xff, 0xff, 0xff, 0xff, 0xff, 0xff, 0xff, 0xff, 0xff, 0xff, 0xff, 0xff,
  0xff, 0xff, 0xff, 0xff, 0xff, 0xff, 0xff, 0xff, 0xff, 0xff, 0xff, 0xff, 0xff, 0xff, 0xff, 0xff,
  0xff, 0xff, 0xff, 0xff, 0xff, 0xff, 0xff, 0xff, 0xff, 0xff, 0xff, 0xff, 0xff, 0xff, 0xff, 0xff,
  0xff, 0xff, 0xff, 0xff, 0xff, 0xff, 0xff, 0xff, 0xff, 0xff, 0xff, 0xff, 0xff, 0xff, 0xff, 0xff,
  0xff, 0xff, 0xff, 0xff, 0xff, 0xff, 0xff, 0xff, 0xff, 0xff, 0xff, 0xff, 0xff, 0xff, 0xff, 0xff,
  0xff, 0xff, 0xff, 0xff, 0xff, 0xff, 0xff, 0xff, 0xff, 0xff, 0xff, 0xff, 0xff, 0xff, 0xff, 0xff,
  0xff, 0xff, 0xff, 0xff, 0xff, 0xff, 0xff, 0xff, 0xff, 0xff, 0xff, 0xff, 0xff, 0xff, 0xff, 0xff,
  0xff, 0xff, 0xff, 0xff, 0xff, 0xff, 0xff, 0xff, 0xff, 0xff, 0xff, 0xff, 0xff, 0xff, 0xff, 0xff,
  0xff, 0xff, 0xff, 0xff, 0xff, 0xff, 0xff, 0xff, 0xff, 0xff, 0xff, 0xff, 0xff, 0xff, 0xff, 0xff,
  0xff, 0xff, 0xff, 0xff, 0xff, 0xff, 0xff, 0xff, 0xff, 0xff, 0xff, 0xff, 0xff, 0xff, 0xff, 0xff,
  0xff, 0xff, 0xff, 0xff, 0xff, 0xff, 0xff, 0xff, 0xff, 0xff, 0xff, 0xff, 0xff, 0xff, 0xff, 0xff,
  0xff, 0xff, 0xff, 0xff, 0xff, 0xff, 0xff, 0xff, 0xff, 0xff, 0xff, 0xff, 0xff, 0xff, 0xff, 0xff,
  0xff, 0xff, 0xff, 0xff, 0xff, 0xff, 0xff, 0xff, 0xff, 0xff, 0xff, 0xff, 0xff, 0xff, 0xff, 0xff,
  0xff, 0xff, 0xff, 0xff, 0xff, 0xff, 0xff, 0xff, 0xff, 0xff, 0xff, 0xff, 0xff, 0xff, 0xff, 0xff,
  0xff, 0xff, 0xff, 0xff, 0xff, 0xff, 0xff, 0xff, 0xff, 0xff, 0xff, 0xff, 0xff, 0xff, 0xff, 0xff,
  0xff, 0xff, 0xff, 0xff, 0xff, 0xff, 0xff, 0xff, 0xff, 0xff, 0xff, 0xff, 0xff, 0xff, 0xff, 0xff,
  0xff, 0xff, 0xff, 0xff, 0xff, 0xff, 0xff, 0xff, 0xff, 0xff, 0xff, 0xff, 0xff, 0xff, 0xff, 0xff,
  0xff, 0xff, 0xff, 0xff, 0xff, 0xff, 0xff, 0xff, 0xff, 0xff, 0xff, 0xff, 0xff, 0xff, 0xff, 0xff,
  0xff, 0xff, 0xff, 0xff, 0xff, 0xff, 0xff, 0xff, 0xff, 0xff, 0xff, 0xff, 0xff, 0xff, 0xff, 0xff,
  0xff, 0xff, 0xff, 0xff, 0xff, 0xff, 0xff, 0xff, 0xff, 0xff, 0xff, 0xff, 0xff, 0xff, 0xff, 0xff,
  0xff, 0xff, 0xff, 0xff, 0xff, 0xff, 0xff, 0xff, 0xff, 0xff, 0xff, 0xff, 0xff, 0xff, 0xff, 0xff,
  0xff, 0xff, 0xff, 0xff, 0xff, 0xff, 0xff, 0xff, 0xff, 0xff, 0xff, 0xff, 0xff, 0xff, 0xff, 0xff,
  0xff, 0xff, 0xff, 0xff, 0xff, 0xff, 0xff, 0xff, 0xff, 0xff, 0xff, 0xff, 0xff, 0xff, 0xff, 0xff,
  0xff, 0xff, 0xff, 0xff, 0xff, 0xff, 0xff, 0xff, 0xff, 0xff, 0xff, 0xff, 0xff, 0xff, 0xff, 0xff,
  0xff, 0xff, 0xff, 0xff, 0xff, 0xff, 0xff, 0xff, 0xff, 0xff, 0xff, 0xff, 0xff, 0xff, 0xff, 0xff,
  0xff, 0xff, 0xff, 0xff, 0xff, 0xff, 0xff, 0xff, 0xff, 0xff, 0xff, 0xff, 0xff, 0xff, 0xff, 0xff,
  0xff, 0xff, 0xff, 0xff, 0xff, 0xff, 0xff, 0xff, 0xff, 0xff, 0xff, 0xff, 0xff, 0xff, 0xff, 0xff,
  0xff, 0xff, 0xff, 0xff, 0xff, 0xff, 0xff, 0xff, 0xff, 0xff, 0xff, 0xff, 0xff, 0xff, 0xff, 0xff,
  0xff, 0xff, 0xff, 0xff, 0xff, 0xff, 0xff, 0xff, 0xff, 0xff, 0xff, 0xff, 0xff, 0xff, 0xff, 0xff,
  0xff, 0xff, 0xff, 0xff, 0xff, 0xff, 0xff, 0xff, 0xff, 0xff, 0xff, 0xff, 0xff, 0xff, 0xff, 0xff,
  0xff, 0xff, 0xff, 0xff, 0xff, 0xff, 0xff, 0xff, 0xff, 0xff, 0xff, 0xff, 0xff, 0xff, 0xff, 0xff,
  0xff, 0xff, 0xff, 0xff, 0xff, 0xff, 0xff, 0xff, 0xff, 0xff, 0xff, 0xff, 0xff, 0xff, 0xff, 0xff,
  0xff, 0xff, 0xff, 0xff, 0xff, 0xff, 0xff, 0xff, 0xff, 0xff, 0xff, 0xff, 0xff, 0xff, 0xff, 0xff,
  0xff, 0xff, 0xff, 0xff, 0xff, 0xff, 0xff, 0xff, 0xff, 0xff, 0xff, 0xff, 0xff, 0xff, 0xff, 0xff,
  0xff, 0xff, 0xff, 0xff, 0xff, 0xff, 0xff, 0xff, 0xff, 0xff, 0xff, 0xff, 0xff, 0xff, 0xff, 0xff,
  0xff, 0xff, 0xff, 0xff, 0xff, 0xff, 0xff, 0xff, 0xff, 0xff, 0xff, 0xff, 0xff, 0xff, 0xff, 0xff,
  0xff, 0xff, 0xff, 0xff, 0xff, 0xff, 0xff, 0xff, 0xff, 0xff, 0xff, 0xff, 0xff, 0xff, 0xff, 0xff,
  0xff, 0xff, 0xff, 0xff, 0xff, 0xff, 0xff, 0xff, 0xff, 0xff, 0xff, 0xff, 0xff, 0xff, 0xff, 0xff,
  0xff, 0xff, 0xff, 0xff, 0xff, 0xff, 0xff, 0xff, 0xff, 0xff, 0xff, 0xff, 0xff, 0xff, 0xff, 0xff,
  0xff, 0xff, 0xff, 0xff, 0xff, 0xff, 0xff, 0xff, 0xff, 0xff, 0xff, 0xff, 0xff, 0xff, 0xff, 0xff,
  0xff, 0xff, 0xff, 0xff, 0xff, 0xff, 0xff, 0xff, 0xff, 0xff, 0xff, 0xff, 0xff, 0xff, 0xff, 0xff,
  0xff, 0xff, 0xff, 0xff, 0xff, 0xff, 0xff, 0xff, 0xff, 0xff, 0xff, 0xff, 0xff, 0xff, 0xff, 0xff,
  0xff, 0xff, 0xff, 0xff, 0xff, 0xff, 0xff, 0xff, 0xff, 0xff, 0xff, 0xff, 0xff, 0xff, 0xff, 0xff,
  0xff, 0xff, 0xff, 0xff, 0xff, 0xff, 0xff, 0xff, 0xff, 0xff, 0xff, 0xff, 0xff, 0xff, 0xff, 0xff,
  0xff, 0xff, 0xff, 0xff, 0xff, 0xff, 0xff, 0xff, 0xff, 0xff, 0xff, 0xff, 0xff, 0xff, 0xff, 0xff,
  0xff, 0xff, 0xff, 0xff, 0xff, 0xff, 0xff, 0xff, 0xff, 0xff, 0xff, 0xff, 0xff, 0xff, 0xff, 0xff,
  0xff, 0xff, 0xff, 0xff, 0xff, 0xff, 0xff, 0xff, 0xff, 0xff, 0xff, 0xff, 0xff, 0xff, 0xff, 0xff,
  0xff, 0xff, 0xff, 0xff, 0xff, 0xff, 0xff, 0xff, 0xff, 0xff, 0xff, 0xff, 0xff, 0xff, 0xff, 0xff,
  0xff, 0xff, 0xff, 0xff, 0xff, 0xff, 0xff, 0xff, 0xff, 0xff, 0xff, 0xff, 0xff, 0xff, 0xff, 0xff,
  0xff, 0xff, 0xff, 0xff, 0xff, 0xff, 0xff, 0xff, 0xff, 0xff, 0xff, 0xff, 0xff, 0xff, 0xff, 0xff,
  0xff, 0xff, 0xff, 0xff, 0xff, 0xff, 0xff, 0xff, 0xff, 0xff, 0xff, 0xff, 0xff, 0xff, 0xff, 0xff,
  0xff, 0xff, 0xff, 0xff, 0xff, 0xff, 0xff, 0xff, 0xff, 0xff, 0xff, 0xff, 0xff, 0xff, 0xff, 0xff,
  0xff, 0xff, 0xff, 0xff, 0xff, 0xff, 0xff, 0xff, 0xff, 0xff, 0xff, 0xff, 0xff, 0xff, 0xff, 0xff,
  0xff, 0xff, 0xff, 0xff, 0xff, 0xff, 0xff, 0xff, 0xff, 0xff, 0xff, 0xff, 0xff, 0xff, 0xff, 0xff,
  0xff, 0xff, 0xff, 0xff, 0xff, 0xff, 0xff, 0xff, 0xff, 0xff, 0xff, 0xff, 0xff, 0xff, 0xff, 0xff,
  0xff, 0xff, 0xff, 0xff, 0xff, 0xff, 0xff, 0xff, 0xff, 0xff, 0xff, 0xff, 0xff, 0xff, 0xff, 0xff,
  0xff, 0xff, 0xff, 0xff, 0xff, 0xff, 0xff, 0xff, 0xff, 0xff, 0xff, 0xff, 0xff, 0xff, 0xff, 0xff,
  0xff, 0xff, 0xff, 0xff, 0xff, 0xff, 0xff, 0xff, 0xff, 0xff, 0xff, 0xff, 0xff, 0xff, 0xff, 0xff,
  0xff, 0xff, 0xff, 0xff, 0xff, 0xff, 0xff, 0xff, 0xff, 0xff, 0xff, 0xff, 0xff, 0xff, 0xff, 0xff,
  0xff, 0xff, 0xff, 0xff, 0xff, 0xff, 0xff, 0xff, 0xff, 0xff, 0xff, 0xff, 0xff, 0xff, 0xff, 0xff,
  0xff, 0xff, 0xff, 0xff, 0xff, 0xff, 0xff, 0xff, 0xff, 0xff, 0xff, 0xff, 0xff, 0xff, 0xff, 0xff,
  0xff, 0xff, 0xff, 0xff, 0xff, 0xff, 0xff, 0xff, 0xff, 0xff, 0xff, 0xff, 0xff, 0xff, 0xff, 0xff,
  0xff, 0xff, 0xff, 0xff, 0xff, 0xff, 0xff, 0xff, 0xff, 0xff, 0xff, 0xff, 0xff, 0xff, 0xff, 0xff,
  0xff, 0xff, 0xff, 0xff, 0xff, 0xff, 0xff, 0xff, 0xff, 0xff, 0xff, 0xff, 0xff, 0xff, 0xff, 0xff,
  0xff, 0xff, 0xff, 0xff, 0xff, 0xff, 0xff, 0xff, 0xff, 0xff, 0xff, 0xff, 0xff, 0xff, 0xff, 0xff,
  0xff, 0xff, 0xff, 0xff, 0xff, 0xff, 0xff, 0xff, 0xff, 0xff, 0xff, 0xff, 0xff, 0xff, 0xff, 0xff,
  0xff, 0xff, 0xff, 0xff, 0xff, 0xff, 0xff, 0xff, 0xff, 0xff, 0xff, 0xff, 0xff, 0xff, 0xff, 0xff,
  0xff, 0xff, 0xff, 0xff, 0xff, 0xff, 0xff, 0xff, 0xff, 0xff, 0xff, 0xff, 0xff, 0xff, 0xff, 0xff,
  0xff, 0xff, 0xff, 0xff, 0xff, 0xff, 0xff, 0xff, 0xff, 0xff, 0xff, 0xff, 0xff, 0xff, 0xff, 0xff,
  0xff, 0xff, 0xff, 0xff, 0xff, 0xff, 0xff, 0xff, 0xff, 0xff, 0xff, 0xff, 0xff, 0xff, 0xff, 0xff,
  0xff, 0xff, 0xff, 0xff, 0xff, 0xff, 0xff, 0xff, 0xff, 0xff, 0xff, 0xff, 0xff, 0xff, 0xff, 0xff,
  0xff, 0xff, 0xff, 0xff, 0xff, 0xff, 0xff, 0xff, 0xff, 0xff, 0xff, 0xff, 0xff, 0xff, 0xff, 0xff,
  0xff, 0xff, 0xff, 0xff, 0xff, 0xff, 0xff, 0xff, 0xff, 0xff, 0xff, 0xff, 0xff, 0xff, 0xff, 0xff,
  0xff, 0xff, 0xff, 0xff, 0xff, 0xff, 0xff, 0xff, 0xff, 0xff, 0xff, 0xff, 0xff, 0xff, 0xff, 0xff,
  0xff, 0xff, 0xff, 0xff, 0xff, 0xff, 0xff, 0xff, 0xff, 0xff, 0xff, 0xff, 0xff, 0xff, 0xff, 0xff,
  0xff, 0xff, 0xff, 0xff, 0xff, 0xff, 0xff, 0xff, 0xff, 0xff, 0xff, 0xff, 0xff, 0xff, 0xff, 0xff,
  0xff, 0xff, 0xff, 0xff, 0xff, 0xff, 0xff, 0xff, 0xff, 0xff, 0xff, 0xff, 0xff, 0xff, 0xff, 0xff,
  0xff, 0xff, 0xff, 0xff, 0xff, 0xff, 0xff, 0xff, 0xff, 0xff, 0xff, 0xff, 0xff, 0xff, 0xff, 0xff,
  0xff, 0xff, 0xff, 0xff, 0xff, 0xff, 0xff, 0xff, 0xff, 0xff, 0xff, 0xff, 0xff, 0xff, 0xff, 0xff,
  0xff, 0xff, 0xff, 0xff, 0xff, 0xff, 0xff, 0xff, 0xff, 0xff, 0xff, 0xff, 0xff, 0xff, 0xff, 0xff,
  0xff, 0xff, 0xff, 0xff, 0xff, 0xff, 0xff, 0xff, 0xff, 0xff, 0xff, 0xff, 0xff, 0xff, 0xff, 0xff,
  0xff, 0xff, 0xff, 0xff, 0xff, 0xff, 0xff, 0xff, 0xff, 0xff, 0xff, 0xff, 0xff, 0xff, 0xff, 0xff,
  0xff, 0xff, 0xff, 0xff, 0xff, 0xff, 0xff, 0xff, 0xff, 0xff, 0xff, 0xff, 0xff, 0xff, 0xff, 0xff,
  0xff, 0xff, 0xff, 0xff, 0xff, 0xff, 0xff, 0xff, 0xff, 0xff, 0xff, 0xff, 0xff, 0xff, 0xff, 0xff,
  0xff, 0xff, 0xff, 0xff, 0xff, 0xff, 0xff, 0xff, 0xff, 0xff, 0xff, 0xff, 0xff, 0xff, 0xff, 0xff,
  0xff, 0xff, 0xff, 0xff, 0xff, 0xff, 0xff, 0xff, 0xff, 0xff, 0xff, 0xff, 0xff, 0xff, 0xff, 0xff,
  0xff, 0xff, 0xff, 0xff, 0xff, 0xff, 0xff, 0xff, 0xff, 0xff, 0xff, 0xff, 0xff, 0xff, 0xff, 0xff,
  0xff, 0xff, 0xff, 0xff, 0xff, 0xff, 0xff, 0xff, 0xff, 0xff, 0xff, 0xff, 0xff, 0xff, 0xff, 0xff,
  0xff, 0xff, 0xff, 0xff, 0xff, 0xff, 0xff, 0xff, 0xff, 0xff, 0xff, 0xff, 0xff, 0xff, 0xff, 0xff,
  0xff, 0xff, 0xff, 0xff, 0xff, 0xff, 0xff, 0xff, 0xff, 0xff, 0xff, 0xff, 0xff, 0xff, 0xff, 0xff,
  0xff, 0xff, 0xff, 0xff, 0xff, 0xff, 0xff, 0xff, 0xff, 0xff, 0xff, 0xff, 0xff, 0xff, 0xff, 0xff,
  0xff, 0xff, 0xff, 0xff, 0xff, 0xff, 0xff, 0xff, 0xff, 0xff, 0xff, 0xff, 0xff, 0xff, 0xff, 0xff,
  0xff, 0xff, 0xff, 0xff, 0xff, 0xff, 0xff, 0xff, 0xff, 0xff, 0xff, 0xff, 0xff, 0xff, 0xff, 0xff,
  0xff, 0xff, 0xff, 0xff, 0xff, 0xff, 0xff, 0xff, 0xff, 0xff, 0xff, 0xff, 0xff, 0xff, 0xff, 0xff,
  0xff, 0xff, 0xff, 0xff, 0xff, 0xff, 0xff, 0xff, 0xff, 0xff, 0xff, 0xff, 0xff, 0xff, 0xff, 0xff,
  0xff, 0xff, 0xff, 0xff, 0xff, 0xff, 0xff, 0xff, 0xff, 0xff, 0xff, 0xff, 0xff, 0xff, 0xff, 0xff,
  0xff, 0xff, 0xff, 0xff, 0xff, 0xff, 0xff, 0xff, 0xff, 0xff, 0xff, 0xff, 0xff, 0xff, 0xff, 0xff,
  0xff, 0xff, 0xff, 0xff, 0xff, 0xff, 0xff, 0xff, 0xff, 0xff, 0xff, 0xff, 0xff, 0xff, 0xff, 0xff,
  0xff, 0xff, 0xff, 0xff, 0xff, 0xff, 0xff, 0xff, 0xff, 0xff, 0xff, 0xff, 0xff, 0xff, 0xff, 0xff,
  0xff, 0xff, 0xff, 0xff, 0xff, 0xff, 0xff, 0xff, 0xff, 0xff, 0xff, 0xff, 0xff, 0xff, 0xff, 0xff,
  0xff, 0xff, 0xff, 0xff, 0xff, 0xff, 0xff, 0xff, 0xff, 0xff, 0xff, 0xff, 0xff, 0xff, 0xff, 0xff,
  0xff, 0xff, 0xff, 0xff, 0xff, 0xff, 0xff, 0xff, 0xff, 0xff, 0xff, 0xff, 0xff, 0xff, 0xff, 0xff,
  0xff, 0xff, 0xff, 0xff, 0xff, 0xff, 0xff, 0xff, 0xff, 0xff, 0xff, 0xff, 0xff, 0xff, 0xff, 0xff,
  0xff, 0xff, 0xff, 0xff, 0xff, 0xff, 0xff, 0xff, 0xff, 0xff, 0xff, 0xff, 0xff, 0xff, 0xff, 0xff,
  0xff, 0xff, 0xff, 0xff, 0xff, 0xff, 0xff, 0xff, 0xff, 0xff, 0xff, 0xff, 0xff, 0xff, 0xff, 0xff,
  0xff, 0xff, 0xff, 0xff, 0xff, 0xff, 0xff, 0xff, 0xff, 0xff, 0xff, 0xff, 0xff, 0xff, 0xff, 0xff,
  0xff, 0xff, 0xff, 0xff, 0xff, 0xff, 0xff, 0xff, 0xff, 0xff, 0xff, 0xff, 0xff, 0xff, 0xff, 0xff,
  0xff, 0xff, 0xff, 0xff, 0xff, 0xff, 0xff, 0xff, 0xff, 0xff, 0xff, 0xff, 0xff, 0xff, 0xff, 0xff,
  0xff, 0xff, 0xff, 0xff, 0xff, 0xff, 0xff, 0xff, 0xff, 0xff, 0xff, 0xff, 0xff, 0xff, 0xff, 0xff,
  0xff, 0xff, 0xff, 0xff, 0xff, 0xff, 0xff, 0xff, 0xff, 0xff, 0xff, 0xff, 0xff, 0xff, 0xff, 0xff,
  0xff, 0xff, 0xff, 0xff, 0xff, 0xff, 0xff, 0xff, 0xff, 0xff, 0xff, 0xff, 0xff, 0xff, 0xff, 0xff,
  0xff, 0xff, 0xff, 0xff, 0xff, 0xff, 0xff, 0xff, 0xff, 0xff, 0xff, 0xff, 0xff, 0xff, 0xff, 0xff,
  0xff, 0xff, 0xff, 0xff, 0xff, 0xff, 0xff, 0xff, 0xff, 0xff, 0xff, 0xff, 0xff, 0xff, 0xff, 0xff,
  0xff, 0xff, 0xff, 0xff, 0xff, 0xff, 0xff, 0xff, 0xff, 0xff, 0xff, 0xff, 0xff, 0xff, 0xff, 0xff,
  0xff, 0xff, 0xff, 0xff, 0xff, 0xff, 0xff, 0xff, 0xff, 0xff, 0xff, 0xff, 0xff, 0xff, 0xff, 0xff,
  0xff, 0xff, 0xff, 0xff, 0xff, 0xff, 0xff, 0xff, 0xff, 0xff, 0xff, 0xff, 0xff, 0xff, 0xff, 0xff,
  0xff, 0xff, 0xff, 0xff, 0xff, 0xff, 0xff, 0xff, 0xff, 0xff, 0xff, 0xff, 0xff, 0xff, 0xff, 0xff,
  0xff, 0xff, 0xff, 0xff, 0xff, 0xff, 0xff, 0xff, 0xff, 0xff, 0xff, 0xff, 0xff, 0xff, 0xff, 0xff,
  0xff, 0xff, 0xff, 0xff, 0xff, 0xff, 0xff, 0xff, 0xff, 0xff, 0xff, 0xff, 0xff, 0xff, 0xff, 0xff,
  0xff, 0xff, 0xff, 0xff, 0xff, 0xff, 0xff, 0xff, 0xff, 0xff, 0xff, 0xff, 0xff, 0xff, 0xff, 0xff,
  0xff, 0xff, 0xff, 0xff, 0xff, 0xff, 0xff, 0xff, 0xff, 0xff, 0xff, 0xff, 0xff, 0xff, 0xff, 0xff,
  0xff, 0xff, 0xff, 0xff, 0xff, 0xff, 0xff, 0xff, 0xff, 0xff, 0xff, 0xff, 0xff, 0xff, 0xff, 0xff,
  0xff, 0xff, 0xff, 0xff, 0xff, 0xff, 0xff, 0xff, 0xff, 0xff, 0xff, 0xff, 0xff, 0xff, 0xff, 0xff,
  0xff, 0xff, 0xff, 0xff, 0xff, 0xff, 0xff, 0xff, 0xff, 0xff, 0xff, 0xff, 0xff, 0xff, 0xff, 0xff,
  0xff, 0xff, 0xff, 0xff, 0xff, 0xff, 0xff, 0xff, 0xff, 0xff, 0xff, 0xff, 0xff, 0xff, 0xff, 0xff,
  0xff, 0xff, 0xff, 0xff, 0xff, 0xff, 0xff, 0xff, 0xff, 0xff, 0xff, 0xff, 0xff, 0xff, 0xff, 0xff,
  0xff, 0xff, 0xff, 0xff, 0xff, 0xff, 0xff, 0xff, 0xff, 0xff, 0xff, 0xff, 0xff, 0xff, 0xff, 0xff,
  0xff, 0xff, 0xff, 0xff, 0xff, 0xff, 0xff, 0xff, 0xff, 0xff, 0xff, 0xff, 0xff, 0xff, 0xff, 0xff,
  0xff, 0xff, 0xff, 0xff, 0xff, 0xff, 0xff, 0xff, 0xff, 0xff, 0xff, 0xff, 0xff, 0xff, 0xff, 0xff,
  0xff, 0xff, 0xff, 0xff, 0xff, 0xff, 0xff, 0xff, 0xff, 0xff, 0xff, 0xff, 0xff, 0xff, 0xff, 0xff,
  0xff, 0xff, 0xff, 0xff, 0xff, 0xff, 0xff, 0xff, 0xff, 0xff, 0xff, 0xff, 0xff, 0xff, 0xff, 0xff,
  0xff, 0xff, 0xff, 0xff, 0xff, 0xff, 0xff, 0xff, 0xff, 0xff, 0xff, 0xff, 0xff, 0xff, 0xff, 0xff,
  0xff, 0xff, 0xff, 0xff, 0xff, 0xff, 0xff, 0xff, 0xff, 0xff, 0xff, 0xff, 0xff, 0xff, 0xff, 0xff,
  0xff, 0xff, 0xff, 0xff, 0xff, 0xff, 0xff, 0xff, 0xff, 0xff, 0xff, 0xff, 0xff, 0xff, 0xff, 0xff,
  0xff, 0xff, 0xff, 0xff, 0xff, 0xff, 0xff, 0xff, 0xff, 0xff, 0xff, 0xff, 0xff, 0xff, 0xff, 0xff,
  0xff, 0xff, 0xff, 0xff, 0xff, 0xff, 0xff, 0xff, 0xff, 0xff, 0xff, 0xff, 0xff, 0xff, 0xff, 0xff,
  0xff, 0xff, 0xff, 0xff, 0xff, 0xff, 0xff, 0xff, 0xff, 0xff, 0xff, 0xff, 0xff, 0xff, 0xff, 0xff,
  0xff, 0xff, 0xff, 0xff, 0xff, 0xff, 0xff, 0xff, 0xff, 0xff, 0xff, 0xff, 0xff, 0xff, 0xff, 0xff,
  0xff, 0xff, 0xff, 0xff, 0xff, 0xff, 0xff, 0xff, 0xff, 0xff, 0xff, 0xff, 0xff, 0xff, 0xff, 0xff,
  0xff, 0xff, 0xff, 0xff, 0xff, 0xff, 0xff, 0xff, 0xff, 0xff, 0xff, 0xff, 0xff, 0xff, 0xff, 0xff,
  0xff, 0xff, 0xff, 0xff, 0xff, 0xff, 0xff, 0xff, 0xff, 0xff, 0xff, 0xff, 0xff, 0xff, 0xff, 0xff,
  0xff, 0xff, 0xff, 0xff, 0xff, 0xff, 0xff, 0xff, 0xff, 0xff, 0xff, 0xff, 0xff, 0xff, 0xff, 0xff,
  0xff, 0xff, 0xff, 0xff, 0xff, 0xff, 0xff, 0xff, 0xff, 0xff, 0xff, 0xff, 0xff, 0xff, 0xff, 0xff,
  0xff, 0xff, 0xff, 0xff, 0xff, 0xff, 0xff, 0xff, 0xff, 0xff, 0xff, 0xff, 0xff, 0xff, 0xff, 0xff,
  0xff, 0xff, 0xff, 0xff, 0xff, 0xff, 0xff, 0xff, 0xff, 0xff, 0xff, 0xff, 0xff, 0xff, 0xff, 0xff,
  0xff, 0xff, 0xff, 0xff, 0xff, 0xff, 0xff, 0xff, 0xff, 0xff, 0xff, 0xff, 0xff, 0xff, 0xff, 0xff,
  0xff, 0xff, 0xff, 0xff, 0xff, 0xff, 0xff, 0xff, 0xff, 0xff, 0xff, 0xff, 0xff, 0xff, 0xff, 0xff,
  0xff, 0xff, 0xff, 0xff, 0xff, 0xff, 0xff, 0xff, 0xff, 0xff, 0xff, 0xff, 0xff, 0xff, 0xff, 0xff,
  0xff, 0xff, 0xff, 0xff, 0xff, 0xff, 0xff, 0xff, 0xff, 0xff, 0xff, 0xff, 0xff, 0xff, 0xff, 0xff,
  0xff, 0xff, 0xff, 0xff, 0xff, 0xff, 0xff, 0xff, 0xff, 0xff, 0xff, 0xff, 0xff, 0xff, 0xff, 0xff,
  0xff, 0xff, 0xff, 0xff, 0xff, 0xff, 0xff, 0xff, 0xff, 0xff, 0xff, 0xff, 0xff, 0xff, 0xff, 0xff,
  0xff, 0xff, 0xff, 0xff, 0xff, 0xff, 0xff, 0xff, 0xff, 0xff, 0xff, 0xff, 0xff, 0xff, 0xff, 0xff,
  0xff, 0xff, 0xff, 0xff, 0xff, 0xff, 0xff, 0xff, 0xff, 0xff, 0xff, 0xff, 0xff, 0xff, 0xff, 0xff,
  0xff, 0xff, 0xff, 0xff, 0xff, 0xff, 0xff, 0xff, 0xff, 0xff, 0xff, 0xff, 0xff, 0xff, 0xff, 0xff,
  0xff, 0xff, 0xff, 0xff, 0xff, 0xff, 0xff, 0xff, 0xff, 0xff, 0xff, 0xff, 0xff, 0xff, 0xff, 0xff,
  0xff, 0xff, 0xff, 0xff, 0xff, 0xff, 0xff, 0xff, 0xff, 0xff, 0xff, 0xff, 0xff, 0xff, 0xff, 0xff,
  0xff, 0xff, 0xff, 0xff, 0xff, 0xff, 0xff, 0xff, 0xff, 0xff, 0xff, 0xff, 0xff, 0xff, 0xff, 0xff,
  0xff, 0xff, 0xff, 0xff, 0xff, 0xff, 0xff, 0xff, 0xff, 0xff, 0xff, 0xff, 0xff, 0xff, 0xff, 0xff,
  0xff, 0xff, 0xff, 0xff, 0xff, 0xff, 0xff, 0xff, 0xff, 0xff, 0xff, 0xff, 0xff, 0xff, 0xff, 0xff,
  0xff, 0xff, 0xff, 0xff, 0xff, 0xff, 0xff, 0xff, 0xff, 0xff, 0xff, 0xff, 0xff, 0xff, 0xff, 0xff,
  0xff, 0xff, 0xff, 0xff, 0xff, 0xff, 0xff, 0xff, 0xff, 0xff, 0xff, 0xff, 0xff, 0xff, 0xff, 0xff,
  0xff, 0xff, 0xff, 0xff, 0xff, 0xff, 0xff, 0xff, 0xff, 0xff, 0xff, 0xff, 0xff, 0xff, 0xff, 0xff,
  0xff, 0xff, 0xff, 0xff, 0xff, 0xff, 0xff, 0xff, 0xff, 0xff, 0xff, 0xff, 0xff, 0xff, 0xff, 0xff,
  0xff, 0xff, 0xff, 0xff, 0xff, 0xff, 0xff, 0xff, 0xff, 0xff, 0xff, 0xff, 0xff, 0xff, 0xff, 0xff,
  0xff, 0xff, 0xff, 0xff, 0xff, 0xff, 0xff, 0xff, 0xff, 0xff, 0xff, 0xff, 0xff, 0xff, 0xff, 0xff,
  0xff, 0xff, 0xff, 0xff, 0xff, 0xff, 0xff, 0xff, 0xff, 0xff, 0xff, 0xff, 0xff, 0xff, 0xff, 0xff,
  0xff, 0xff, 0xff, 0xff, 0xff, 0xff, 0xff, 0xff, 0xff, 0xff, 0xff, 0xff, 0xff, 0xff, 0xff, 0xff,
  0xff, 0xff, 0xff, 0xff, 0xff, 0xff, 0xff, 0xff, 0xff, 0xff, 0xff, 0xff, 0xff, 0xff, 0xff, 0xff,
  0xff, 0xff, 0xff, 0xff, 0xff, 0xff, 0xff, 0xff, 0xff, 0xff, 0xff, 0xff, 0xff, 0xff, 0xff, 0xff,
  0xff, 0xff, 0xff, 0xff, 0xff, 0xff, 0xff, 0xff, 0xff, 0xff, 0xff, 0xff, 0xff, 0xff, 0xff, 0xff,
  0xff, 0xff, 0xff, 0xff, 0xff, 0xff, 0xff, 0xff, 0xff, 0xff, 0xff, 0xff, 0xff, 0xff, 0xff, 0xff,
  0xff, 0xff, 0xff, 0xff, 0xff, 0xff, 0xff, 0xff, 0xff, 0xff, 0xff, 0xff, 0xff, 0xff, 0xff, 0xff,
  0xff, 0xff, 0xff, 0xff, 0xff, 0xff, 0xff, 0xff, 0xff, 0xff, 0xff, 0xff, 0xff, 0xff, 0xff, 0xff,
  0xff, 0xff, 0xff, 0xff, 0xff, 0xff, 0xff, 0xff, 0xff, 0xff, 0xff, 0xff, 0xff, 0xff, 0xff, 0xff,
  0xff, 0xff, 0xff, 0xff, 0xff, 0xff, 0xff, 0xff, 0xff, 0xff, 0xff, 0xff, 0xff, 0xff, 0xff, 0xff,
  0xff, 0xff, 0xff, 0xff, 0xff, 0xff, 0xff, 0xff, 0xff, 0xff, 0xff, 0xff, 0xff, 0xff, 0xff, 0xff,
  0xff, 0xff, 0xff, 0xff, 0xff, 0xff, 0xff, 0xff, 0xff, 0xff, 0xff, 0xff, 0xff, 0xff, 0xff, 0xff,
  0xff, 0xff, 0xff, 0xff, 0xff, 0xff, 0xff, 0xff, 0xff, 0xff, 0xff, 0xff, 0xff, 0xff, 0xff, 0xff,
  0xff, 0xff, 0xff, 0xff, 0xff, 0xff, 0xff, 0xff, 0xff, 0xff, 0xff, 0xff, 0xff, 0xff, 0xff, 0xff,
  0xff, 0xff, 0xff, 0xff, 0xff, 0xff, 0xff, 0xff, 0xff, 0xff, 0xff, 0xff, 0xff, 0xff, 0xff, 0xff,
  0xff, 0xff, 0xff, 0xff, 0xff, 0xff, 0xff, 0xff, 0xff, 0xff, 0xff, 0xff, 0xff, 0xff, 0xff, 0xff,
  0xff, 0xff, 0xff, 0xff, 0xff, 0xff, 0xff, 0xff, 0xff, 0xff, 0xff, 0xff, 0xff, 0xff, 0xff, 0xff,
  0xff, 0xff, 0xff, 0xff, 0xff, 0xff, 0xff, 0xff, 0xff, 0xff, 0xff, 0xff, 0xff, 0xff, 0xff, 0xff,
  0xff, 0xff, 0xff, 0xff, 0xff, 0xff, 0xff, 0xff, 0xff, 0xff, 0xff, 0xff, 0xff, 0xff, 0xff, 0xff,
  0xff, 0xff, 0xff, 0xff, 0xff, 0xff, 0xff, 0xff, 0xff, 0xff, 0xff, 0xff, 0xff, 0xff, 0xff, 0xff,
  0xff, 0xff, 0xff, 0xff, 0xff, 0xff, 0xff, 0xff, 0xff, 0xff, 0xff, 0xff, 0xff, 0xff, 0xff, 0xff,
  0xff, 0xff, 0xff, 0xff, 0xff, 0xff, 0xff, 0xff, 0xff, 0xff, 0xff, 0xff, 0xff, 0xff, 0xff, 0xff,
  0xff, 0xff, 0xff, 0xff, 0xff, 0xff, 0xff, 0xff, 0xff, 0xff, 0xff, 0xff, 0xff, 0xff, 0xff, 0xff,
  0xff, 0xff, 0xff, 0xff, 0xff, 0xff, 0xff, 0xff, 0xff, 0xff, 0xff, 0xff, 0xff, 0xff, 0xff, 0xff,
  0xff, 0xff, 0xff, 0xff, 0xff, 0xff, 0xff, 0xff, 0xff, 0xff, 0xff, 0xff, 0xff, 0xff, 0xff, 0xff,
  0xff, 0xff, 0xff, 0xff, 0xff, 0xff, 0xff, 0xff, 0xff, 0xff, 0xff, 0xff, 0xff, 0xff, 0xff, 0xff,
  0xff, 0xff, 0xff, 0xff, 0xff, 0xff, 0xff, 0xff, 0xff, 0xff, 0xff, 0xff, 0xff, 0xff, 0xff, 0xff,
  0xff, 0xff, 0xff, 0xff, 0xff, 0xff, 0xff, 0xff, 0xff, 0xff, 0xff, 0xff, 0xff, 0xff, 0xff, 0xff,
  0xff, 0xff, 0xff, 0xff, 0xff, 0xff, 0xff, 0xff, 0xff, 0xff, 0xff, 0xff, 0xff, 0xff, 0xff, 0xff,
  0xff, 0xff, 0xff, 0xff, 0xff, 0xff, 0xff, 0xff, 0xff, 0xff, 0xff, 0xff, 0xff, 0xff, 0xff, 0xff,
  0xff, 0xff, 0xff, 0xff, 0xff, 0xff, 0xff, 0xff, 0xff, 0xff, 0xff, 0xff, 0xff, 0xff, 0xff, 0xff,
  0xff, 0xff, 0xff, 0xff, 0xff, 0xff, 0xff, 0xff, 0xff, 0xff, 0xff, 0xff, 0xff, 0xff, 0xff, 0xff,
  0xff, 0xff, 0xff, 0xff, 0xff, 0xff, 0xff, 0xff, 0xff, 0xff, 0xff, 0xff, 0xff, 0xff, 0xff, 0xff,
  0xff, 0xff, 0xff, 0xff, 0xff, 0xff, 0xff, 0xff, 0xff, 0xff, 0xff, 0xff, 0xff, 0xff, 0xff, 0xff,
  0xff, 0xff, 0xff, 0xff, 0xff, 0xff, 0xff, 0xff, 0xff, 0xff, 0xff, 0xff, 0xff, 0xff, 0xff, 0xff,
  0xff, 0xff, 0xff, 0xff, 0xff, 0xff, 0xff, 0xff, 0xff, 0xff, 0xff, 0xff, 0xff, 0xff, 0xff, 0xff,
  0xff, 0xff, 0xff, 0xff, 0xff, 0xff, 0xff, 0xff, 0xff, 0xff, 0xff, 0xff, 0xff, 0xff, 0xff, 0xff,
  0xff, 0xff, 0xff, 0xff, 0xff, 0xff, 0xff, 0xff, 0xff, 0xff, 0xff, 0xff, 0xff, 0xff, 0xff, 0xff,
  0xff, 0xff, 0xff, 0xff, 0xff, 0xff, 0xff, 0xff, 0xff, 0xff, 0xff, 0xff, 0xff, 0xff, 0xff, 0xff,
  0xff, 0xff, 0xff, 0xff, 0xff, 0xff, 0xff, 0xff, 0xff, 0xff, 0xff, 0xff, 0xff, 0xff, 0xff, 0xff,
  0xff, 0xff, 0xff, 0xff, 0xff, 0xff, 0xff, 0xff, 0xff, 0xff, 0xff, 0xff, 0xff, 0xff, 0xff, 0xff,
  0xff, 0xff, 0xff, 0xff, 0xff, 0xff, 0xff, 0xff, 0xff, 0xff, 0xff, 0xff, 0xff, 0xff, 0xff, 0xff,
  0xff, 0xff, 0xff, 0xff, 0xff, 0xff, 0xff, 0xff, 0xff, 0xff, 0xff, 0xff, 0xff, 0xff, 0xff, 0xff,
  0xff, 0xff, 0xff, 0xff, 0xff, 0xff, 0xff, 0xff, 0xff, 0xff, 0xff, 0xff, 0xff, 0xff, 0xff, 0xff,
  0xff, 0xff, 0xff, 0xff, 0xff, 0xff, 0xff, 0xff, 0xff, 0xff, 0xff, 0xff, 0xff, 0xff, 0xff, 0xff,
  0xff, 0xff, 0xff, 0xff, 0xff, 0xff, 0xff, 0xff, 0xff, 0xff, 0xff, 0xff, 0xff, 0xff, 0xff, 0xff,
  0xff, 0xff, 0xff, 0xff, 0xff, 0xff, 0xff, 0xff, 0xff, 0xff, 0xff, 0xff, 0xff, 0xff, 0xff, 0xff,
  0xff, 0xff, 0xff, 0xff, 0xff, 0xff, 0xff, 0xff, 0xff, 0xff, 0xff, 0xff, 0xff, 0xff, 0xff, 0xff,
  0xff, 0xff, 0xff, 0xff, 0xff, 0xff, 0xff, 0xff, 0xff, 0xff, 0xff, 0xff, 0xff, 0xff, 0xff, 0xff,
  0xff, 0xff, 0xff, 0xff, 0xff, 0xff, 0xff, 0xff, 0xff, 0xff, 0xff, 0xff, 0xff, 0xff, 0xff, 0xff,
  0xff, 0xff, 0xff, 0xff, 0xff, 0xff, 0xff, 0xff, 0xff, 0xff, 0xff, 0xff, 0xff, 0xff, 0xff, 0xff,
  0xff, 0xff, 0xff, 0xff, 0xff, 0xff, 0xff, 0xff, 0xff, 0xff, 0xff, 0xff, 0xff, 0xff, 0xff, 0xff,
  0xff, 0xff, 0xff, 0xff, 0xff, 0xff, 0xff, 0xff, 0xff, 0xff, 0xff, 0xff, 0xff, 0xff, 0xff, 0xff,
  0xff, 0xff, 0xff, 0xff, 0xff, 0xff, 0xff, 0xff, 0xff, 0xff, 0xff, 0xff, 0xff, 0xff, 0xff, 0xff,
  0xff, 0xff, 0xff, 0xff, 0xff, 0xff, 0xff, 0xff, 0xff, 0xff, 0xff, 0xff, 0xff, 0xff, 0xff, 0xff,
  0xff, 0xff, 0xff, 0xff, 0xff, 0xff, 0xff, 0xff, 0xff, 0xff, 0xff, 0xff, 0xff, 0xff, 0xff, 0xff,
  0xff, 0xff, 0xff, 0xff, 0xff, 0xff, 0xff, 0xff, 0xff, 0xff, 0xff, 0xff, 0xff, 0xff, 0xff, 0xff,
  0xff, 0xff, 0xff, 0xff, 0xff, 0xff, 0xff, 0xff, 0xff, 0xff, 0xff, 0xff, 0xff, 0xff, 0xff, 0xff,
  0xff, 0xff, 0xff, 0xff, 0xff, 0xff, 0xff, 0xff, 0xff, 0xff, 0xff, 0xff, 0xff, 0xff, 0xff, 0xff,
  0xff, 0xff, 0xff, 0xff, 0xff, 0xff, 0xff, 0xff, 0xff, 0xff, 0xff, 0xff, 0xff, 0xff, 0xff, 0xff,
  0xff, 0xff, 0xff, 0xff, 0xff, 0xff, 0xff, 0xff, 0xff, 0xff, 0xff, 0xff, 0xff, 0xff, 0xff, 0xff,
  0xff, 0xff, 0xff, 0xff, 0xff, 0xff, 0xff, 0xff, 0xff, 0xff, 0xff, 0xff, 0xff, 0xff, 0xff, 0xff,
  0xff, 0xff, 0xff, 0xff, 0xff, 0xff, 0xff, 0xff, 0xff, 0xff, 0xff, 0xff, 0xff, 0xff, 0xff, 0xff,
  0xff, 0xff, 0xff, 0xff, 0xff, 0xff, 0xff, 0xff, 0xff, 0xff, 0xff, 0xff, 0xff, 0xff, 0xff, 0xff,
  0xff, 0xff, 0xff, 0xff, 0xff, 0xff, 0xff, 0xff, 0xff, 0xff, 0xff, 0xff, 0xff, 0xff, 0xff, 0xff,
  0xff, 0xff, 0xff, 0xff, 0xff, 0xff, 0xff, 0xff, 0xff, 0xff, 0xff, 0xff, 0xff, 0xff, 0xff, 0xff,
  0xff, 0xff, 0xff, 0xff, 0xff, 0xff, 0xff, 0xff, 0xff, 0xff, 0xff, 0xff, 0xff, 0xff, 0xff, 0xff,
  0xff, 0xff, 0xff, 0xff, 0xff, 0xff, 0xff, 0xff, 0xff, 0xff, 0xff, 0xff, 0xff, 0xff, 0xff, 0xff,
  0xff, 0xff, 0xff, 0xff, 0xff, 0xff, 0xff, 0xff, 0xff, 0xff, 0xff, 0xff, 0xff, 0xff, 0xff, 0xff,
  0xff, 0xff, 0xff, 0xff, 0xff, 0xff, 0xff, 0xff, 0xff, 0xff, 0xff, 0xff, 0xff, 0xff, 0xff, 0xff,
  0xff, 0xff, 0xff, 0xff, 0xff, 0xff, 0xff, 0xff, 0xff, 0xff, 0xff, 0xff, 0xff, 0xff, 0xff, 0xff,
  0xff, 0xff, 0xff, 0xff, 0xff, 0xff, 0xff, 0xff, 0xff, 0xff, 0xff, 0xff, 0xff, 0xff, 0xff, 0xff,
  0xff, 0xff, 0xff, 0xff, 0xff, 0xff, 0xff, 0xff, 0xff, 0xff, 0xff, 0xff, 0xff, 0xff, 0xff, 0xff,
  0xff, 0xff, 0xff, 0xff, 0xff, 0xff, 0xff, 0xff, 0xff, 0xff, 0xff, 0xff, 0xff, 0xff, 0xff, 0xff,
  0xff, 0xff, 0xff, 0xff, 0xff, 0xff, 0xff, 0xff, 0xff, 0xff, 0xff, 0xff, 0xff, 0xff, 0xff, 0xff,
  0xff, 0xff, 0xff, 0xff, 0xff, 0xff, 0xff, 0xff, 0xff, 0xff, 0xff, 0xff, 0xff, 0xff, 0xff, 0xff,
  0xff, 0xff, 0xff, 0xff, 0xff, 0xff, 0xff, 0xff, 0xff, 0xff, 0xff, 0xff, 0xff, 0xff, 0xff, 0xff,
  0xff, 0xff, 0xff, 0xff, 0xff, 0xff, 0xff, 0xff, 0xff, 0xff, 0xff, 0xff, 0xff, 0xff, 0xff, 0xff,
  0xff, 0xff, 0xff, 0xff, 0xff, 0xff, 0xff, 0xff, 0xff, 0xff, 0xff, 0xff, 0xff, 0xff, 0xff, 0xff,
  0xff, 0xff, 0xff, 0xff, 0xff, 0xff, 0xff, 0xff, 0xff, 0xff, 0xff, 0xff, 0xff, 0xff, 0xff, 0xff,
  0xff, 0xff, 0xff, 0xff, 0xff, 0xff, 0xff, 0xff, 0xff, 0xff, 0xff, 0xff, 0xff, 0xff, 0xff, 0xff,
  0xff, 0xff, 0xff, 0xff, 0xff, 0xff, 0xff, 0xff, 0xff, 0xff, 0xff, 0xff, 0xff, 0xff, 0xff, 0xff,
  0xff, 0xff, 0xff, 0xff, 0xff, 0xff, 0xff, 0xff, 0xff, 0xff, 0xff, 0xff, 0xff, 0xff, 0xff, 0xff,
  0xff, 0xff, 0xff, 0xff, 0xff, 0xff, 0xff, 0xff, 0xff, 0xff, 0xff, 0xff, 0xff, 0xff, 0xff, 0xff,
  0xff, 0xff, 0xff, 0xff, 0xff, 0xff, 0xff, 0xff, 0xff, 0xff, 0xff, 0xff, 0xff, 0xff, 0xff, 0xff,
  0xff, 0xff, 0xff, 0xff, 0xff, 0xff, 0xff, 0xff, 0xff, 0xff, 0xff, 0xff, 0xff, 0xff, 0xff, 0xff,
  0xff, 0xff, 0xff, 0xff, 0xff, 0xff, 0xff, 0xff, 0xff, 0xff, 0xff, 0xff, 0xff, 0xff, 0xff, 0xff,
  0xff, 0xff, 0xff, 0xff, 0xff, 0xff, 0xff, 0xff, 0xff, 0xff, 0xff, 0xff, 0xff, 0xff, 0xff, 0xff,
  0xff, 0xff, 0xff, 0xff, 0xff, 0xff, 0xff, 0xff, 0xff, 0xff, 0xff, 0xff, 0xff, 0xff, 0xff, 0xff,
  0xff, 0xff, 0xff, 0xff, 0xff, 0xff, 0xff, 0xff, 0xff, 0xff, 0xff, 0xff, 0xff, 0xff, 0xff, 0xff,
  0xff, 0xff, 0xff, 0xff, 0xff, 0xff, 0xff, 0xff, 0xff, 0xff, 0xff, 0xff, 0xff, 0xff, 0xff, 0xff,
  0xff, 0xff, 0xff, 0xff, 0xff, 0xff, 0xff, 0xff, 0xff, 0xff, 0xff, 0xff, 0xff, 0xff, 0xff, 0xff,
  0xff, 0xff, 0xff, 0xff, 0xff, 0xff, 0xff, 0xff, 0xff, 0xff, 0xff, 0xff, 0xff, 0xff, 0xff, 0xff,
  0xff, 0xff, 0xff, 0xff, 0xff, 0xff, 0xff, 0xff, 0xff, 0xff, 0xff, 0xff, 0xff, 0xff, 0xff, 0xff,
  0xff, 0xff, 0xff, 0xff, 0xff, 0xff, 0xff, 0xff, 0xff, 0xff, 0xff, 0xff, 0xff, 0xff, 0xff, 0xff,
  0xff, 0xff, 0xff, 0xff, 0xff, 0xff, 0xff, 0xff, 0xff, 0xff, 0xff, 0xff, 0xff, 0xff, 0xff, 0xff,
  0xff, 0xff, 0xff, 0xff, 0xff, 0xff, 0xff, 0xff, 0xff, 0xff, 0xff, 0xff, 0xff, 0xff, 0xff, 0xff,
  0xff, 0xff, 0xff, 0xff, 0xff, 0xff, 0xff, 0xff, 0xff, 0xff, 0xff, 0xff, 0xff, 0xff, 0xff, 0xff,
  0xff, 0xff, 0xff, 0xff, 0xff, 0xff, 0xff, 0xff, 0xff, 0xff, 0xff, 0xff, 0xff, 0xff, 0xff, 0xff,
  0xff, 0xff, 0xff, 0xff, 0xff, 0xff, 0xff, 0xff, 0xff, 0xff, 0xff, 0xff, 0xff, 0xff, 0xff, 0xff,
  0xff, 0xff, 0xff, 0xff, 0xff, 0xff, 0xff, 0xff, 0xff, 0xff, 0xff, 0xff, 0xff, 0xff, 0xff, 0xff,
  0xff, 0xff, 0xff, 0xff, 0xff, 0xff, 0xff, 0xff, 0xff, 0xff, 0xff, 0xff, 0xff, 0xff, 0xff, 0xff,
  0xff, 0xff, 0xff, 0xff, 0xff, 0xff, 0xff, 0xff, 0xff, 0xff, 0xff, 0xff, 0xff, 0xff, 0xff, 0xff,
  0xff, 0xff, 0xff, 0xff, 0xff, 0xff, 0xff, 0xff, 0xff, 0xff, 0xff, 0xff, 0xff, 0xff, 0xff, 0xff,
  0xff, 0xff, 0xff, 0xff, 0xff, 0xff, 0xff, 0xff, 0xff, 0xff, 0xff, 0xff, 0xff, 0xff, 0xff, 0xff,
  0xff, 0xff, 0xff, 0xff, 0xff, 0xff, 0xff, 0xff, 0xff, 0xff, 0xff, 0xff, 0xff, 0xff, 0xff, 0xff,
  0xff, 0xff, 0xff, 0xff, 0xff, 0xff, 0xff, 0xff, 0xff, 0xff, 0xff, 0xff, 0xff, 0xff, 0xff, 0xff,
  0xff, 0xff, 0xff, 0xff, 0xff, 0xff, 0xff, 0xff, 0xff, 0xff, 0xff, 0xff, 0xff, 0xff, 0xff, 0xff,
  0xff, 0xff, 0xff, 0xff, 0xff, 0xff, 0xff, 0xff, 0xff, 0xff, 0xff, 0xff, 0xff, 0xff, 0xff, 0xff,
  0xff, 0xff, 0xff, 0xff, 0xff, 0xff, 0xff, 0xff, 0xff, 0xff, 0xff, 0xff, 0xff, 0xff, 0xff, 0xff,
  0xff, 0xff, 0xff, 0xff, 0xff, 0xff, 0xff, 0xff, 0xff, 0xff, 0xff, 0xff, 0xff, 0xff, 0xff, 0xff,
  0xff, 0xff, 0xff, 0xff, 0xff, 0xff, 0xff, 0xff, 0xff, 0xff, 0xff, 0xff, 0xff, 0xff, 0xff, 0xff,
  0xff, 0xff, 0xff, 0xff, 0xff, 0xff, 0xff, 0xff, 0xff, 0xff, 0xff, 0xff, 0xff, 0xff, 0xff, 0xff,
  0xff, 0xff, 0xff, 0xff, 0xff, 0xff, 0xff, 0xff, 0xff, 0xff, 0xff, 0xff, 0xff, 0xff, 0xff, 0xff,
  0xff, 0xff, 0xff, 0xff, 0xff, 0xff, 0xff, 0xff, 0xff, 0xff, 0xff, 0xff, 0xff, 0xff, 0xff, 0xff,
  0xff, 0xff, 0xff, 0xff, 0xff, 0xff, 0xff, 0xff, 0xff, 0xff, 0xff, 0xff, 0xff, 0xff, 0xff, 0xff,
  0xff, 0xff, 0xff, 0xff, 0xff, 0xff, 0xff, 0xff, 0xff, 0xff, 0xff, 0xff, 0xff, 0xff, 0xff, 0xff,
  0xff, 0xff, 0xff, 0xff, 0xff, 0xff, 0xff, 0xff, 0xff, 0xff, 0xff, 0xff, 0xff, 0xff, 0xff, 0xff,
  0xff, 0xff, 0xff, 0xff, 0xff, 0xff, 0xff, 0xff, 0xff, 0xff, 0xff, 0xff, 0xff, 0xff, 0xff, 0xff,
  0xff, 0xff, 0xff, 0xff, 0xff, 0xff, 0xff, 0xff, 0xff, 0xff, 0xff, 0xff, 0xff, 0xff, 0xff, 0xff,
  0xff, 0xff, 0xff, 0xff, 0xff, 0xff, 0xff, 0xff, 0xff, 0xff, 0xff, 0xff, 0xff, 0xff, 0xff, 0xff,
  0xff, 0xff, 0xff, 0xff, 0xff, 0xff, 0xff, 0xff, 0xff, 0xff, 0xff, 0xff, 0xff, 0xff, 0xff, 0xff,
  0xff, 0xff, 0xff, 0xff, 0xff, 0xff, 0xff, 0xff, 0xff, 0xff, 0xff, 0xff, 0xff, 0xff, 0xff, 0xff,
  0xff, 0xff, 0xff, 0xff, 0xff, 0xff, 0xff, 0xff, 0xff, 0xff, 0xff, 0xff, 0xff, 0xff, 0xff, 0xff,
  0xff, 0xff, 0xff, 0xff, 0xff, 0xff, 0xff, 0xff, 0xff, 0xff, 0xff, 0xff, 0xff, 0xff, 0xff, 0xff,
  0xff, 0xff, 0xff, 0xff, 0xff, 0xff, 0xff, 0xff, 0xff, 0xff, 0xff, 0xff, 0xff, 0xff, 0xff, 0xff,
  0xff, 0xff, 0xff, 0xff, 0xff, 0xff, 0xff, 0xff, 0xff, 0xff, 0xff, 0xff, 0xff, 0xff, 0xff, 0xff,
  0xff, 0xff, 0xff, 0xff, 0xff, 0xff, 0xff, 0xff, 0xff, 0xff, 0xff, 0xff, 0xff, 0xff, 0xff, 0xff,
  0xff, 0xff, 0xff, 0xff, 0xff, 0xff, 0xff, 0xff, 0xff, 0xff, 0xff, 0xff, 0xff, 0xff, 0xff, 0xff,
  0xff, 0xff, 0xff, 0xff, 0xff, 0xff, 0xff, 0xff, 0xff, 0xff, 0xff, 0xff, 0xff, 0xff, 0xff, 0xff,
  0xff, 0xff, 0xff, 0xff, 0xff, 0xff, 0xff, 0xff, 0xff, 0xff, 0xff, 0xff, 0xff, 0xff, 0xff, 0xff,
  0xff, 0xff, 0xff, 0xff, 0xff, 0xff, 0xff, 0xff, 0xff, 0xff, 0xff, 0xff, 0xff, 0xff, 0xff, 0xff,
  0xff, 0xff, 0xff, 0xff, 0xff, 0xff, 0xff, 0xff, 0xff, 0xff, 0xff, 0xff, 0xff, 0xff, 0xff, 0xff,
  0xff, 0xff, 0xff, 0xff, 0xff, 0xff, 0xff, 0xff, 0xff, 0xff, 0xff, 0xff, 0xff, 0xff, 0xff, 0xff,
  0xff, 0xff, 0xff, 0xff, 0xff, 0xff, 0xff, 0xff, 0xff, 0xff, 0xff, 0xff, 0xff, 0xff, 0xff, 0xff,
  0xff, 0xff, 0xff, 0xff, 0xff, 0xff, 0xff, 0xff, 0xff, 0xff, 0xff, 0xff, 0xff, 0xff, 0xff, 0xff,
  0xff, 0xff, 0xff, 0xff, 0xff, 0xff, 0xff, 0xff, 0xff, 0xff, 0xff, 0xff, 0xff, 0xff, 0xff, 0xff,
  0xff, 0xff, 0xff, 0xff, 0xff, 0xff, 0xff, 0xff, 0xff, 0xff, 0xff, 0xff, 0xff, 0xff, 0xff, 0xff,
  0xff, 0xff, 0xff, 0xff, 0xff, 0xff, 0xff, 0xff, 0xff, 0xff, 0xff, 0xff, 0xff, 0xff, 0xff, 0xff,
  0xff, 0xff, 0xff, 0xff, 0xff, 0xff, 0xff, 0xff, 0xff, 0xff, 0xff, 0xff, 0xff, 0xff, 0xff, 0xff,
  0xff, 0xff, 0xff, 0xff, 0xff, 0xff, 0xff, 0xff, 0xff, 0xff, 0xff, 0xff, 0xff, 0xff, 0xff, 0xff,
  0xff, 0xff, 0xff, 0xff, 0xff, 0xff, 0xff, 0xff, 0xff, 0xff, 0xff, 0xff, 0xff, 0xff, 0xff, 0xff,
  0xff, 0xff, 0xff, 0xff, 0xff, 0xff, 0xff, 0xff, 0xff, 0xff, 0xff, 0xff, 0xff, 0xff, 0xff, 0xff,
  0xff, 0xff, 0xff, 0xff, 0xff, 0xff, 0xff, 0xff, 0xff, 0xff, 0xff, 0xff, 0xff, 0xff, 0xff, 0xff,
  0xff, 0xff, 0xff, 0xff, 0xff, 0xff, 0xff, 0xff, 0xff, 0xff, 0xff, 0xff, 0xff, 0xff, 0xff, 0xff,
  0xff, 0xff, 0xff, 0xff, 0xff, 0xff, 0xff, 0xff, 0xff, 0xff, 0xff, 0xff, 0xff, 0xff, 0xff, 0xff,
  0xff, 0xff, 0xff, 0xff, 0xff, 0xff, 0xff, 0xff, 0xff, 0xff, 0xff, 0xff, 0xff, 0xff, 0xff, 0xff,
  0xff, 0xff, 0xff, 0xff, 0xff, 0xff, 0xff, 0xff, 0xff, 0xff, 0xff, 0xff, 0xff, 0xff, 0xff, 0xff,
  0xff, 0xff, 0xff, 0xff, 0xff, 0xff, 0xff, 0xff, 0xff, 0xff, 0xff, 0xff, 0xff, 0xff, 0xff, 0xff,
  0xff, 0xff, 0xff, 0xff, 0xff, 0xff, 0xff, 0xff, 0xff, 0xff, 0xff, 0xff, 0xff, 0xff, 0xff, 0xff,
  0xff, 0xff, 0xff, 0xff, 0xff, 0xff, 0xff, 0xff, 0xff, 0xff, 0xff, 0xff, 0xff, 0xff, 0xff, 0xff,
  0xff, 0xff, 0xff, 0xff, 0xff, 0xff, 0xff, 0xff, 0xff, 0xff, 0xff, 0xff, 0xff, 0xff, 0xff, 0xff,
  0xff, 0xff, 0xff, 0xff, 0xff, 0xff, 0xff, 0xff, 0xff, 0xff, 0xff, 0xff, 0xff, 0xff, 0xff, 0xff,
  0xff, 0xff, 0xff, 0xff, 0xff, 0xff, 0xff, 0xff, 0xff, 0xff, 0xff, 0xff, 0xff, 0xff, 0xff, 0xff,
  0xff, 0xff, 0xff, 0xff, 0xff, 0xff, 0xff, 0xff, 0xff, 0xff, 0xff, 0xff, 0xff, 0xff, 0xff, 0xff,
  0xff, 0xff, 0xff, 0xff, 0xff, 0xff, 0xff, 0xff, 0xff, 0xff, 0xff, 0xff, 0xff, 0xff, 0xff, 0xff,
  0xff, 0xff, 0xff, 0xff, 0xff, 0xff, 0xff, 0xff, 0xff, 0xff, 0xff, 0xff, 0xff, 0xff, 0xff, 0xff,
  0xff, 0xff, 0xff, 0xff, 0xff, 0xff, 0xff, 0xff, 0xff, 0xff, 0xff, 0xff, 0xff, 0xff, 0xff, 0xff,
  0xff, 0xff, 0xff, 0xff, 0xff, 0xff, 0xff, 0xff, 0xff, 0xff, 0xff, 0xff, 0xff, 0xff, 0xff, 0xff,
  0xff, 0xff, 0xff, 0xff, 0xff, 0xff, 0xff, 0xff, 0xff, 0xff, 0xff, 0xff, 0xff, 0xff, 0xff, 0xff,
  0xff, 0xff, 0xff, 0xff, 0xff, 0xff, 0xff, 0xff, 0xff, 0xff, 0xff, 0xff, 0xff, 0xff, 0xff, 0xff,
  0xff, 0xff, 0xff, 0xff, 0xff, 0xff, 0xff, 0xff, 0xff, 0xff, 0xff, 0xff, 0xff, 0xff, 0xff, 0xff,
  0xff, 0xff, 0xff, 0xff, 0xff, 0xff, 0xff, 0xff, 0xff, 0xff, 0xff, 0xff, 0xff, 0xff, 0xff, 0xff,
  0xff, 0xff, 0xff, 0xff, 0xff, 0xff, 0xff, 0xff, 0xff, 0xff, 0xff, 0xff, 0xff, 0xff, 0xff, 0xff,
  0xff, 0xff, 0xff, 0xff, 0xff, 0xff, 0xff, 0xff, 0xff, 0xff, 0xff, 0xff, 0xff, 0xff, 0xff, 0xff,
  0xff, 0xff, 0xff, 0xff, 0xff, 0xff, 0xff, 0xff, 0xff, 0xff, 0xff, 0xff, 0xff, 0xff, 0xff, 0xff,
  0xff, 0xff, 0xff, 0xff, 0xff, 0xff, 0xff, 0xff, 0xff, 0xff, 0xff, 0xff, 0xff, 0xff, 0xff, 0xff,
  0xff, 0xff, 0xff, 0xff, 0xff, 0xff, 0xff, 0xff, 0xff, 0xff, 0xff, 0xff, 0xff, 0xff, 0xff, 0xff,
  0xff, 0xff, 0xff, 0xff, 0xff, 0xff, 0xff, 0xff, 0xff, 0xff, 0xff, 0xff, 0xff, 0xff, 0xff, 0xff,
  0xff, 0xff, 0xff, 0xff, 0xff, 0xff, 0xff, 0xff, 0xff, 0xff, 0xff, 0xff, 0xff, 0xff, 0xff, 0xff,
  0xff, 0xff, 0xff, 0xff, 0xff, 0xff, 0xff, 0xff, 0xff, 0xff, 0xff, 0xff, 0xff, 0xff, 0xff, 0xff,
  0xff, 0xff, 0xff, 0xff, 0xff, 0xff, 0xff, 0xff, 0xff, 0xff, 0xff, 0xff, 0xff, 0xff, 0xff, 0xff,
  0xff, 0xff, 0xff, 0xff, 0xff, 0xff, 0xff, 0xff, 0xff, 0xff, 0xff, 0xff, 0xff, 0xff, 0xff, 0xff,
  0xff, 0xff, 0xff, 0xff, 0xff, 0xff, 0xff, 0xff, 0xff, 0xff, 0xff, 0xff, 0xff, 0xff, 0xff, 0xff,
  0xff, 0xff, 0xff, 0xff, 0xff, 0xff, 0xff, 0xff, 0xff, 0xff, 0xff, 0xff, 0xff, 0xff, 0xff, 0xff,
  0xff, 0xff, 0xff, 0xff, 0xff, 0xff, 0xff, 0xff, 0xff, 0xff, 0xff, 0xff, 0xff, 0xff, 0xff, 0xff,
  0xff, 0xff, 0xff, 0xff, 0xff, 0xff, 0xff, 0xff, 0xff, 0xff, 0xff, 0xff, 0xff, 0xff, 0xff, 0xff,
  0xff, 0xff, 0xff, 0xff, 0xff, 0xff, 0xff, 0xff, 0xff, 0xff, 0xff, 0xff, 0xff, 0xff, 0xff, 0xff,
  0xff, 0xff, 0xff, 0xff, 0xff, 0xff, 0xff, 0xff, 0xff, 0xff, 0xff, 0xff, 0xff, 0xff, 0xff, 0xff,
  0xff, 0xff, 0xff, 0xff, 0xff, 0xff, 0xff, 0xff, 0xff, 0xff, 0xff, 0xff, 0xff, 0xff, 0xff, 0xff,
  0xff, 0xff, 0xff, 0xff, 0xff, 0xff, 0xff, 0xff, 0xff, 0xff, 0xff, 0xff, 0xff, 0xff, 0xff, 0xff,
  0xff, 0xff, 0xff, 0xff, 0xff, 0xff, 0xff, 0xff, 0xff, 0xff, 0xff, 0xff, 0xff, 0xff, 0xff, 0xff,
  0xff, 0xff, 0xff, 0xff, 0xff, 0xff, 0xff, 0xff, 0xff, 0xff, 0xff, 0xff, 0xff, 0xff, 0xff, 0xff,
  0xff, 0xff, 0xff, 0xff, 0xff, 0xff, 0xff, 0xff, 0xff, 0xff, 0xff, 0xff, 0xff, 0xff, 0xff, 0xff,
  0xff, 0xff, 0xff, 0xff, 0xff, 0xff, 0xff, 0xff, 0xff, 0xff, 0xff, 0xff, 0xff, 0xff, 0xff, 0xff,
  0xff, 0xff, 0xff, 0xff, 0xff, 0xff, 0xff, 0xff, 0xff, 0xff, 0xff, 0xff, 0xff, 0xff, 0xff, 0xff,
  0xff, 0xff, 0xff, 0xff, 0xff, 0xff, 0xff, 0xff, 0xff, 0xff, 0xff, 0xff, 0xff, 0xff, 0xff, 0xff,
  0xff, 0xff, 0xff, 0xff, 0xff, 0xff, 0xff, 0xff, 0xff, 0xff, 0xff, 0xff, 0xff, 0xff, 0xff, 0xff,
  0xff, 0xff, 0xff, 0xff, 0xff, 0xff, 0xff, 0xff, 0xff, 0xff, 0xff, 0xff, 0xff, 0xff, 0xff, 0xff,
  0xff, 0xff, 0xff, 0xff, 0xff, 0xff, 0xff, 0xff, 0xff, 0xff, 0xff, 0xff, 0xff, 0xff, 0xff, 0xff,
  0xff, 0xff, 0xff, 0xff, 0xff, 0xff, 0xff, 0xff, 0xff, 0xff, 0xff, 0xff, 0xff, 0xff, 0xff, 0xff,
  0xff, 0xff, 0xff, 0xff, 0xff, 0xff, 0xff, 0xff, 0xff, 0xff, 0xff, 0xff, 0xff, 0xff, 0xff, 0xff,
  0xff, 0xff, 0xff, 0xff, 0xff, 0xff, 0xff, 0xff, 0xff, 0xff, 0xff, 0xff, 0xff, 0xff, 0xff, 0xff,
  0xff, 0xff, 0xff, 0xff, 0xff, 0xff, 0xff, 0xff, 0xff, 0xff, 0xff, 0xff, 0xff, 0xff, 0xff, 0xff,
  0xff, 0xff, 0xff, 0xff, 0xff, 0xff, 0xff, 0xff, 0xff, 0xff, 0xff, 0xff, 0xff, 0xff, 0xff, 0xff,
  0xff, 0xff, 0xff, 0xff, 0xff, 0xff, 0xff, 0xff, 0xff, 0xff, 0xff, 0xff, 0xff, 0xff, 0xff, 0xff,
  0xff, 0xff, 0xff, 0xff, 0xff, 0xff, 0xff, 0xff, 0xff, 0xff, 0xff, 0xff, 0xff, 0xff, 0xff, 0xff,
  0xff, 0xff, 0xff, 0xff, 0xff, 0xff, 0xff, 0xff, 0xff, 0xff, 0xff, 0xff, 0xff, 0xff, 0xff, 0xff,
  0xff, 0xff, 0xff, 0xff, 0xff, 0xff, 0xff, 0xff, 0xff, 0xff, 0xff, 0xff, 0xff, 0xff, 0xff, 0xff,
  0xff, 0xff, 0xff, 0xff, 0xff, 0xff, 0xff, 0xff, 0xff, 0xff, 0xff, 0xff, 0xff, 0xff, 0xff, 0xff,
  0xff, 0xff, 0xff, 0xff, 0xff, 0xff, 0xff, 0xff, 0xff, 0xff, 0xff, 0xff, 0xff, 0xff, 0xff, 0xff,
  0xff, 0xff, 0xff, 0xff, 0xff, 0xff, 0xff, 0xff, 0xff, 0xff, 0xff, 0xff, 0xff, 0xff, 0xff, 0xff,
  0xff, 0xff, 0xff, 0xff, 0xff, 0xff, 0xff, 0xff, 0xff, 0xff, 0xff, 0xff, 0xff, 0xff, 0xff, 0xff,
  0xff, 0xff, 0xff, 0xff, 0xff, 0xff, 0xff, 0xff, 0xff, 0xff, 0xff, 0xff, 0xff, 0xff, 0xff, 0xff,
  0xff, 0xff, 0xff, 0xff, 0xff, 0xff, 0xff, 0xff, 0xff, 0xff, 0xff, 0xff, 0xff, 0xff, 0xff, 0xff,
  0xff, 0xff, 0xff, 0xff, 0xff, 0xff, 0xff, 0xff, 0xff, 0xff, 0xff, 0xff, 0xff, 0xff, 0xff, 0xff,
  0xff, 0xff, 0xff, 0xff, 0xff, 0xff, 0xff, 0xff, 0xff, 0xff, 0xff, 0xff, 0xff, 0xff, 0xff, 0xff,
  0xff, 0xff, 0xff, 0xff, 0xff, 0xff, 0xff, 0xff, 0xff, 0xff, 0xff, 0xff, 0xff, 0xff, 0xff, 0xff,
  0xff, 0xff, 0xff, 0xff, 0xff, 0xff, 0xff, 0xff, 0xff, 0xff, 0xff, 0xff, 0xff, 0xff, 0xff, 0xff,
  0xff, 0xff, 0xff, 0xff, 0xff, 0xff, 0xff, 0xff, 0xff, 0xff, 0xff, 0xff, 0xff, 0xff, 0xff, 0xff,
  0xff, 0xff, 0xff, 0xff, 0xff, 0xff, 0xff, 0xff, 0xff, 0xff, 0xff, 0xff, 0xff, 0xff, 0xff, 0xff,
  0xff, 0xff, 0xff, 0xff, 0xff, 0xff, 0xff, 0xff, 0xff, 0xff, 0xff, 0xff, 0xff, 0xff, 0xff, 0xff,
  0xff, 0xff, 0xff, 0xff, 0xff, 0xff, 0xff, 0xff, 0xff, 0xff, 0xff, 0xff, 0xff, 0xff, 0xff, 0xff,
  0xff, 0xff, 0xff, 0xff, 0xff, 0xff, 0xff, 0xff, 0xff, 0xff, 0xff, 0xff, 0xff, 0xff, 0xff, 0xff,
  0xff, 0xff, 0xff, 0xff, 0xff, 0xff, 0xff, 0xff, 0xff, 0xff, 0xff, 0xff, 0xff, 0xff, 0xff, 0xff,
  0xff, 0xff, 0xff, 0xff, 0xff, 0xff, 0xff, 0xff, 0xff, 0xff, 0xff, 0xff, 0xff, 0xff, 0xff, 0xff,
  0xff, 0xff, 0xff, 0xff, 0xff, 0xff, 0xff, 0xff, 0xff, 0xff, 0xff, 0xff, 0xff, 0xff, 0xff, 0xff,
  0xff, 0xff, 0xff, 0xff, 0xff, 0xff, 0xff, 0xff, 0xff, 0xff, 0xff, 0xff, 0xff, 0xff, 0xff, 0xff,
  0xff, 0xff, 0xff, 0xff, 0xff, 0xff, 0xff, 0xff, 0xff, 0xff, 0xff, 0xff, 0xff, 0xff, 0xff, 0xff,
  0xff, 0xff, 0xff, 0xff, 0xff, 0xff, 0xff, 0xff, 0xff, 0xff, 0xff, 0xff, 0xff, 0xff, 0xff, 0xff,
  0xff, 0xff, 0xff, 0xff, 0xff, 0xff, 0xff, 0xff, 0xff, 0xff, 0xff, 0xff, 0xff, 0xff, 0xff, 0xff,
  0xff, 0xff, 0xff, 0xff, 0xff, 0xff, 0xff, 0xff, 0xff, 0xff, 0xff, 0xff, 0xff, 0xff, 0xff, 0xff,
  0xff, 0xff, 0xff, 0xff, 0xff, 0xff, 0xff, 0xff, 0xff, 0xff, 0xff, 0xff, 0xff, 0xff, 0xff, 0xff,
  0xff, 0xff, 0xff, 0xff, 0xff, 0xff, 0xff, 0xff, 0xff, 0xff, 0xff, 0xff, 0xff, 0xff, 0xff, 0xff,
  0xff, 0xff, 0xff, 0xff, 0xff, 0xff, 0xff, 0xff, 0xff, 0xff, 0xff, 0xff, 0xff, 0xff, 0xff, 0xff,
  0xff, 0xff, 0xff, 0xff, 0xff, 0xff, 0xff, 0xff, 0xff, 0xff, 0xff, 0xff, 0xff, 0xff, 0xff, 0xff,
  0xff, 0xff, 0xff, 0xff, 0xff, 0xff, 0xff, 0xff, 0xff, 0xff, 0xff, 0xff, 0xff, 0xff, 0xff, 0xff,
  0xff, 0xff, 0xff, 0xff, 0xff, 0xff, 0xff, 0xff, 0xff, 0xff, 0xff, 0xff, 0xff, 0xff, 0xff, 0xff,
  0xff, 0xff, 0xff, 0xff, 0xff, 0xff, 0xff, 0xff, 0xff, 0xff, 0xff, 0xff, 0xff, 0xff, 0xff, 0xff,
  0xff, 0xff, 0xff, 0xff, 0xff, 0xff, 0xff, 0xff, 0xff, 0xff, 0xff, 0xff, 0xff, 0xff, 0xff, 0xff,
  0xff, 0xff, 0xff, 0xff, 0xff, 0xff, 0xff, 0xff, 0xff, 0xff, 0xff, 0xff, 0xff, 0xff, 0xff, 0xff,
  0xff, 0xff, 0xff, 0xff, 0xff, 0xff, 0xff, 0xff, 0xff, 0xff, 0xff, 0xff, 0xff, 0xff, 0xff, 0xff,
  0xff, 0xff, 0xff, 0xff, 0xff, 0xff, 0xff, 0xff, 0xff, 0xff, 0xff, 0xff, 0xff, 0xff, 0xff, 0xff,
  0xff, 0xff, 0xff, 0xff, 0xff, 0xff, 0xff, 0xff, 0xff, 0xff, 0xff, 0xff, 0xff, 0xff, 0xff, 0xff,
  0xff, 0xff, 0xff, 0xff, 0xff, 0xff, 0xff, 0xff, 0xff, 0xff, 0xff, 0xff, 0xff, 0xff, 0xff, 0xff,
  0xff, 0xff, 0xff, 0xff, 0xff, 0xff, 0xff, 0xff, 0xff, 0xff, 0xff, 0xff, 0xff, 0xff, 0xff, 0xff,
  0xff, 0xff, 0xff, 0xff, 0xff, 0xff, 0xff, 0xff, 0xff, 0xff, 0xff, 0xff, 0xff, 0xff, 0xff, 0xff,
  0xff, 0xff, 0xff, 0xff, 0xff, 0xff, 0xff, 0xff, 0xff, 0xff, 0xff, 0xff, 0xff, 0xff, 0xff, 0xff,
  0xff, 0xff, 0xff, 0xff, 0xff, 0xff, 0xff, 0xff, 0xff, 0xff, 0xff, 0xff, 0xff, 0xff, 0xff, 0xff,
  0xff, 0xff, 0xff, 0xff, 0xff, 0xff, 0xff, 0xff, 0xff, 0xff, 0xff, 0xff, 0xff, 0xff, 0xff, 0xff,
  0xff, 0xff, 0xff, 0xff, 0xff, 0xff, 0xff, 0xff, 0xff, 0xff, 0xff, 0xff, 0xff, 0xff, 0xff, 0xff,
  0xff, 0xff, 0xff, 0xff, 0xff, 0xff, 0xff, 0xff, 0xff, 0xff, 0xff, 0xff, 0xff, 0xff, 0xff, 0xff,
  0xff, 0xff, 0xff, 0xff, 0xff, 0xff, 0xff, 0xff, 0xff, 0xff, 0xff, 0xff, 0xff, 0xff, 0xff, 0xff,
  0xff, 0xff, 0xff, 0xff, 0xff, 0xff, 0xff, 0xff, 0xff, 0xff, 0xff, 0xff, 0xff, 0xff, 0xff, 0xff,
  0xff, 0xff, 0xff, 0xff, 0xff, 0xff, 0xff, 0xff, 0xff, 0xff, 0xff, 0xff, 0xff, 0xff, 0xff, 0xff,
  0xff, 0xff, 0xff, 0xff, 0xff, 0xff, 0xff, 0xff, 0xff, 0xff, 0xff, 0xff, 0xff, 0xff, 0xff, 0xff,
  0xff, 0xff, 0xff, 0xff, 0xff, 0xff, 0xff, 0xff, 0xff, 0xff, 0xff, 0xff, 0xff, 0xff, 0xff, 0xff,
  0xff, 0xff, 0xff, 0xff, 0xff, 0xff, 0xff, 0xff, 0xff, 0xff, 0xff, 0xff, 0xff, 0xff, 0xff, 0xff,
  0xff, 0xff, 0xff, 0xff, 0xff, 0xff, 0xff, 0xff, 0xff, 0xff, 0xff, 0xff, 0xff, 0xff, 0xff, 0xff,
  0xff, 0xff, 0xff, 0xff, 0xff, 0xff, 0xff, 0xff, 0xff, 0xff, 0xff, 0xff, 0xff, 0xff, 0xff, 0xff,
  0xff, 0xff, 0xff, 0xff, 0xff, 0xff, 0xff, 0xff, 0xff, 0xff, 0xff, 0xff, 0xff, 0xff, 0xff, 0xff,
  0xff, 0xff, 0xff, 0xff, 0xff, 0xff, 0xff, 0xff, 0xff, 0xff, 0xff, 0xff, 0xff, 0xff, 0xff, 0xff,
  0xff, 0xff, 0xff, 0xff, 0xff, 0xff, 0xff, 0xff, 0xff, 0xff, 0xff, 0xff, 0xff, 0xff, 0xff, 0xff,
  0xff, 0xff, 0xff, 0xff, 0xff, 0xff, 0xff, 0xff, 0xff, 0xff, 0xff, 0xff, 0xff, 0xff, 0xff, 0xff,
  0xff, 0xff, 0xff, 0xff, 0xff, 0xff, 0xff, 0xff, 0xff, 0xff, 0xff, 0xff, 0xff, 0xff, 0xff, 0xff,
  0xff, 0xff, 0xff, 0xff, 0xff, 0xff, 0xff, 0xff, 0xff, 0xff, 0xff, 0xff, 0xff, 0xff, 0xff, 0xff,
  0xff, 0xff, 0xff, 0xff, 0xff, 0xff, 0xff, 0xff, 0xff, 0xff, 0xff, 0xff, 0xff, 0xff, 0xff, 0xff,
  0xff, 0xff, 0xff, 0xff, 0xff, 0xff, 0xff, 0xff, 0xff, 0xff, 0xff, 0xff, 0xff, 0xff, 0xff, 0xff,
  0xff, 0xff, 0xff, 0xff, 0xff, 0xff, 0xff, 0xff, 0xff, 0xff, 0xff, 0xff, 0xff, 0xff, 0xff, 0xff,
  0xff, 0xff, 0xff, 0xff, 0xff, 0xff, 0xff, 0xff, 0xff, 0xff, 0xff, 0xff, 0xff, 0xff, 0xff, 0xff,
  0xff, 0xff, 0xff, 0xff, 0xff, 0xff, 0xff, 0xff, 0xff, 0xff, 0xff, 0xff, 0xff, 0xff, 0xff, 0xff,
  0xff, 0xff, 0xff, 0xff, 0xff, 0xff, 0xff, 0xff, 0xff, 0xff, 0xff, 0xff, 0xff, 0xff, 0xff, 0xff,
  0xff, 0xff, 0xff, 0xff, 0xff, 0xff, 0xff, 0xff, 0xff, 0xff, 0xff, 0xff, 0xff, 0xff, 0xff, 0xff,
  0xff, 0xff, 0xff, 0xff, 0xff, 0xff, 0xff, 0xff, 0xff, 0xff, 0xff, 0xff, 0xff, 0xff, 0xff, 0xff,
  0xff, 0xff, 0xff, 0xff, 0xff, 0xff, 0xff, 0xff, 0xff, 0xff, 0xff, 0xff, 0xff, 0xff, 0xff, 0xff,
  0xff, 0xff, 0xff, 0xff, 0xff, 0xff, 0xff, 0xff, 0xff, 0xff, 0xff, 0xff, 0xff, 0xff, 0xff, 0xff,
  0xff, 0xff, 0xff, 0xff, 0xff, 0xff, 0xff, 0xff, 0xff, 0xff, 0xff, 0xff, 0xff, 0xff, 0xff, 0xff,
  0xff, 0xff, 0xff, 0xff, 0xff, 0xff, 0xff, 0xff, 0xff, 0xff, 0xff, 0xff, 0xff, 0xff, 0xff, 0xff,
  0xff, 0xff, 0xff, 0xff, 0xff, 0xff, 0xff, 0xff, 0xff, 0xff, 0xff, 0xff, 0xff, 0xff, 0xff, 0xff,
  0xff, 0xff, 0xff, 0xff, 0xff, 0xff, 0xff, 0xff, 0xff, 0xff, 0xff, 0xff, 0xff, 0xff, 0xff, 0xff,
  0xff, 0xff, 0xff, 0xff, 0xff, 0xff, 0xff, 0xff, 0xff, 0xff, 0xff, 0xff, 0xff, 0xff, 0xff, 0xff,
  0xff, 0xff, 0xff, 0xff, 0xff, 0xff, 0xff, 0xff, 0xff, 0xff, 0xff, 0xff, 0xff, 0xff, 0xff, 0xff,
  0xff, 0xff, 0xff, 0xff, 0xff, 0xff, 0xff, 0xff, 0xff, 0xff, 0xff, 0xff, 0xff, 0xff, 0xff, 0xff,
  0xff, 0xff, 0xff, 0xff, 0xff, 0xff, 0xff, 0xff, 0xff, 0xff, 0xff, 0xff, 0xff, 0xff, 0xff, 0xff,
  0xff, 0xff, 0xff, 0xff, 0xff, 0xff, 0xff, 0xff, 0xff, 0xff, 0xff, 0xff, 0xff, 0xff, 0xff, 0xff,
  0xff, 0xff, 0xff, 0xff, 0xff, 0xff, 0xff, 0xff, 0xff, 0xff, 0xff, 0xff, 0xff, 0xff, 0xff, 0xff,
  0xff, 0xff, 0xff, 0xff, 0xff, 0xff, 0xff, 0xff, 0xff, 0xff, 0xff, 0xff, 0xff, 0xff, 0xff, 0xff,
  0xff, 0xff, 0xff, 0xff, 0xff, 0xff, 0xff, 0xff, 0xff, 0xff, 0xff, 0xff, 0xff, 0xff, 0xff, 0xff,
  0xff, 0xff, 0xff, 0xff, 0xff, 0xff, 0xff, 0xff, 0xff, 0xff, 0xff, 0xff, 0xff, 0xff, 0xff, 0xff,
  0xff, 0xff, 0xff, 0xff, 0xff, 0xff, 0xff, 0xff, 0xff, 0xff, 0xff, 0xff, 0xff, 0xff, 0xff, 0xff,
  0xff, 0xff, 0xff, 0xff, 0xff, 0xff, 0xff, 0xff, 0xff, 0xff, 0xff, 0xff, 0xff, 0xff, 0xff, 0xff,
  0xff, 0xff, 0xff, 0xff, 0xff, 0xff, 0xff, 0xff, 0xff, 0xff, 0xff, 0xff, 0xff, 0xff, 0xff, 0xff,
  0xff, 0xff, 0xff, 0xff, 0xff, 0xff, 0xff, 0xff, 0xff, 0xff, 0xff, 0xff, 0xff, 0xff, 0xff, 0xff,
  0xff, 0xff, 0xff, 0xff, 0xff, 0xff, 0xff, 0xff, 0xff, 0xff, 0xff, 0xff, 0xff, 0xff, 0xff, 0xff,
  0xff, 0xff, 0xff, 0xff, 0xff, 0xff, 0xff, 0xff, 0xff, 0xff, 0xff, 0xff, 0xff, 0xff, 0xff, 0xff,
  0xff, 0xff, 0xff, 0xff, 0xff, 0xff, 0xff, 0xff, 0xff, 0xff, 0xff, 0xff, 0xff, 0xff, 0xff, 0xff,
  0xff, 0xff, 0xff, 0xff, 0xff, 0xff, 0xff, 0xff, 0xff, 0xff, 0xff, 0xff, 0xff, 0xff, 0xff, 0xff,
  0xff, 0xff, 0xff, 0xff, 0xff, 0xff, 0xff, 0xff, 0xff, 0xff, 0xff, 0xff, 0xff, 0xff, 0xff, 0xff,
  0xff, 0xff, 0xff, 0xff, 0xff, 0xff, 0xff, 0xff, 0xff, 0xff, 0xff, 0xff, 0xff, 0xff, 0xff, 0xff,
  0xff, 0xff, 0xff, 0xff, 0xff, 0xff, 0xff, 0xff, 0xff, 0xff, 0xff, 0xff, 0xff, 0xff, 0xff, 0xff,
  0xff, 0xff, 0xff, 0xff, 0xff, 0xff, 0xff, 0xff, 0xff, 0xff, 0xff, 0xff, 0xff, 0xff, 0xff, 0xff,
  0xff, 0xff, 0xff, 0xff, 0xff, 0xff, 0xff, 0xff, 0xff, 0xff, 0xff, 0xff, 0xff, 0xff, 0xff, 0xff,
  0xff, 0xff, 0xff, 0xff, 0xff, 0xff, 0xff, 0xff, 0xff, 0xff, 0xff, 0xff, 0xff, 0xff, 0xff, 0xff,
  0xff, 0xff, 0xff, 0xff, 0xff, 0xff, 0xff, 0xff, 0xff, 0xff, 0xff, 0xff, 0xff, 0xff, 0xff, 0xff,
  0xff, 0xff, 0xff, 0xff, 0xff, 0xff, 0xff, 0xff, 0xff, 0xff, 0xff, 0xff, 0xff, 0xff, 0xff, 0xff,
  0xff, 0xff, 0xff, 0xff, 0xff, 0xff, 0xff, 0xff, 0xff, 0xff, 0xff, 0xff, 0xff, 0xff, 0xff, 0xff,
  0xff, 0xff, 0xff, 0xff, 0xff, 0xff, 0xff, 0xff, 0xff, 0xff, 0xff, 0xff, 0xff, 0xff, 0xff, 0xff,
  0xff, 0xff, 0xff, 0xff, 0xff, 0xff, 0xff, 0xff, 0xff, 0xff, 0xff, 0xff, 0xff, 0xff, 0xff, 0xff,
  0xff, 0xff, 0xff, 0xff, 0xff, 0xff, 0xff, 0xff, 0xff, 0xff, 0xff, 0xff, 0xff, 0xff, 0xff, 0xff,
  0xff, 0xff, 0xff, 0xff, 0xff, 0xff, 0xff, 0xff, 0xff, 0xff, 0xff, 0xff, 0xff, 0xff, 0xff, 0xff,
  0xff, 0xff, 0xff, 0xff, 0xff, 0xff, 0xff, 0xff, 0xff, 0xff, 0xff, 0xff, 0xff, 0xff, 0xff, 0xff,
  0xff, 0xff, 0xff, 0xff, 0xff, 0xff, 0xff, 0xff, 0xff, 0xff, 0xff, 0xff, 0xff, 0xff, 0xff, 0xff,
  0xff, 0xff, 0xff, 0xff, 0xff, 0xff, 0xff, 0xff, 0xff, 0xff, 0xff, 0xff, 0xff, 0xff, 0xff, 0xff,
  0xff, 0xff, 0xff, 0xff, 0xff, 0xff, 0xff, 0xff, 0xff, 0xff, 0xff, 0xff, 0xff, 0xff, 0xff, 0xff,
  0xff, 0xff, 0xff, 0xff, 0xff, 0xff, 0xff, 0xff, 0xff, 0xff, 0xff, 0xff, 0xff, 0xff, 0xff, 0xff,
  0xff, 0xff, 0xff, 0xff, 0xff, 0xff, 0xff, 0xff, 0xff, 0xff, 0xff, 0xff, 0xff, 0xff, 0xff, 0xff,
  0xff, 0xff, 0xff, 0xff, 0xff, 0xff, 0xff, 0xff, 0xff, 0xff, 0xff, 0xff, 0xff, 0xff, 0xff, 0xff,
  0xff, 0xff, 0xff, 0xff, 0xff, 0xff, 0xff, 0xff, 0xff, 0xff, 0xff, 0xff, 0xff, 0xff, 0xff, 0xff,
  0xff, 0xff, 0xff, 0xff, 0xff, 0xff, 0xff, 0xff, 0xff, 0xff, 0xff, 0xff, 0xff, 0xff, 0xff, 0xff,
  0xff, 0xff, 0xff, 0xff, 0xff, 0xff, 0xff, 0xff, 0xff, 0xff, 0xff, 0xff, 0xff, 0xff, 0xff, 0xff,
  0xff, 0xff, 0xff, 0xff, 0xff, 0xff, 0xff, 0xff, 0xff, 0xff, 0xff, 0xff, 0xff, 0xff, 0xff, 0xff,
  0xff, 0xff, 0xff, 0xff, 0xff, 0xff, 0xff, 0xff, 0xff, 0xff, 0xff, 0xff, 0xff, 0xff, 0xff, 0xff,
  0xff, 0xff, 0xff, 0xff, 0xff, 0xff, 0xff, 0xff, 0xff, 0xff, 0xff, 0xff, 0xff, 0xff, 0xff, 0xff,
  0xff, 0xff, 0xff, 0xff, 0xff, 0xff, 0xff, 0xff, 0xff, 0xff, 0xff, 0xff, 0xff, 0xff, 0xff, 0xff,
  0xff, 0xff, 0xff, 0xff, 0xff, 0xff, 0xff, 0xff, 0xff, 0xff, 0xff, 0xff, 0xff, 0xff, 0xff, 0xff,
  0xff, 0xff, 0xff, 0xff, 0xff, 0xff, 0xff, 0xff, 0xff, 0xff, 0xff, 0xff, 0xff, 0xff, 0xff, 0xff,
  0xff, 0xff, 0xff, 0xff, 0xff, 0xff, 0xff, 0xff, 0xff, 0xff, 0xff, 0xff, 0xff, 0xff, 0xff, 0xff,
  0xff, 0xff, 0xff, 0xff, 0xff, 0xff, 0xff, 0xff, 0xff, 0xff, 0xff, 0xff, 0xff, 0xff, 0xff, 0xff,
  0xff, 0xff, 0xff, 0xff, 0xff, 0xff, 0xff, 0xff, 0xff, 0xff, 0xff, 0xff, 0xff, 0xff, 0xff, 0xff,
  0xff, 0xff, 0xff, 0xff, 0xff, 0xff, 0xff, 0xff, 0xff, 0xff, 0xff, 0xff, 0xff, 0xff, 0xff, 0xff,
  0xff, 0xff, 0xff, 0xff, 0xff, 0xff, 0xff, 0xff, 0xff, 0xff, 0xff, 0xff, 0xff, 0xff, 0xff, 0xff,
  0xff, 0xff, 0xff, 0xff, 0xff, 0xff, 0xff, 0xff, 0xff, 0xff, 0xff, 0xff, 0xff, 0xff, 0xff, 0xff,
  0xff, 0xff, 0xff, 0xff, 0xff, 0xff, 0xff, 0xff, 0xff, 0xff, 0xff, 0xff, 0xff, 0xff, 0xff, 0xff,
  0xff, 0xff, 0xff, 0xff, 0xff, 0xff, 0xff, 0xff, 0xff, 0xff, 0xff, 0xff, 0xff, 0xff, 0xff, 0xff,
  0xff, 0xff, 0xff, 0xff, 0xff, 0xff, 0xff, 0xff, 0xff, 0xff, 0xff, 0xff, 0xff, 0xff, 0xff, 0xff,
  0xff, 0xff, 0xff, 0xff, 0xff, 0xff, 0xff, 0xff, 0xff, 0xff, 0xff, 0xff, 0xff, 0xff, 0xff, 0xff,
  0xff, 0xff, 0xff, 0xff, 0xff, 0xff, 0xff, 0xff, 0xff, 0xff, 0xff, 0xff, 0xff, 0xff, 0xff, 0xff,
  0xff, 0xff, 0xff, 0xff, 0xff, 0xff, 0xff, 0xff, 0xff, 0xff, 0xff, 0xff, 0xff, 0xff, 0xff, 0xff,
  0xff, 0xff, 0xff, 0xff, 0xff, 0xff, 0xff, 0xff, 0xff, 0xff, 0xff, 0xff, 0xff, 0xff, 0xff, 0xff,
  0xff, 0xff, 0xff, 0xff, 0xff, 0xff, 0xff, 0xff, 0xff, 0xff, 0xff, 0xff, 0xff, 0xff, 0xff, 0xff,
  0xff, 0xff, 0xff, 0xff, 0xff, 0xff, 0xff, 0xff, 0xff, 0xff, 0xff, 0xff, 0xff, 0xff, 0xff, 0xff,
  0xff, 0xff, 0xff, 0xff, 0xff, 0xff, 0xff, 0xff, 0xff, 0xff, 0xff, 0xff, 0xff, 0xff, 0xff, 0xff,
  0xff, 0xff, 0xff, 0xff, 0xff, 0xff, 0xff, 0xff, 0xff, 0xff, 0xff, 0xff, 0xff, 0xff, 0xff, 0xff,
  0xff, 0xff, 0xff, 0xff, 0xff, 0xff, 0xff, 0xff, 0xff, 0xff, 0xff, 0xff, 0xff, 0xff, 0xff, 0xff,
  0xff, 0xff, 0xff, 0xff, 0xff, 0xff, 0xff, 0xff, 0xff, 0xff, 0xff, 0xff, 0xff, 0xff, 0xff, 0xff,
  0xff, 0xff, 0xff, 0xff, 0xff, 0xff, 0xff, 0xff, 0xff, 0xff, 0xff, 0xff, 0xff, 0xff, 0xff, 0xff,
  0xff, 0xff, 0xff, 0xff, 0xff, 0xff, 0xff, 0xff, 0xff, 0xff, 0xff, 0xff, 0xff, 0xff, 0xff, 0xff,
  0xff, 0xff, 0xff, 0xff, 0xff, 0xff, 0xff, 0xff, 0xff, 0xff, 0xff, 0xff, 0xff, 0xff, 0xff, 0xff,
  0xff, 0xff, 0xff, 0xff, 0xff, 0xff, 0xff, 0xff, 0xff, 0xff, 0xff, 0xff, 0xff, 0xff, 0xff, 0xff,
  0xff, 0xff, 0xff, 0xff, 0xff, 0xff, 0xff, 0xff, 0xff, 0xff, 0xff, 0xff, 0xff, 0xff, 0xff, 0xff,
  0xff, 0xff, 0xff, 0xff, 0xff, 0xff, 0xff, 0xff, 0xff, 0xff, 0xff, 0xff, 0xff, 0xff, 0xff, 0xff,
  0xff, 0xff, 0xff, 0xff, 0xff, 0xff, 0xff, 0xff, 0xff, 0xff, 0xff, 0xff, 0xff, 0xff, 0xff, 0xff,
  0xff, 0xff, 0xff, 0xff, 0xff, 0xff, 0xff, 0xff, 0xff, 0xff, 0xff, 0xff, 0xff, 0xff, 0xff, 0xff,
  0xff, 0xff, 0xff, 0xff, 0xff, 0xff, 0xff, 0xff, 0xff, 0xff, 0xff, 0xff, 0xff, 0xff, 0xff, 0xff,
  0xff, 0xff, 0xff, 0xff, 0xff, 0xff, 0xff, 0xff, 0xff, 0xff, 0xff, 0xff, 0xff, 0xff, 0xff, 0xff,
  0xff, 0xff, 0xff, 0xff, 0xff, 0xff, 0xff, 0xff, 0xff, 0xff, 0xff, 0xff, 0xff, 0xff, 0xff, 0xff,
  0xff, 0xff, 0xff, 0xff, 0xff, 0xff, 0xff, 0xff, 0xff, 0xff, 0xff, 0xff, 0xff, 0xff, 0xff, 0xff,
  0xff, 0xff, 0xff, 0xff, 0xff, 0xff, 0xff, 0xff, 0xff, 0xff, 0xff, 0xff, 0xff, 0xff, 0xff, 0xff,
  0xff, 0xff, 0xff, 0xff, 0xff, 0xff, 0xff, 0xff, 0xff, 0xff, 0xff, 0xff, 0xff, 0xff, 0xff, 0xff,
  0xff, 0xff, 0xff, 0xff, 0xff, 0xff, 0xff, 0xff, 0xff, 0xff, 0xff, 0xff, 0xff, 0xff, 0xff, 0xff,
  0xff, 0xff, 0xff, 0xff, 0xff, 0xff, 0xff, 0xff, 0xff, 0xff, 0xff, 0xff, 0xff, 0xff, 0xff, 0xff,
  0xff, 0xff, 0xff, 0xff, 0xff, 0xff, 0xff, 0xff, 0xff, 0xff, 0xff, 0xff, 0xff, 0xff, 0xff, 0xff,
  0xff, 0xff, 0xff, 0xff, 0xff, 0xff, 0xff, 0xff, 0xff, 0xff, 0xff, 0xff, 0xff, 0xff, 0xff, 0xff,
  0xff, 0xff, 0xff, 0xff, 0xff, 0xff, 0xff, 0xff, 0xff, 0xff, 0xff, 0xff, 0xff, 0xff, 0xff, 0xff,
  0xff, 0xff, 0xff, 0xff, 0xff, 0xff, 0xff, 0xff, 0xff, 0xff, 0xff, 0xff, 0xff, 0xff, 0xff, 0xff,
  0xff, 0xff, 0xff, 0xff, 0xff, 0xff, 0xff, 0xff, 0xff, 0xff, 0xff, 0xff, 0xff, 0xff, 0xff, 0xff,
  0xff, 0xff, 0xff, 0xff, 0xff, 0xff, 0xff, 0xff, 0xff, 0xff, 0xff, 0xff, 0xff, 0xff, 0xff, 0xff,
  0xff, 0xff, 0xff, 0xff, 0xff, 0xff, 0xff, 0xff, 0xff, 0xff, 0xff, 0xff, 0xff, 0xff, 0xff, 0xff,
  0xff, 0xff, 0xff, 0xff, 0xff, 0xff, 0xff, 0xff, 0xff, 0xff, 0xff, 0xff, 0xff, 0xff, 0xff, 0xff,
  0xff, 0xff, 0xff, 0xff, 0xff, 0xff, 0xff, 0xff, 0xff, 0xff, 0xff, 0xff, 0xff, 0xff, 0xff, 0xff,
  0xff, 0xff, 0xff, 0xff, 0xff, 0xff, 0xff, 0xff, 0xff, 0xff, 0xff, 0xff, 0xff, 0xff, 0xff, 0xff,
  0xff, 0xff, 0xff, 0xff, 0xff, 0xff, 0xff, 0xff, 0xff, 0xff, 0xff, 0xff, 0xff, 0xff, 0xff, 0xff,
  0xff, 0xff, 0xff, 0xff, 0xff, 0xff, 0xff, 0xff, 0xff, 0xff, 0xff, 0xff, 0xff, 0xff, 0xff, 0xff,
  0xff, 0xff, 0xff, 0xff, 0xff, 0xff, 0xff, 0xff, 0xff, 0xff, 0xff, 0xff, 0xff, 0xff, 0xff, 0xff,
  0xff, 0xff, 0xff, 0xff, 0xff, 0xff, 0xff, 0xff, 0xff, 0xff, 0xff, 0xff, 0xff, 0xff, 0xff, 0xff,
  0xff, 0xff, 0xff, 0xff, 0xff, 0xff, 0xff, 0xff, 0xff, 0xff, 0xff, 0xff, 0xff, 0xff, 0xff, 0xff,
  0xff, 0xff, 0xff, 0xff, 0xff, 0xff, 0xff, 0xff, 0xff, 0xff, 0xff, 0xff, 0xff, 0xff, 0xff, 0xff,
  0xff, 0xff, 0xff, 0xff, 0xff, 0xff, 0xff, 0xff, 0xff, 0xff, 0xff, 0xff, 0xff, 0xff, 0xff, 0xff,
  0xff, 0xff, 0xff, 0xff, 0xff, 0xff, 0xff, 0xff, 0xff, 0xff, 0xff, 0xff, 0xff, 0xff, 0xff, 0xff,
  0xff, 0xff, 0xff, 0xff, 0xff, 0xff, 0xff, 0xff, 0xff, 0xff, 0xff, 0xff, 0xff, 0xff, 0xff, 0xff,
  0xff, 0xff, 0xff, 0xff, 0xff, 0xff, 0xff, 0xff, 0xff, 0xff, 0xff, 0xff, 0xff, 0xff, 0xff, 0xff,
  0xff, 0xff, 0xff, 0xff, 0xff, 0xff, 0xff, 0xff, 0xff, 0xff, 0xff, 0xff, 0xff, 0xff, 0xff, 0xff,
  0xff, 0xff, 0xff, 0xff, 0xff, 0xff, 0xff, 0xff, 0xff, 0xff, 0xff, 0xff, 0xff, 0xff, 0xff, 0xff,
  0xff, 0xff, 0xff, 0xff, 0xff, 0xff, 0xff, 0xff, 0xff, 0xff, 0xff, 0xff, 0xff, 0xff, 0xff, 0xff,
  0xff, 0xff, 0xff, 0xff, 0xff, 0xff, 0xff, 0xff, 0xff, 0xff, 0xff, 0xff, 0xff, 0xff, 0xff, 0xff,
  0xff, 0xff, 0xff, 0xff, 0xff, 0xff, 0xff, 0xff, 0xff, 0xff, 0xff, 0xff, 0xff, 0xff, 0xff, 0xff,
  0xff, 0xff, 0xff, 0xff, 0xff, 0xff, 0xff, 0xff, 0xff, 0xff, 0xff, 0xff, 0xff, 0xff, 0xff, 0xff,
  0xff, 0xff, 0xff, 0xff, 0xff, 0xff, 0xff, 0xff, 0xff, 0xff, 0xff, 0xff, 0xff, 0xff, 0xff, 0xff,
  0xff, 0xff, 0xff, 0xff, 0xff, 0xff, 0xff, 0xff, 0xff, 0xff, 0xff, 0xff, 0xff, 0xff, 0xff, 0xff,
  0xff, 0xff, 0xff, 0xff, 0xff, 0xff, 0xff, 0xff, 0xff, 0xff, 0xff, 0xff, 0xff, 0xff, 0xff, 0xff,
  0xff, 0xff, 0xff, 0xff, 0xff, 0xff, 0xff, 0xff, 0xff, 0xff, 0xff, 0xff, 0xff, 0xff, 0xff, 0xff,
  0xff, 0xff, 0xff, 0xff, 0xff, 0xff, 0xff, 0xff, 0xff, 0xff, 0xff, 0xff, 0xff, 0xff, 0xff, 0xff,
  0xff, 0xff, 0xff, 0xff, 0xff, 0xff, 0xff, 0xff, 0xff, 0xff, 0xff, 0xff, 0xff, 0xff, 0xff, 0xff,
  0xff, 0xff, 0xff, 0xff, 0xff, 0xff, 0xff, 0xff, 0xff, 0xff, 0xff, 0xff, 0xff, 0xff, 0xff, 0xff,
  0xff, 0xff, 0xff, 0xff, 0xff, 0xff, 0xff, 0xff, 0xff, 0xff, 0xff, 0xff, 0xff, 0xff, 0xff, 0xff,
  0xff, 0xff, 0xff, 0xff, 0xff, 0xff, 0xff, 0xff, 0xff, 0xff, 0xff, 0xff, 0xff, 0xff, 0xff, 0xff,
  0xff, 0xff, 0xff, 0xff, 0xff, 0xff, 0xff, 0xff, 0xff, 0xff, 0xff, 0xff, 0xff, 0xff, 0xff, 0xff,
  0xff, 0xff, 0xff, 0xff, 0xff, 0xff, 0xff, 0xff, 0xff, 0xff, 0xff, 0xff, 0xff, 0xff, 0xff, 0xff,
  0xff, 0xff, 0xff, 0xff, 0xff, 0xff, 0xff, 0xff, 0xff, 0xff, 0xff, 0xff, 0xff, 0xff, 0xff, 0xff,
  0xff, 0xff, 0xff, 0xff, 0xff, 0xff, 0xff, 0xff, 0xff, 0xff, 0xff, 0xff, 0xff, 0xff, 0xff, 0xff,
  0xff, 0xff, 0xff, 0xff, 0xff, 0xff, 0xff, 0xff, 0xff, 0xff, 0xff, 0xff, 0xff, 0xff, 0xff, 0xff,
  0xff, 0xff, 0xff, 0xff, 0xff, 0xff, 0xff, 0xff, 0xff, 0xff, 0xff, 0xff, 0xff, 0xff, 0xff, 0xff,
  0xff, 0xff, 0xff, 0xff, 0xff, 0xff, 0xff, 0xff, 0xff, 0xff, 0xff, 0xff, 0xff, 0xff, 0xff, 0xff,
  0xff, 0xff, 0xff, 0xff, 0xff, 0xff, 0xff, 0xff, 0xff, 0xff, 0xff, 0xff, 0xff, 0xff, 0xff, 0xff,
  0xff, 0xff, 0xff, 0xff, 0xff, 0xff, 0xff, 0xff, 0xff, 0xff, 0xff, 0xff, 0xff, 0xff, 0xff, 0xff,
  0xff, 0xff, 0xff, 0xff, 0xff, 0xff, 0xff, 0xff, 0xff, 0xff, 0xff, 0xff, 0xff, 0xff, 0xff, 0xff,
  0xff, 0xff, 0xff, 0xff, 0xff, 0xff, 0xff, 0xff, 0xff, 0xff, 0xff, 0xff, 0xff, 0xff, 0xff, 0xff,
  0xff, 0xff, 0xff, 0xff, 0xff, 0xff, 0xff, 0xff, 0xff, 0xff, 0xff, 0xff, 0xff, 0xff, 0xff, 0xff,
  0xff, 0xff, 0xff, 0xff, 0xff, 0xff, 0xff, 0xff, 0xff, 0xff, 0xff, 0xff, 0xff, 0xff, 0xff, 0xff,
  0xff, 0xff, 0xff, 0xff, 0xff, 0xff, 0xff, 0xff, 0xff, 0xff, 0xff, 0xff, 0xff, 0xff, 0xff, 0xff,
  0xff, 0xff, 0xff, 0xff, 0xff, 0xff, 0xff, 0xff, 0xff, 0xff, 0xff, 0xff, 0xff, 0xff, 0xff, 0xff,
  0xff, 0xff, 0xff, 0xff, 0xff, 0xff, 0xff, 0xff, 0xff, 0xff, 0xff, 0xff, 0xff, 0xff, 0xff, 0xff,
  0xff, 0xff, 0xff, 0xff, 0xff, 0xff, 0xff, 0xff, 0xff, 0xff, 0xff, 0xff, 0xff, 0xff, 0xff, 0xff,
  0xff, 0xff, 0xff, 0xff, 0xff, 0xff, 0xff, 0xff, 0xff, 0xff, 0xff, 0xff, 0xff, 0xff, 0xff, 0xff,
  0xff, 0xff, 0xff, 0xff, 0xff, 0xff, 0xff, 0xff, 0xff, 0xff, 0xff, 0xff, 0xff, 0xff, 0xff, 0xff,
  0xff, 0xff, 0xff, 0xff, 0xff, 0xff, 0xff, 0xff, 0xff, 0xff, 0xff, 0xff, 0xff, 0xff, 0xff, 0xff,
  0xff, 0xff, 0xff, 0xff, 0xff, 0xff, 0xff, 0xff, 0xff, 0xff, 0xff, 0xff, 0xff, 0xff, 0xff, 0xff,
  0xff, 0xff, 0xff, 0xff, 0xff, 0xff, 0xff, 0xff, 0xff, 0xff, 0xff, 0xff, 0xff, 0xff, 0xff, 0xff,
  0xff, 0xff, 0xff, 0xff, 0xff, 0xff, 0xff, 0xff, 0xff, 0xff, 0xff, 0xff, 0xff, 0xff, 0xff, 0xff,
  0xff, 0xff, 0xff, 0xff, 0xff, 0xff, 0xff, 0xff, 0xff, 0xff, 0xff, 0xff, 0xff, 0xff, 0xff, 0xff,
  0xff, 0xff, 0xff, 0xff, 0xff, 0xff, 0xff, 0xff, 0xff, 0xff, 0xff, 0xff, 0xff, 0xff, 0xff, 0xff,
  0xff, 0xff, 0xff, 0xff, 0xff, 0xff, 0xff, 0xff, 0xff, 0xff, 0xff, 0xff, 0xff, 0xff, 0xff, 0xff,
  0xff, 0xff, 0xff, 0xff, 0xff, 0xff, 0xff, 0xff, 0xff, 0xff, 0xff, 0xff, 0xff, 0xff, 0xff, 0xff,
  0xff, 0xff, 0xff, 0xff, 0xff, 0xff, 0xff, 0xff, 0xff, 0xff, 0xff, 0xff, 0xff, 0xff, 0xff, 0xff,
  0xff, 0xff, 0xff, 0xff, 0xff, 0xff, 0xff, 0xff, 0xff, 0xff, 0xff, 0xff, 0xff, 0xff, 0xff, 0xff,
  0xff, 0xff, 0xff, 0xff, 0xff, 0xff, 0xff, 0xff, 0xff, 0xff, 0xff, 0xff, 0xff, 0xff, 0xff, 0xff,
  0xff, 0xff, 0xff, 0xff, 0xff, 0xff, 0xff, 0xff, 0xff, 0xff, 0xff, 0xff, 0xff, 0xff, 0xff, 0xff,
  0xff, 0xff, 0xff, 0xff, 0xff, 0xff, 0xff, 0xff, 0xff, 0xff, 0xff, 0xff, 0xff, 0xff, 0xff, 0xff,
  0xff, 0xff, 0xff, 0xff, 0xff, 0xff, 0xff, 0xff, 0xff, 0xff, 0xff, 0xff, 0xff, 0xff, 0xff, 0xff,
  0xff, 0xff, 0xff, 0xff, 0xff, 0xff, 0xff, 0xff, 0xff, 0xff, 0xff, 0xff, 0xff, 0xff, 0xff, 0xff,
  0xff, 0xff, 0xff, 0xff, 0xff, 0xff, 0xff, 0xff, 0xff, 0xff, 0xff, 0xff, 0xff, 0xff, 0xff, 0xff,
  0xff, 0xff, 0xff, 0xff, 0xff, 0xff, 0xff, 0xff, 0xff, 0xff, 0xff, 0xff, 0xff, 0xff, 0xff, 0xff,
  0xff, 0xff, 0xff, 0xff, 0xff, 0xff, 0xff, 0xff, 0xff, 0xff, 0xff, 0xff, 0xff, 0xff, 0xff, 0xff,
  0xff, 0xff, 0xff, 0xff, 0xff, 0xff, 0xff, 0xff, 0xff, 0xff, 0xff, 0xff, 0xff, 0xff, 0xff, 0xff,
  0xff, 0xff, 0xff, 0xff, 0xff, 0xff, 0xff, 0xff, 0xff, 0xff, 0xff, 0xff, 0xff, 0xff, 0xff, 0xff,
  0xff, 0xff, 0xff, 0xff, 0xff, 0xff, 0xff, 0xff, 0xff, 0xff, 0xff, 0xff, 0xff, 0xff, 0xff, 0xff,
  0xff, 0xff, 0xff, 0xff, 0xff, 0xff, 0xff, 0xff, 0xff, 0xff, 0xff, 0xff, 0xff, 0xff, 0xff, 0xff,
  0xff, 0xff, 0xff, 0xff, 0xff, 0xff, 0xff, 0xff, 0xff, 0xff, 0xff, 0xff, 0xff, 0xff, 0xff, 0xff,
  0xff, 0xff, 0xff, 0xff, 0xff, 0xff, 0xff, 0xff, 0xff, 0xff, 0xff, 0xff, 0xff, 0xff, 0xff, 0xff,
  0xff, 0xff, 0xff, 0xff, 0xff, 0xff, 0xff, 0xff, 0xff, 0xff, 0xff, 0xff, 0xff, 0xff, 0xff, 0xff,
  0xff, 0xff, 0xff, 0xff, 0xff, 0xff, 0xff, 0xff, 0xff, 0xff, 0xff, 0xff, 0xff, 0xff, 0xff, 0xff,
  0xff, 0xff, 0xff, 0xff, 0xff, 0xff, 0xff, 0xff, 0xff, 0xff, 0xff, 0xff, 0xff, 0xff, 0xff, 0xff,
  0xff, 0xff, 0xff, 0xff, 0xff, 0xff, 0xff, 0xff, 0xff, 0xff, 0xff, 0xff, 0xff, 0xff, 0xff, 0xff,
  0xff, 0xff, 0xff, 0xff, 0xff, 0xff, 0xff, 0xff, 0xff, 0xff, 0xff, 0xff, 0xff, 0xff, 0xff, 0xff,
  0xff, 0xff, 0xff, 0xff, 0xff, 0xff, 0xff, 0xff, 0xff, 0xff, 0xff, 0xff, 0xff, 0xff, 0xff, 0xff,
  0xff, 0xff, 0xff, 0xff, 0xff, 0xff, 0xff, 0xff, 0xff, 0xff, 0xff, 0xff, 0xff, 0xff, 0xff, 0xff,
  0xff, 0xff, 0xff, 0xff, 0xff, 0xff, 0xff, 0xff, 0xff, 0xff, 0xff, 0xff, 0xff, 0xff, 0xff, 0xff,
  0xff, 0xff, 0xff, 0xff, 0xff, 0xff, 0xff, 0xff, 0xff, 0xff, 0xff, 0xff, 0xff, 0xff, 0xff, 0xff,
  0xff, 0xff, 0xff, 0xff, 0xff, 0xff, 0xff, 0xff, 0xff, 0xff, 0xff, 0xff, 0xff, 0xff, 0xff, 0xff,
  0xff, 0xff, 0xff, 0xff, 0xff, 0xff, 0xff, 0xff, 0xff, 0xff, 0xff, 0xff, 0xff, 0xff, 0xff, 0xff,
  0xff, 0xff, 0xff, 0xff, 0xff, 0xff, 0xff, 0xff, 0xff, 0xff, 0xff, 0xff, 0xff, 0xff, 0xff, 0xff,
  0xff, 0xff, 0xff, 0xff, 0xff, 0xff, 0xff, 0xff, 0xff, 0xff, 0xff, 0xff, 0xff, 0xff, 0xff, 0xff,
  0xff, 0xff, 0xff, 0xff, 0xff, 0xff, 0xff, 0xff, 0xff, 0xff, 0xff, 0xff, 0xff, 0xff, 0xff, 0xff,
  0xff, 0xff, 0xff, 0xff, 0xff, 0xff, 0xff, 0xff, 0xff, 0xff, 0xff, 0xff, 0xff, 0xff, 0xff, 0xff,
  0xff, 0xff, 0xff, 0xff, 0xff, 0xff, 0xff, 0xff, 0xff, 0xff, 0xff, 0xff, 0xff, 0xff, 0xff, 0xff,
  0xff, 0xff, 0xff, 0xff, 0xff, 0xff, 0xff, 0xff, 0xff, 0xff, 0xff, 0xff, 0xff, 0xff, 0xff, 0xff,
  0xff, 0xff, 0xff, 0xff, 0xff, 0xff, 0xff, 0xff, 0xff, 0xff, 0xff, 0xff, 0xff, 0xff, 0xff, 0xff,
  0xff, 0xff, 0xff, 0xff, 0xff, 0xff, 0xff, 0xff, 0xff, 0xff, 0xff, 0xff, 0xff, 0xff, 0xff, 0xff,
  0xff, 0xff, 0xff, 0xff, 0xff, 0xff, 0xff, 0xff, 0xff, 0xff, 0xff, 0xff, 0xff, 0xff, 0xff, 0xff,
  0xff, 0xff, 0xff, 0xff, 0xff, 0xff, 0xff, 0xff, 0xff, 0xff, 0xff, 0xff, 0xff, 0xff, 0xff, 0xff,
  0xff, 0xff, 0xff, 0xff, 0xff, 0xff, 0xff, 0xff, 0xff, 0xff, 0xff, 0xff, 0xff, 0xff, 0xff, 0xff,
  0xff, 0xff, 0xff, 0xff, 0xff, 0xff, 0xff, 0xff, 0xff, 0xff, 0xff, 0xff, 0xff, 0xff, 0xff, 0xff,
  0xff, 0xff, 0xff, 0xff, 0xff, 0xff, 0xff, 0xff, 0xff, 0xff, 0xff, 0xff, 0xff, 0xff, 0xff, 0xff,
  0xff, 0xff, 0xff, 0xff, 0xff, 0xff, 0xff, 0xff, 0xff, 0xff, 0xff, 0xff, 0xff, 0xff, 0xff, 0xff,
  0xff, 0xff, 0xff, 0xff, 0xff, 0xff, 0xff, 0xff, 0xff, 0xff, 0xff, 0xff, 0xff, 0xff, 0xff, 0xff,
  0xff, 0xff, 0xff, 0xff, 0xff, 0xff, 0xff, 0xff, 0xff, 0xff, 0xff, 0xff, 0xff, 0xff, 0xff, 0xff,
  0xff, 0xff, 0xff, 0xff, 0xff, 0xff, 0xff, 0xff, 0xff, 0xff, 0xff, 0xff, 0xff, 0xff, 0xff, 0xff,
  0xff, 0xff, 0xff, 0xff, 0xff, 0xff, 0xff, 0xff, 0xff, 0xff, 0xff, 0xff, 0xff, 0xff, 0xff, 0xff,
  0xff, 0xff, 0xff, 0xff, 0xff, 0xff, 0xff, 0xff, 0xff, 0xff, 0xff, 0xff, 0xff, 0xff, 0xff, 0xff,
  0xff, 0xff, 0xff, 0xff, 0xff, 0xff, 0xff, 0xff, 0xff, 0xff, 0xff, 0xff, 0xff, 0xff, 0xff, 0xff,
  0xff, 0xff, 0xff, 0xff, 0xff, 0xff, 0xff, 0xff, 0xff, 0xff, 0xff, 0xff, 0xff, 0xff, 0xff, 0xff,
  0xff, 0xff, 0xff, 0xff, 0xff, 0xff, 0xff, 0xff, 0xff, 0xff, 0xff, 0xff, 0xff, 0xff, 0xff, 0xff,
  0xff, 0xff, 0xff, 0xff, 0xff, 0xff, 0xff, 0xff, 0xff, 0xff, 0xff, 0xff, 0xff, 0xff, 0xff, 0xff,
  0xff, 0xff, 0xff, 0xff, 0xff, 0xff, 0xff, 0xff, 0xff, 0xff, 0xff, 0xff, 0xff, 0xff, 0xff, 0xff,
  0xff, 0xff, 0xff, 0xff, 0xff, 0xff, 0xff, 0xff, 0xff, 0xff, 0xff, 0xff, 0xff, 0xff, 0xff, 0xff,
  0xff, 0xff, 0xff, 0xff, 0xff, 0xff, 0xff, 0xff, 0xff, 0xff, 0xff, 0xff, 0xff, 0xff, 0xff, 0xff,
  0xff, 0xff, 0xff, 0xff, 0xff, 0xff, 0xff, 0xff, 0xff, 0xff, 0xff, 0xff, 0xff, 0xff, 0xff, 0xff,
  0xff, 0xff, 0xff, 0xff, 0xff, 0xff, 0xff, 0xff, 0xff, 0xff, 0xff, 0xff, 0xff, 0xff, 0xff, 0xff,
  0xff, 0xff, 0xff, 0xff, 0xff, 0xff, 0xff, 0xff, 0xff, 0xff, 0xff, 0xff, 0xff, 0xff, 0xff, 0xff,
  0xff, 0xff, 0xff, 0xff, 0xff, 0xff, 0xff, 0xff, 0xff, 0xff, 0xff, 0xff, 0xff, 0xff, 0xff, 0xff,
  0xff, 0xff, 0xff, 0xff, 0xff, 0xff, 0xff, 0xff, 0xff, 0xff, 0xff, 0xff, 0xff, 0xff, 0xff, 0xff,
  0xff, 0xff, 0xff, 0xff, 0xff, 0xff, 0xff, 0xff, 0xff, 0xff, 0xff, 0xff, 0xff, 0xff, 0xff, 0xff,
  0xff, 0xff, 0xff, 0xff, 0xff, 0xff, 0xff, 0xff, 0xff, 0xff, 0xff, 0xff, 0xff, 0xff, 0xff, 0xff,
  0xff, 0xff, 0xff, 0xff, 0xff, 0xff, 0xff, 0xff, 0xff, 0xff, 0xff, 0xff, 0xff, 0xff, 0xff, 0xff,
  0xff, 0xff, 0xff, 0xff, 0xff, 0xff, 0xff, 0xff, 0xff, 0xff, 0xff, 0xff, 0xff, 0xff, 0xff, 0xff,
  0xff, 0xff, 0xff, 0xff, 0xff, 0xff, 0xff, 0xff, 0xff, 0xff, 0xff, 0xff, 0xff, 0xff, 0xff, 0xff,
  0xff, 0xff, 0xff, 0xff, 0xff, 0xff, 0xff, 0xff, 0xff, 0xff, 0xff, 0xff, 0xff, 0xff, 0xff, 0xff,
  0xff, 0xff, 0xff, 0xff, 0xff, 0xff, 0xff, 0xff, 0xff, 0xff, 0xff, 0xff, 0xff, 0xff, 0xff, 0xff,
  0xff, 0xff, 0xff, 0xff, 0xff, 0xff, 0xff, 0xff, 0xff, 0xff, 0xff, 0xff, 0xff, 0xff, 0xff, 0xff,
  0xff, 0xff, 0xff, 0xff, 0xff, 0xff, 0xff, 0xff, 0xff, 0xff, 0xff, 0xff, 0xff, 0xff, 0xff, 0xff,
  0xff, 0xff, 0xff, 0xff, 0xff, 0xff, 0xff, 0xff, 0xff, 0xff, 0xff, 0xff, 0xff, 0xff, 0xff, 0xff,
  0xff, 0xff, 0xff, 0xff, 0xff, 0xff, 0xff, 0xff, 0xff, 0xff, 0xff, 0xff, 0xff, 0xff, 0xff, 0xff,
  0xff, 0xff, 0xff, 0xff, 0xff, 0xff, 0xff, 0xff, 0xff, 0xff, 0xff, 0xff, 0xff, 0xff, 0xff, 0xff,
  0xff, 0xff, 0xff, 0xff, 0xff, 0xff, 0xff, 0xff, 0xff, 0xff, 0xff, 0xff, 0xff, 0xff, 0xff, 0xff,
  0xff, 0xff, 0xff, 0xff, 0xff, 0xff, 0xff, 0xff, 0xff, 0xff, 0xff, 0xff, 0xff, 0xff, 0xff, 0xff,
  0xff, 0xff, 0xff, 0xff, 0xff, 0xff, 0xff, 0xff, 0xff, 0xff, 0xff, 0xff, 0xff, 0xff, 0xff, 0xff,
  0xff, 0xff, 0xff, 0xff, 0xff, 0xff, 0xff, 0xff, 0xff, 0xff, 0xff, 0xff, 0xff, 0xff, 0xff, 0xff,
  0xff, 0xff, 0xff, 0xff, 0xff, 0xff, 0xff, 0xff, 0xff, 0xff, 0xff, 0xff, 0xff, 0xff, 0xff, 0xff,
  0xff, 0xff, 0xff, 0xff, 0xff, 0xff, 0xff, 0xff, 0xff, 0xff, 0xff, 0xff, 0xff, 0xff, 0xff, 0xff,
  0xff, 0xff, 0xff, 0xff, 0xff, 0xff, 0xff, 0xff, 0xff, 0xff, 0xff, 0xff, 0xff, 0xff, 0xff, 0xff,
  0xff, 0xff, 0xff, 0xff, 0xff, 0xff, 0xff, 0xff, 0xff, 0xff, 0xff, 0xff, 0xff, 0xff, 0xff, 0xff,
  0xff, 0xff, 0xff, 0xff, 0xff, 0xff, 0xff, 0xff, 0xff, 0xff, 0xff, 0xff, 0xff, 0xff, 0xff, 0xff,
  0xff, 0xff, 0xff, 0xff, 0xff, 0xff, 0xff, 0xff, 0xff, 0xff, 0xff, 0xff, 0xff, 0xff, 0xff, 0xff,
  0xff, 0xff, 0xff, 0xff, 0xff, 0xff, 0xff, 0xff, 0xff, 0xff, 0xff, 0xff, 0xff, 0xff, 0xff, 0xff,
  0xff, 0xff, 0xff, 0xff, 0xff, 0xff, 0xff, 0xff, 0xff, 0xff, 0xff, 0xff, 0xff, 0xff, 0xff, 0xff,
  0xff, 0xff, 0xff, 0xff, 0xff, 0xff, 0xff, 0xff, 0xff, 0xff, 0xff, 0xff, 0xff, 0xff, 0xff, 0xff,
  0xff, 0xff, 0xff, 0xff, 0xff, 0xff, 0xff, 0xff, 0xff, 0xff, 0xff, 0xff, 0xff, 0xff, 0xff, 0xff,
  0xff, 0xff, 0xff, 0xff, 0xff, 0xff, 0xff, 0xff, 0xff, 0xff, 0xff, 0xff, 0xff, 0xff, 0xff, 0xff,
  0xff, 0xff, 0xff, 0xff, 0xff, 0xff, 0xff, 0xff, 0xff, 0xff, 0xff, 0xff, 0xff, 0xff, 0xff, 0xff,
  0xff, 0xff, 0xff, 0xff, 0xff, 0xff, 0xff, 0xff, 0xff, 0xff, 0xff, 0xff, 0xff, 0xff, 0xff, 0xff,
  0xff, 0xff, 0xff, 0xff, 0xff, 0xff, 0xff, 0xff, 0xff, 0xff, 0xff, 0xff, 0xff, 0xff, 0xff, 0xff,
  0xff, 0xff, 0xff, 0xff, 0xff, 0xff, 0xff, 0xff, 0xff, 0xff, 0xff, 0xff, 0xff, 0xff, 0xff, 0xff,
  0xff, 0xff, 0xff, 0xff, 0xff, 0xff, 0xff, 0xff, 0xff, 0xff, 0xff, 0xff, 0xff, 0xff, 0xff, 0xff,
  0xff, 0xff, 0xff, 0xff, 0xff, 0xff, 0xff, 0xff, 0xff, 0xff, 0xff, 0xff, 0xff, 0xff, 0xff, 0xff,
  0xff, 0xff, 0xff, 0xff, 0xff, 0xff, 0xff, 0xff, 0xff, 0xff, 0xff, 0xff, 0xff, 0xff, 0xff, 0xff,
  0xff, 0xff, 0xff, 0xff, 0xff, 0xff, 0xff, 0xff, 0xff, 0xff, 0xff, 0xff, 0xff, 0xff, 0xff, 0xff,
  0xff, 0xff, 0xff, 0xff, 0xff, 0xff, 0xff, 0xff, 0xff, 0xff, 0xff, 0xff, 0xff, 0xff, 0xff, 0xff,
  0xff, 0xff, 0xff, 0xff, 0xff, 0xff, 0xff, 0xff, 0xff, 0xff, 0xff, 0xff, 0xff, 0xff, 0xff, 0xff,
  0xff, 0xff, 0xff, 0xff, 0xff, 0xff, 0xff, 0xff, 0xff, 0xff, 0xff, 0xff, 0xff, 0xff, 0xff, 0xff,
  0xff, 0xff, 0xff, 0xff, 0xff, 0xff, 0xff, 0xff, 0xff, 0xff, 0xff, 0xff, 0xff, 0xff, 0xff, 0xff,
  0xff, 0xff, 0xff, 0xff, 0xff, 0xff, 0xff, 0xff, 0xff, 0xff, 0xff, 0xff, 0xff, 0xff, 0xff, 0xff,
  0xff, 0xff, 0xff, 0xff, 0xff, 0xff, 0xff, 0xff, 0xff, 0xff, 0xff, 0xff, 0xff, 0xff, 0xff, 0xff,
  0xff, 0xff, 0xff, 0xff, 0xff, 0xff, 0xff, 0xff, 0xff, 0xff, 0xff, 0xff, 0xff, 0xff, 0xff, 0xff,
  0xff, 0xff, 0xff, 0xff, 0xff, 0xff, 0xff, 0xff, 0xff, 0xff, 0xff, 0xff, 0xff, 0xff, 0xff, 0xff,
  0xff, 0xff, 0xff, 0xff, 0xff, 0xff, 0xff, 0xff, 0xff, 0xff, 0xff, 0xff, 0xff, 0xff, 0xff, 0xff,
  0xff, 0xff, 0xff, 0xff, 0xff, 0xff, 0xff, 0xff, 0xff, 0xff, 0xff, 0xff, 0xff, 0xff, 0xff, 0xff,
  0xff, 0xff, 0xff, 0xff, 0xff, 0xff, 0xff, 0xff, 0xff, 0xff, 0xff, 0xff, 0xff, 0xff, 0xff, 0xff,
  0xff, 0xff, 0xff, 0xff, 0xff, 0xff, 0xff, 0xff, 0xff, 0xff, 0xff, 0xff, 0xff, 0xff, 0xff, 0xff,
  0xff, 0xff, 0xff, 0xff, 0xff, 0xff, 0xff, 0xff, 0xff, 0xff, 0xff, 0xff, 0xff, 0xff, 0xff, 0xff,
  0xff, 0xff, 0xff, 0xff, 0xff, 0xff, 0xff, 0xff, 0xff, 0xff, 0xff, 0xff, 0xff, 0xff, 0xff, 0xff,
  0xff, 0xff, 0xff, 0xff, 0xff, 0xff, 0xff, 0xff, 0xff, 0xff, 0xff, 0xff, 0xff, 0xff, 0xff, 0xff,
  0xff, 0xff, 0xff, 0xff, 0xff, 0xff, 0xff, 0xff, 0xff, 0xff, 0xff, 0xff, 0xff, 0xff, 0xff, 0xff,
  0xff, 0xff, 0xff, 0xff, 0xff, 0xff, 0xff, 0xff, 0xff, 0xff, 0xff, 0xff, 0xff, 0xff, 0xff, 0xff,
  0xff, 0xff, 0xff, 0xff, 0xff, 0xff, 0xff, 0xff, 0xff, 0xff, 0xff, 0xff, 0xff, 0xff, 0xff, 0xff,
  0xff, 0xff, 0xff, 0xff, 0xff, 0xff, 0xff, 0xff, 0xff, 0xff, 0xff, 0xff, 0xff, 0xff, 0xff, 0xff,
  0xff, 0xff, 0xff, 0xff, 0xff, 0xff, 0xff, 0xff, 0xff, 0xff, 0xff, 0xff, 0xff, 0xff, 0xff, 0xff,
  0xff, 0xff, 0xff, 0xff, 0xff, 0xff, 0xff, 0xff, 0xff, 0xff, 0xff, 0xff, 0xff, 0xff, 0xff, 0xff,
  0xff, 0xff, 0xff, 0xff, 0xff, 0xff, 0xff, 0xff, 0xff, 0xff, 0xff, 0xff, 0xff, 0xff, 0xff, 0xff,
  0xff, 0xff, 0xff, 0xff, 0xff, 0xff, 0xff, 0xff, 0xff, 0xff, 0xff, 0xff, 0xff, 0xff, 0xff, 0xff,
  0xff, 0xff, 0xff, 0xff, 0xff, 0xff, 0xff, 0xff, 0xff, 0xff, 0xff, 0xff, 0xff, 0xff, 0xff, 0xff,
  0xff, 0xff, 0xff, 0xff, 0xff, 0xff, 0xff, 0xff, 0xff, 0xff, 0xff, 0xff, 0xff, 0xff, 0xff, 0xff,
  0xff, 0xff, 0xff, 0xff, 0xff, 0xff, 0xff, 0xff, 0xff, 0xff, 0xff, 0xff, 0xff, 0xff, 0xff, 0xff,
  0xff, 0xff, 0xff, 0xff, 0xff, 0xff, 0xff, 0xff, 0xff, 0xff, 0xff, 0xff, 0xff, 0xff, 0xff, 0xff,
  0xff, 0xff, 0xff, 0xff, 0xff, 0xff, 0xff, 0xff, 0xff, 0xff, 0xff, 0xff, 0xff, 0xff, 0xff, 0xff,
  0xff, 0xff, 0xff, 0xff, 0xff, 0xff, 0xff, 0xff, 0xff, 0xff, 0xff, 0xff, 0xff, 0xff, 0xff, 0xff,
  0xff, 0xff, 0xff, 0xff, 0xff, 0xff, 0xff, 0xff, 0xff, 0xff, 0xff, 0xff, 0xff, 0xff, 0xff, 0xff,
  0xff, 0xff, 0xff, 0xff, 0xff, 0xff, 0xff, 0xff, 0xff, 0xff, 0xff, 0xff, 0xff, 0xff, 0xff, 0xff,
  0xff, 0xff, 0xff, 0xff, 0xff, 0xff, 0xff, 0xff, 0xff, 0xff, 0xff, 0xff, 0xff, 0xff, 0xff, 0xff,
  0xff, 0xff, 0xff, 0xff, 0xff, 0xff, 0xff, 0xff, 0xff, 0xff, 0xff, 0xff, 0xff, 0xff, 0xff, 0xff,
  0xff, 0xff, 0xff, 0xff, 0xff, 0xff, 0xff, 0xff, 0xff, 0xff, 0xff, 0xff, 0xff, 0xff, 0xff, 0xff,
  0xff, 0xff, 0xff, 0xff, 0xff, 0xff, 0xff, 0xff, 0xff, 0xff, 0xff, 0xff, 0xff, 0xff, 0xff, 0xff,
  0xff, 0xff, 0xff, 0xff, 0xff, 0xff, 0xff, 0xff, 0xff, 0xff, 0xff, 0xff, 0xff, 0xff, 0xff, 0xff,
  0xff, 0xff, 0xff, 0xff, 0xff, 0xff, 0xff, 0xff, 0xff, 0xff, 0xff, 0xff, 0xff, 0xff, 0xff, 0xff,
  0xff, 0xff, 0xff, 0xff, 0xff, 0xff, 0xff, 0xff, 0xff, 0xff, 0xff, 0xff, 0xff, 0xff, 0xff, 0xff,
  0xff, 0xff, 0xff, 0xff, 0xff, 0xff, 0xff, 0xff, 0xff, 0xff, 0xff, 0xff, 0xff, 0xff, 0xff, 0xff,
  0xff, 0xff, 0xff, 0xff, 0xff, 0xff, 0xff, 0xff, 0xff, 0xff, 0xff, 0xff, 0xff, 0xff, 0xff, 0xff,
  0xff, 0xff, 0xff, 0xff, 0xff, 0xff, 0xff, 0xff, 0xff, 0xff, 0xff, 0xff, 0xff, 0xff, 0xff, 0xff,
  0xff, 0xff, 0xff, 0xff, 0xff, 0xff, 0xff, 0xff, 0xff, 0xff, 0xff, 0xff, 0xff, 0xff, 0xff, 0xff,
  0xff, 0xff, 0xff, 0xff, 0xff, 0xff, 0xff, 0xff, 0xff, 0xff, 0xff, 0xff, 0xff, 0xff, 0xff, 0xff,
  0xff, 0xff, 0xff, 0xff, 0xff, 0xff, 0xff, 0xff, 0xff, 0xff, 0xff, 0xff, 0xff, 0xff, 0xff, 0xff,
  0xff, 0xff, 0xff, 0xff, 0xff, 0xff, 0xff, 0xff, 0xff, 0xff, 0xff, 0xff, 0xff, 0xff, 0xff, 0xff,
  0xff, 0xff, 0xff, 0xff, 0xff, 0xff, 0xff, 0xff, 0xff, 0xff, 0xff, 0xff, 0xff, 0xff, 0xff, 0xff,
  0xff, 0xff, 0xff, 0xff, 0xff, 0xff, 0xff, 0xff, 0xff, 0xff, 0xff, 0xff, 0xff, 0xff, 0xff, 0xff,
  0xff, 0xff, 0xff, 0xff, 0xff, 0xff, 0xff, 0xff, 0xff, 0xff, 0xff, 0xff, 0xff, 0xff, 0xff, 0xff,
  0xff, 0xff, 0xff, 0xff, 0xff, 0xff, 0xff, 0xff, 0xff, 0xff, 0xff, 0xff, 0xff, 0xff, 0xff, 0xff,
  0xff, 0xff, 0xff, 0xff, 0xff, 0xff, 0xff, 0xff, 0xff, 0xff, 0xff, 0xff, 0xff, 0xff, 0xff, 0xff,
  0xff, 0xff, 0xff, 0xff, 0xff, 0xff, 0xff, 0xff, 0xff, 0xff, 0xff, 0xff, 0xff, 0xff, 0xff, 0xff,
  0xff, 0xff, 0xff, 0xff, 0xff, 0xff, 0xff, 0xff, 0xff, 0xff, 0xff, 0xff, 0xff, 0xff, 0xff, 0xff,
  0xff, 0xff, 0xff, 0xff, 0xff, 0xff, 0xff, 0xff, 0xff, 0xff, 0xff, 0xff, 0xff, 0xff, 0xff, 0xff,
  0xff, 0xff, 0xff, 0xff, 0xff, 0xff, 0xff, 0xff, 0xff, 0xff, 0xff, 0xff, 0xff, 0xff, 0xff, 0xff,
  0xff, 0xff, 0xff, 0xff, 0xff, 0xff, 0xff, 0xff, 0xff, 0xff, 0xff, 0xff, 0xff, 0xff, 0xff, 0xff,
  0xff, 0xff, 0xff, 0xff, 0xff, 0xff, 0xff, 0xff, 0xff, 0xff, 0xff, 0xff, 0xff, 0xff, 0xff, 0xff,
  0xff, 0xff, 0xff, 0xff, 0xff, 0xff, 0xff, 0xff, 0xff, 0xff, 0xff, 0xff, 0xff, 0xff, 0xff, 0xff,
  0xff, 0xff, 0xff, 0xff, 0xff, 0xff, 0xff, 0xff, 0xff, 0xff, 0xff, 0xff, 0xff, 0xff, 0xff, 0xff,
  0xff, 0xff, 0xff, 0xff, 0xff, 0xff, 0xff, 0xff, 0xff, 0xff, 0xff, 0xff, 0xff, 0xff, 0xff, 0xff,
  0xff, 0xff, 0xff, 0xff, 0xff, 0xff, 0xff, 0xff, 0xff, 0xff, 0xff, 0xff, 0xff, 0xff, 0xff, 0xff,
  0xff, 0xff, 0xff, 0xff, 0xff, 0xff, 0xff, 0xff, 0xff, 0xff, 0xff, 0xff, 0xff, 0xff, 0xff, 0xff,
  0xff, 0xff, 0xff, 0xff, 0xff, 0xff, 0xff, 0xff, 0xff, 0xff, 0xff, 0xff, 0xff, 0xff, 0xff, 0xff,
  0xff, 0xff, 0xff, 0xff, 0xff, 0xff, 0xff, 0xff, 0xff, 0xff, 0xff, 0xff, 0xff, 0xff, 0xff, 0xff,
  0xff, 0xff, 0xff, 0xff, 0xff, 0xff, 0xff, 0xff, 0xff, 0xff, 0xff, 0xff, 0xff, 0xff, 0xff, 0xff,
  0xff, 0xff, 0xff, 0xff, 0xff, 0xff, 0xff, 0xff, 0xff, 0xff, 0xff, 0xff, 0xff, 0xff, 0xff, 0xff,
  0xff, 0xff, 0xff, 0xff, 0xff, 0xff, 0xff, 0xff, 0xff, 0xff, 0xff, 0xff, 0xff, 0xff, 0xff, 0xff,
  0xff, 0xff, 0xff, 0xff, 0xff, 0xff, 0xff, 0xff, 0xff, 0xff, 0xff, 0xff, 0xff, 0xff, 0xff, 0xff,
  0xff, 0xff, 0xff, 0xff, 0xff, 0xff, 0xff, 0xff, 0xff, 0xff, 0xff, 0xff, 0xff, 0xff, 0xff, 0xff,
  0xff, 0xff, 0xff, 0xff, 0xff, 0xff, 0xff, 0xff, 0xff, 0xff, 0xff, 0xff, 0xff, 0xff, 0xff, 0xff,
  0xff, 0xff, 0xff, 0xff, 0xff, 0xff, 0xff, 0xff, 0xff, 0xff, 0xff, 0xff, 0xff, 0xff, 0xff, 0xff,
  0xff, 0xff, 0xff, 0xff, 0xff, 0xff, 0xff, 0xff, 0xff, 0xff, 0xff, 0xff, 0xff, 0xff, 0xff, 0xff,
  0xff, 0xff, 0xff, 0xff, 0xff, 0xff, 0xff, 0xff, 0xff, 0xff, 0xff, 0xff, 0xff, 0xff, 0xff, 0xff,
  0xff, 0xff, 0xff, 0xff, 0xff, 0xff, 0xff, 0xff, 0xff, 0xff, 0xff, 0xff, 0xff, 0xff, 0xff, 0xff,
  0xff, 0xff, 0xff, 0xff, 0xff, 0xff, 0xff, 0xff, 0xff, 0xff, 0xff, 0xff, 0xff, 0xff, 0xff, 0xff,
  0xff, 0xff, 0xff, 0xff, 0xff, 0xff, 0xff, 0xff, 0xff, 0xff, 0xff, 0xff, 0xff, 0xff, 0xff, 0xff,
  0xff, 0xff, 0xff, 0xff, 0xff, 0xff, 0xff, 0xff, 0xff, 0xff, 0xff, 0xff, 0xff, 0xff, 0xff, 0xff,
  0xff, 0xff, 0xff, 0xff, 0xff, 0xff, 0xff, 0xff, 0xff, 0xff, 0xff, 0xff, 0xff, 0xff, 0xff, 0xff,
  0xff, 0xff, 0xff, 0xff, 0xff, 0xff, 0xff, 0xff, 0xff, 0xff, 0xff, 0xff, 0xff, 0xff, 0xff, 0xff,
  0xff, 0xff, 0xff, 0xff, 0xff, 0xff, 0xff, 0xff, 0xff, 0xff, 0xff, 0xff, 0xff, 0xff, 0xff, 0xff,
  0xff, 0xff, 0xff, 0xff, 0xff, 0xff, 0xff, 0xff, 0xff, 0xff, 0xff, 0xff, 0xff, 0xff, 0xff, 0xff,
  0xff, 0xff, 0xff, 0xff, 0xff, 0xff, 0xff, 0xff, 0xff, 0xff, 0xff, 0xff, 0xff, 0xff, 0xff, 0xff,
  0xff, 0xff, 0xff, 0xff, 0xff, 0xff, 0xff, 0xff, 0xff, 0xff, 0xff, 0xff, 0xff, 0xff, 0xff, 0xff,
  0xff, 0xff, 0xff, 0xff, 0xff, 0xff, 0xff, 0xff, 0xff, 0xff, 0xff, 0xff, 0xff, 0xff, 0xff, 0xff,
  0xff, 0xff, 0xff, 0xff, 0xff, 0xff, 0xff, 0xff, 0xff, 0xff, 0xff, 0xff, 0xff, 0xff, 0xff, 0xff,
  0xff, 0xff, 0xff, 0xff, 0xff, 0xff, 0xff, 0xff, 0xff, 0xff, 0xff, 0xff, 0xff, 0xff, 0xff, 0xff,
  0xff, 0xff, 0xff, 0xff, 0xff, 0xff, 0xff, 0xff, 0xff, 0xff, 0xff, 0xff, 0xff, 0xff, 0xff, 0xff,
  0xff, 0xff, 0xff, 0xff, 0xff, 0xff, 0xff, 0xff, 0xff, 0xff, 0xff, 0xff, 0xff, 0xff, 0xff, 0xff,
  0xff, 0xff, 0xff, 0xff, 0xff, 0xff, 0xff, 0xff, 0xff, 0xff, 0xff, 0xff, 0xff, 0xff, 0xff, 0xff,
  0xff, 0xff, 0xff, 0xff, 0xff, 0xff, 0xff, 0xff, 0xff, 0xff, 0xff, 0xff, 0xff, 0xff, 0xff, 0xff,
  0xff, 0xff, 0xff, 0xff, 0xff, 0xff, 0xff, 0xff, 0xff, 0xff, 0xff, 0xff, 0xff, 0xff, 0xff, 0xff,
  0xff, 0xff, 0xff, 0xff, 0xff, 0xff, 0xff, 0xff, 0xff, 0xff, 0xff, 0xff, 0xff, 0xff, 0xff, 0xff,
  0xff, 0xff, 0xff, 0xff, 0xff, 0xff, 0xff, 0xff, 0xff, 0xff, 0xff, 0xff, 0xff, 0xff, 0xff, 0xff,
  0xff, 0xff, 0xff, 0xff, 0xff, 0xff, 0xff, 0xff, 0xff, 0xff, 0xff, 0xff, 0xff, 0xff, 0xff, 0xff,
  0xff, 0xff, 0xff, 0xff, 0xff, 0xff, 0xff, 0xff, 0xff, 0xff, 0xff, 0xff, 0xff, 0xff, 0xff, 0xff,
  0xff, 0xff, 0xff, 0xff, 0xff, 0xff, 0xff, 0xff, 0xff, 0xff, 0xff, 0xff, 0xff, 0xff, 0xff, 0xff,
  0xff, 0xff, 0xff, 0xff, 0xff, 0xff, 0xff, 0xff, 0xff, 0xff, 0xff, 0xff, 0xff, 0xff, 0xff, 0xff,
  0xff, 0xff, 0xff, 0xff, 0xff, 0xff, 0xff, 0xff, 0xff, 0xff, 0xff, 0xff, 0xff, 0xff, 0xff, 0xff,
  0xff, 0xff, 0xff, 0xff, 0xff, 0xff, 0xff, 0xff, 0xff, 0xff, 0xff, 0xff, 0xff, 0xff, 0xff, 0xff,
  0xff, 0xff, 0xff, 0xff, 0xff, 0xff, 0xff, 0xff, 0xff, 0xff, 0xff, 0xff, 0xff, 0xff, 0xff, 0xff,
  0xff, 0xff, 0xff, 0xff, 0xff, 0xff, 0xff, 0xff, 0xff, 0xff, 0xff, 0xff, 0xff, 0xff, 0xff, 0xff,
  0xff, 0xff, 0xff, 0xff, 0xff, 0xff, 0xff, 0xff, 0xff, 0xff, 0xff, 0xff, 0xff, 0xff, 0xff, 0xff,
  0xff, 0xff, 0xff, 0xff, 0xff, 0xff, 0xff, 0xff, 0xff, 0xff, 0xff, 0xff, 0xff, 0xff, 0xff, 0xff,
  0xff, 0xff, 0xff, 0xff, 0xff, 0xff, 0xff, 0xff, 0xff, 0xff, 0xff, 0xff, 0xff, 0xff, 0xff, 0xff,
  0xff, 0xff, 0xff, 0xff, 0xff, 0xff, 0xff, 0xff, 0xff, 0xff, 0xff, 0xff, 0xff, 0xff, 0xff, 0xff,
  0xff, 0xff, 0xff, 0xff, 0xff, 0xff, 0xff, 0xff, 0xff, 0xff, 0xff, 0xff, 0xff, 0xff, 0xff, 0xff,
  0xff, 0xff, 0xff, 0xff, 0xff, 0xff, 0xff, 0xff, 0xff, 0xff, 0xff, 0xff, 0xff, 0xff, 0xff, 0xff,
  0xff, 0xff, 0xff, 0xff, 0xff, 0xff, 0xff, 0xff, 0xff, 0xff, 0xff, 0xff, 0xff, 0xff, 0xff, 0xff,
  0xff, 0xff, 0xff, 0xff, 0xff, 0xff, 0xff, 0xff, 0xff, 0xff, 0xff, 0xff, 0xff, 0xff, 0xff, 0xff,
  0xff, 0xff, 0xff, 0xff, 0xff, 0xff, 0xff, 0xff, 0xff, 0xff, 0xff, 0xff, 0xff, 0xff, 0xff, 0xff,
  0xff, 0xff, 0xff, 0xff, 0xff, 0xff, 0xff, 0xff, 0xff, 0xff, 0xff, 0xff, 0xff, 0xff, 0xff, 0xff,
  0xff, 0xff, 0xff, 0xff, 0xff, 0xff, 0xff, 0xff, 0xff, 0xff, 0xff, 0xff, 0xff, 0xff, 0xff, 0xff,
  0xff, 0xff, 0xff, 0xff, 0xff, 0xff, 0xff, 0xff, 0xff, 0xff, 0xff, 0xff, 0xff, 0xff, 0xff, 0xff,
  0xff, 0xff, 0xff, 0xff, 0xff, 0xff, 0xff, 0xff, 0xff, 0xff, 0xff, 0xff, 0xff, 0xff, 0xff, 0xff,
  0xff, 0xff, 0xff, 0xff, 0xff, 0xff, 0xff, 0xff, 0xff, 0xff, 0xff, 0xff, 0xff, 0xff, 0xff, 0xff,
  0xff, 0xff, 0xff, 0xff, 0xff, 0xff, 0xff, 0xff, 0xff, 0xff, 0xff, 0xff, 0xff, 0xff, 0xff, 0xff,
  0xff, 0xff, 0xff, 0xff, 0xff, 0xff, 0xff, 0xff, 0xff, 0xff, 0xff, 0xff, 0xff, 0xff, 0xff, 0xff,
  0xff, 0xff, 0xff, 0xff, 0xff, 0xff, 0xff, 0xff, 0xff, 0xff, 0xff, 0xff, 0xff, 0xff, 0xff, 0xff,
  0xff, 0xff, 0xff, 0xff, 0xff, 0xff, 0xff, 0xff, 0xff, 0xff, 0xff, 0xff, 0xff, 0xff, 0xff, 0xff,
  0xff, 0xff, 0xff, 0xff, 0xff, 0xff, 0xff, 0xff, 0xff, 0xff, 0xff, 0xff, 0xff, 0xff, 0xff, 0xff,
  0xff, 0xff, 0xff, 0xff, 0xff, 0xff, 0xff, 0xff, 0xff, 0xff, 0xff, 0xff, 0xff, 0xff, 0xff, 0xff,
  0xff, 0xff, 0xff, 0xff, 0xff, 0xff, 0xff, 0xff, 0xff, 0xff, 0xff, 0xff, 0xff, 0xff, 0xff, 0xff,
  0xff, 0xff, 0xff, 0xff, 0xff, 0xff, 0xff, 0xff, 0xff, 0xff, 0xff, 0xff, 0xff, 0xff, 0xff, 0xff,
  0xff, 0xff, 0xff, 0xff, 0xff, 0xff, 0xff, 0xff, 0xff, 0xff, 0xff, 0xff, 0xff, 0xff, 0xff, 0xff,
  0xff, 0xff, 0xff, 0xff, 0xff, 0xff, 0xff, 0xff, 0xff, 0xff, 0xff, 0xff, 0xff, 0xff, 0xff, 0xff,
  0xff, 0xff, 0xff, 0xff, 0xff, 0xff, 0xff, 0xff, 0xff, 0xff, 0xff, 0xff, 0xff, 0xff, 0xff, 0xff,
  0xff, 0xff, 0xff, 0xff, 0xff, 0xff, 0xff, 0xff, 0xff, 0xff, 0xff, 0xff, 0xff, 0xff, 0xff, 0xff,
  0xff, 0xff, 0xff, 0xff, 0xff, 0xff, 0xff, 0xff, 0xff, 0xff, 0xff, 0xff, 0xff, 0xff, 0xff, 0xff,
  0xff, 0xff, 0xff, 0xff, 0xff, 0xff, 0xff, 0xff, 0xff, 0xff, 0xff, 0xff, 0xff, 0xff, 0xff, 0xff,
  0xff, 0xff, 0xff, 0xff, 0xff, 0xff, 0xff, 0xff, 0xff, 0xff, 0xff, 0xff, 0xff, 0xff, 0xff, 0xff,
  0xff, 0xff, 0xff, 0xff, 0xff, 0xff, 0xff, 0xff, 0xff, 0xff, 0xff, 0xff, 0xff, 0xff, 0xff, 0xff,
  0xff, 0xff, 0xff, 0xff, 0xff, 0xff, 0xff, 0xff, 0xff, 0xff, 0xff, 0xff, 0xff, 0xff, 0xff, 0xff,
  0xff, 0xff, 0xff, 0xff, 0xff, 0xff, 0xff, 0xff, 0xff, 0xff, 0xff, 0xff, 0xff, 0xff, 0xff, 0xff,
  0xff, 0xff, 0xff, 0xff, 0xff, 0xff, 0xff, 0xff, 0xff, 0xff, 0xff, 0xff, 0xff, 0xff, 0xff, 0xff,
  0xff, 0xff, 0xff, 0xff, 0xff, 0xff, 0xff, 0xff, 0xff, 0xff, 0xff, 0xff, 0xff, 0xff, 0xff, 0xff,
  0xff, 0xff, 0xff, 0xff, 0xff, 0xff, 0xff, 0xff, 0xff, 0xff, 0xff, 0xff, 0xff, 0xff, 0xff, 0xff,
  0xff, 0xff, 0xff, 0xff, 0xff, 0xff, 0xff, 0xff, 0xff, 0xff, 0xff, 0xff, 0xff, 0xff, 0xff, 0xff,
  0xff, 0xff, 0xff, 0xff, 0xff, 0xff, 0xff, 0xff, 0xff, 0xff, 0xff, 0xff, 0xff, 0xff, 0xff, 0xff,
  0xff, 0xff, 0xff, 0xff, 0xff, 0xff, 0xff, 0xff, 0xff, 0xff, 0xff, 0xff, 0xff, 0xff, 0xff, 0xff,
  0xff, 0xff, 0xff, 0xff, 0xff, 0xff, 0xff, 0xff, 0xff, 0xff, 0xff, 0xff, 0xff, 0xff, 0xff, 0xff,
  0xff, 0xff, 0xff, 0xff, 0xff, 0xff, 0xff, 0xff, 0xff, 0xff, 0xff, 0xff, 0xff, 0xff, 0xff, 0xff,
  0xff, 0xff, 0xff, 0xff, 0xff, 0xff, 0xff, 0xff, 0xff, 0xff, 0xff, 0xff, 0xff, 0xff, 0xff, 0xff,
  0xff, 0xff, 0xff, 0xff, 0xff, 0xff, 0xff, 0xff, 0xff, 0xff, 0xff, 0xff, 0xff, 0xff, 0xff, 0xff,
  0xff, 0xff, 0xff, 0xff, 0xff, 0xff, 0xff, 0xff, 0xff, 0xff, 0xff, 0xff, 0xff, 0xff, 0xff, 0xff,
  0xff, 0xff, 0xff, 0xff, 0xff, 0xff, 0xff, 0xff, 0xff, 0xff, 0xff, 0xff, 0xff, 0xff, 0xff, 0xff,
  0xff, 0xff, 0xff, 0xff, 0xff, 0xff, 0xff, 0xff, 0xff, 0xff, 0xff, 0xff, 0xff, 0xff, 0xff, 0xff,
  0xff, 0xff, 0xff, 0xff, 0xff, 0xff, 0xff, 0xff, 0xff, 0xff, 0xff, 0xff, 0xff, 0xff, 0xff, 0xff,
  0xff, 0xff, 0xff, 0xff, 0xff, 0xff, 0xff, 0xff, 0xff, 0xff, 0xff, 0xff, 0xff, 0xff, 0xff, 0xff,
  0xff, 0xff, 0xff, 0xff, 0xff, 0xff, 0xff, 0xff, 0xff, 0xff, 0xff, 0xff, 0xff, 0xff, 0xff, 0xff,
  0xff, 0xff, 0xff, 0xff, 0xff, 0xff, 0xff, 0xff, 0xff, 0xff, 0xff, 0xff, 0xff, 0xff, 0xff, 0xff,
  0xff, 0xff, 0xff, 0xff, 0xff, 0xff, 0xff, 0xff, 0xff, 0xff, 0xff, 0xff, 0xff, 0xff, 0xff, 0xff,
  0xff, 0xff, 0xff, 0xff, 0xff, 0xff, 0xff, 0xff, 0xff, 0xff, 0xff, 0xff, 0xff, 0xff, 0xff, 0xff,
  0xff, 0xff, 0xff, 0xff, 0xff, 0xff, 0xff, 0xff, 0xff, 0xff, 0xff, 0xff, 0xff, 0xff, 0xff, 0xff,
  0xff, 0xff, 0xff, 0xff, 0xff, 0xff, 0xff, 0xff, 0xff, 0xff, 0xff, 0xff, 0xff, 0xff, 0xff, 0xff,
  0xff, 0xff, 0xff, 0xff, 0xff, 0xff, 0xff, 0xff, 0xff, 0xff, 0xff, 0xff, 0xff, 0xff, 0xff, 0xff,
  0xff, 0xff, 0xff, 0xff, 0xff, 0xff, 0xff, 0xff, 0xff, 0xff, 0xff, 0xff, 0xff, 0xff, 0xff, 0xff,
  0xff, 0xff, 0xff, 0xff, 0xff, 0xff, 0xff, 0xff, 0xff, 0xff, 0xff, 0xff, 0xff, 0xff, 0xff, 0xff,
  0xff, 0xff, 0xff, 0xff, 0xff, 0xff, 0xff, 0xff, 0xff, 0xff, 0xff, 0xff, 0xff, 0xff, 0xff, 0xff,
  0xff, 0xff, 0xff, 0xff, 0xff, 0xff, 0xff, 0xff, 0xff, 0xff, 0xff, 0xff, 0xff, 0xff, 0xff, 0xff,
  0xff, 0xff, 0xff, 0xff, 0xff, 0xff, 0xff, 0xff, 0xff, 0xff, 0xff, 0xff, 0xff, 0xff, 0xff, 0xff,
  0xff, 0xff, 0xff, 0xff, 0xff, 0xff, 0xff, 0xff, 0xff, 0xff, 0xff, 0xff, 0xff, 0xff, 0xff, 0xff,
  0xff, 0xff, 0xff, 0xff, 0xff, 0xff, 0xff, 0xff, 0xff, 0xff, 0xff, 0xff, 0xff, 0xff, 0xff, 0xff,
  0xff, 0xff, 0xff, 0xff, 0xff, 0xff, 0xff, 0xff, 0xff, 0xff, 0xff, 0xff, 0xff, 0xff, 0xff, 0xff,
  0xff, 0xff, 0xff, 0xff, 0xff, 0xff, 0xff, 0xff, 0xff, 0xff, 0xff, 0xff, 0xff, 0xff, 0xff, 0xff,
  0xff, 0xff, 0xff, 0xff, 0xff, 0xff, 0xff, 0xff, 0xff, 0xff, 0xff, 0xff, 0xff, 0xff, 0xff, 0xff,
  0xff, 0xff, 0xff, 0xff, 0xff, 0xff, 0xff, 0xff, 0xff, 0xff, 0xff, 0xff, 0xff, 0xff, 0xff, 0xff,
  0xff, 0xff, 0xff, 0xff, 0xff, 0xff, 0xff, 0xff, 0xff, 0xff, 0xff, 0xff, 0xff, 0xff, 0xff, 0xff,
  0xff, 0xff, 0xff, 0xff, 0xff, 0xff, 0xff, 0xff, 0xff, 0xff, 0xff, 0xff, 0xff, 0xff, 0xff, 0xff,
  0xff, 0xff, 0xff, 0xff, 0xff, 0xff, 0xff, 0xff, 0xff, 0xff, 0xff, 0xff, 0xff, 0xff, 0xff, 0xff,
  0xff, 0xff, 0xff, 0xff, 0xff, 0xff, 0xff, 0xff, 0xff, 0xff, 0xff, 0xff, 0xff, 0xff, 0xff, 0xff,
  0xff, 0xff, 0xff, 0xff, 0xff, 0xff, 0xff, 0xff, 0xff, 0xff, 0xff, 0xff, 0xff, 0xff, 0xff, 0xff,
  0xff, 0xff, 0xff, 0xff, 0xff, 0xff, 0xff, 0xff, 0xff, 0xff, 0xff, 0xff, 0xff, 0xff, 0xff, 0xff,
};

const lv_image_dsc_t webscreen = {
  .header = {
    .magic = LV_IMAGE_HEADER_MAGIC,
    .cf = LV_COLOR_FORMAT_RGB565A8,
    .w = 440,
    .h = 56,
    .stride = 440 * 2,
  },
  .data_size = sizeof(webscreen_map),
  .data = webscreen_map,
};
